-- phpMyAdmin SQL Dump
-- version 3.4.5
-- http://www.phpmyadmin.net
--
-- Хост: localhost
-- Время создания: Сен 16 2013 г., 14:57
-- Версия сервера: 5.5.16
-- Версия PHP: 5.3.8

SET SQL_MODE="NO_AUTO_VALUE_ON_ZERO";
SET time_zone = "+00:00";


/*!40101 SET @OLD_CHARACTER_SET_CLIENT=@@CHARACTER_SET_CLIENT */;
/*!40101 SET @OLD_CHARACTER_SET_RESULTS=@@CHARACTER_SET_RESULTS */;
/*!40101 SET @OLD_COLLATION_CONNECTION=@@COLLATION_CONNECTION */;
/*!40101 SET NAMES utf8 */;

--
-- База данных: `art_art-cmf`
--

-- --------------------------------------------------------

--
-- Структура таблицы `banner`
--

DROP TABLE IF EXISTS `banner`;
CREATE TABLE IF NOT EXISTS `banner` (
  `banner_id` int(11) NOT NULL AUTO_INCREMENT,
  `banner_type_id` int(11) NOT NULL,
  `thumbnail` varchar(255) NOT NULL,
  `full` varchar(255) NOT NULL,
  `sort_order` int(11) NOT NULL,
  `status` int(11) NOT NULL,
  `lastmod` timestamp NOT NULL DEFAULT CURRENT_TIMESTAMP ON UPDATE CURRENT_TIMESTAMP,
  `author_id` int(11) NOT NULL,
  `last_edit_id` int(11) NOT NULL,
  PRIMARY KEY (`banner_id`)
) ENGINE=MyISAM  DEFAULT CHARSET=utf8 AUTO_INCREMENT=10 ;

--
-- Дамп данных таблицы `banner`
--

INSERT INTO `banner` (`banner_id`, `banner_type_id`, `thumbnail`, `full`, `sort_order`, `status`, `lastmod`, `author_id`, `last_edit_id`) VALUES
(5, 2, 'banner-image-5-100x60.jpg', 'banner-image-5.jpg', 0, 1, '2013-01-04 11:18:30', 0, 0);

-- --------------------------------------------------------

--
-- Структура таблицы `banner_translation`
--

DROP TABLE IF EXISTS `banner_translation`;
CREATE TABLE IF NOT EXISTS `banner_translation` (
  `banner_id` int(11) NOT NULL,
  `language_code` varchar(2) NOT NULL,
  `url` varchar(255) NOT NULL,
  `title` varchar(255) NOT NULL,
  `description` varchar(1024) NOT NULL,
  `description_img` varchar(1024) DEFAULT NULL,
  PRIMARY KEY (`banner_id`,`language_code`)
) ENGINE=MyISAM DEFAULT CHARSET=utf8;

--
-- Дамп данных таблицы `banner_translation`
--

INSERT INTO `banner_translation` (`banner_id`, `language_code`, `url`, `title`, `description`, `description_img`) VALUES
(5, 'ru', '/', 'Банер1', '', NULL);

-- --------------------------------------------------------

--
-- Структура таблицы `banner_type`
--

DROP TABLE IF EXISTS `banner_type`;
CREATE TABLE IF NOT EXISTS `banner_type` (
  `banner_type_id` int(11) NOT NULL AUTO_INCREMENT,
  `ident` varchar(255) NOT NULL,
  `name` varchar(255) NOT NULL,
  `description` text NOT NULL,
  `sort_order` int(11) NOT NULL,
  `status` tinyint(4) NOT NULL,
  `created_at` timestamp NOT NULL DEFAULT '0000-00-00 00:00:00',
  `updated_at` timestamp NOT NULL DEFAULT CURRENT_TIMESTAMP ON UPDATE CURRENT_TIMESTAMP,
  `created_who` int(11) NOT NULL,
  `updated_who` int(11) NOT NULL,
  PRIMARY KEY (`banner_type_id`),
  UNIQUE KEY `ident` (`ident`)
) ENGINE=MyISAM  DEFAULT CHARSET=utf8 AUTO_INCREMENT=4 ;

--
-- Дамп данных таблицы `banner_type`
--

INSERT INTO `banner_type` (`banner_type_id`, `ident`, `name`, `description`, `sort_order`, `status`, `created_at`, `updated_at`, `created_who`, `updated_who`) VALUES
(2, 'LEFT', 'Левый баннер', 'Размеры баннеров должны быть 200 × 280 px', 1, 1, '2011-11-30 14:07:51', '2012-11-27 08:07:28', 4, 3);

-- --------------------------------------------------------

--
-- Структура таблицы `blocking_ip`
--

DROP TABLE IF EXISTS `blocking_ip`;
CREATE TABLE IF NOT EXISTS `blocking_ip` (
  `ip` varchar(16) NOT NULL,
  `note` varchar(1024) DEFAULT NULL,
  `date` timestamp NOT NULL DEFAULT CURRENT_TIMESTAMP,
  `block_count` int(11) DEFAULT '0',
  PRIMARY KEY (`ip`)
) ENGINE=MyISAM DEFAULT CHARSET=utf8;

--
-- Дамп данных таблицы `blocking_ip`
--

INSERT INTO `blocking_ip` (`ip`, `note`, `date`, `block_count`) VALUES
('188.190.99.31', 'Бан!', '2013-03-30 05:04:54', 0),
('1231233123', 'dfsgdsfg', '2013-03-30 05:06:53', 0);

-- --------------------------------------------------------

--
-- Структура таблицы `catalog_category`
--

DROP TABLE IF EXISTS `catalog_category`;
CREATE TABLE IF NOT EXISTS `catalog_category` (
  `category_id` int(10) unsigned NOT NULL AUTO_INCREMENT,
  `name` varchar(200) NOT NULL,
  `parent_id` int(10) unsigned NOT NULL DEFAULT '0',
  `ident` varchar(200) NOT NULL,
  `thumbnail` varchar(200) DEFAULT NULL,
  `preview` varchar(200) DEFAULT NULL,
  `full` varchar(200) DEFAULT NULL,
  `sort_order` int(11) NOT NULL,
  `lastmod` timestamp NOT NULL DEFAULT CURRENT_TIMESTAMP ON UPDATE CURRENT_TIMESTAMP,
  `count_row` smallint(6) NOT NULL DEFAULT '3',
  `author_id` int(11) NOT NULL,
  `last_edit_id` int(11) NOT NULL,
  PRIMARY KEY (`category_id`),
  UNIQUE KEY `ident` (`ident`),
  KEY `parent` (`parent_id`)
) ENGINE=MyISAM  DEFAULT CHARSET=utf8 AUTO_INCREMENT=31 ;

--
-- Дамп данных таблицы `catalog_category`
--

INSERT INTO `catalog_category` (`category_id`, `name`, `parent_id`, `ident`, `thumbnail`, `preview`, `full`, `sort_order`, `lastmod`, `count_row`, `author_id`, `last_edit_id`) VALUES
(1, '', 0, 'velosipedyi', 'velosipedyi-1-184x121.jpg', 'velosipedyi-1-216x142.jpg', 'velosipedyi-1-900x600.jpg', 1, '2012-12-23 04:59:06', 3, 0, 0),
(2, '', 0, 'veloaksessuaryi', 'veloaksessuaryi-2-184x500.jpg', 'veloaksessuaryi-2-216x142.jpg', 'veloaksessuaryi-2-900x600.jpg', 2, '2012-12-23 05:04:05', 3, 0, 0),
(3, '', 0, 'velozapchasti', 'velozapchasti-3-184x500.jpg', 'velozapchasti-3-216x142.jpg', 'velozapchasti-3-900x600.jpg', 3, '2012-12-23 05:05:39', 3, 0, 0),
(4, '', 1, 'hardteylyi', 'hardteylyi-4-184x156.jpg', 'hardteylyi-4-216x142.jpg', 'hardteylyi-4-900x600.jpg', 0, '2013-01-13 06:53:35', 3, 0, 0),
(5, '', 0, 'sporttovaryi', 'sporttovaryi-5-184x500.jpg', 'sporttovaryi-5-216x142.jpg', 'sporttovaryi-5-900x600.jpg', 4, '2012-12-23 05:05:10', 3, 0, 0),
(6, '', 0, 'otdyih-i-turizm', 'otdyih-i-turizm-6-184x500.jpg', 'otdyih-i-turizm-6-216x142.jpg', 'otdyih-i-turizm-6-900x600.jpg', 5, '2012-12-23 05:11:51', 3, 0, 0),
(7, '', 1, 'dvuhpodvesyi', 'dvuhpodvesyi-7-184x156.jpg', 'dvuhpodvesyi-7-216x142.jpg', 'dvuhpodvesyi-7-900x600.jpg', 1, '2013-01-13 06:46:45', 3, 0, 0),
(9, '', 2, 'velokompyuteryi', 'velokompyuteryi-9-184x121.jpg', 'velokompyuteryi-9-216x142.jpg', 'velokompyuteryi-9-600x600.jpg', 1, '2012-12-11 16:04:02', 3, 0, 0),
(11, '', 1, 'velosipedyi-jenskie', 'velosipedyi-jenskie-11-184x156.jpg', 'velosipedyi-jenskie-11-216x142.jpg', 'velosipedyi-jenskie-11-900x600.jpg', 5, '2013-01-13 06:58:29', 3, 0, 0),
(12, '', 1, 'velosipedyi-detskie', 'velosipedyi-detskie-12-184x156.jpg', 'velosipedyi-detskie-12-216x142.jpg', 'velosipedyi-detskie-12-900x600.jpg', 6, '2013-01-13 07:02:15', 3, 0, 0),
(22, '', 1, 'velosipedyi-shosseynyie', 'velosipedyi-shosseynyie-22-184x156.jpg', 'velosipedyi-shosseynyie-22-216x142.jpg', 'velosipedyi-shosseynyie-22-900x600.jpg', 8, '2013-01-13 07:12:43', 3, 0, 0),
(15, '', 6, 'otdyih-i-turizm-palatki', NULL, NULL, NULL, 15, '2013-01-04 12:39:36', 3, 0, 0),
(18, '', 1, 'velosipedyi-nayneryi-29er', 'velosipedyi-nayneryi-29er-18-184x156.jpg', 'velosipedyi-nayneryi-29er-18-216x142.jpg', 'velosipedyi-nayneryi-29er-18-900x600.jpg', 3, '2013-01-13 06:50:29', 3, 0, 0),
(21, '', 1, 'velosipedyi-ekstremalnyie', 'velosipedyi-ekstremalnyie-21-184x156.jpg', 'velosipedyi-ekstremalnyie-21-216x142.jpg', 'velosipedyi-ekstremalnyie-21-900x600.jpg', 6, '2013-01-13 07:05:43', 3, 0, 0),
(20, '', 3, 'velozapchasti-vtulki', 'velozapchasti-vtulki-20-184x156.jpg', 'velozapchasti-vtulki-20-216x142.jpg', 'velozapchasti-vtulki-20-900x600.jpg', 20, '2013-01-18 08:27:37', 3, 0, 0),
(23, '', 1, '12', '12-23-184x156.jpg', '12-23-216x142.jpg', '12-23-900x600.jpg', 23, '2013-01-13 06:43:44', 3, 0, 0),
(24, '', 1, 'velosipedyi-kruizeryi', 'velosipedyi-kruizeryi-24-184x156.jpg', 'velosipedyi-kruizeryi-24-216x142.jpg', 'velosipedyi-kruizeryi-24-900x600.jpg', 24, '2013-01-13 07:15:20', 3, 0, 0),
(25, '', 2, 'velozapchasti-zaschita', 'velozapchasti-zaschita-25-184x156.jpg', 'velozapchasti-zaschita-25-216x142.jpg', 'velozapchasti-zaschita-25-900x600.jpg', 5, '2013-01-18 08:23:51', 3, 0, 0),
(26, '', 1, 'velosipedyi-krossovyie', 'velosipedyi-krossovyie-26-184x156.jpg', 'velosipedyi-krossovyie-26-216x142.jpg', 'velosipedyi-krossovyie-26-900x600.jpg', 15, '2013-01-17 02:33:12', 3, 0, 0),
(27, '', 1, 'velosipedyi-podrostkovyie', 'velosipedyi-podrostkovyie-27-184x156.jpg', 'velosipedyi-podrostkovyie-27-216x142.jpg', 'velosipedyi-podrostkovyie-27-900x600.jpg', 9, '2013-01-17 02:55:30', 3, 0, 0),
(28, '', 2, 'veloaksessuaryi-zvonki', NULL, NULL, NULL, 28, '2013-01-21 15:09:26', 3, 0, 0),
(29, '', 2, 'veloaksessuaryi-instrument', NULL, NULL, NULL, 29, '2013-01-21 15:11:19', 3, 0, 0),
(30, '', 3, 'velozapchasti-kameryi', NULL, NULL, NULL, 30, '2013-01-21 15:12:36', 3, 0, 0);

-- --------------------------------------------------------

--
-- Структура таблицы `catalog_category_attribute`
--

DROP TABLE IF EXISTS `catalog_category_attribute`;
CREATE TABLE IF NOT EXISTS `catalog_category_attribute` (
  `attribute_id` int(11) NOT NULL,
  `category_id` int(11) NOT NULL,
  `sort_order` int(11) NOT NULL DEFAULT '1',
  PRIMARY KEY (`attribute_id`,`category_id`)
) ENGINE=MyISAM DEFAULT CHARSET=utf8;

-- --------------------------------------------------------

--
-- Структура таблицы `catalog_category_translation`
--

DROP TABLE IF EXISTS `catalog_category_translation`;
CREATE TABLE IF NOT EXISTS `catalog_category_translation` (
  `category_translation_id` int(11) NOT NULL AUTO_INCREMENT,
  `category_id` int(11) NOT NULL,
  `language_code` varchar(2) NOT NULL,
  `name` varchar(500) NOT NULL,
  `description` text NOT NULL,
  `page_title` varchar(500) NOT NULL,
  `meta_description` varchar(2000) NOT NULL,
  `meta_keywords` varchar(255) NOT NULL,
  `description_img` varchar(1024) DEFAULT NULL,
  PRIMARY KEY (`category_translation_id`)
) ENGINE=MyISAM  DEFAULT CHARSET=utf8 AUTO_INCREMENT=35 ;

--
-- Дамп данных таблицы `catalog_category_translation`
--

INSERT INTO `catalog_category_translation` (`category_translation_id`, `category_id`, `language_code`, `name`, `description`, `page_title`, `meta_description`, `meta_keywords`, `description_img`) VALUES
(1, 1, 'ru', 'Велосипеды', '<p>\r\n	Велосипеды</p>', 'Велосипеды', 'Велосипеды', 'Велосипеды', NULL),
(3, 2, 'ru', 'Велоаксессуары', '<p>\r\n	Велоаксессуары</p>', 'Велоаксессуары', 'Велоаксессуары', 'Велоаксессуары', NULL),
(5, 3, 'ru', 'Велозапчасти', '<p>\r\n	Велозапчасти</p>', 'Велозапчасти', 'Велозапчасти', 'Велозапчасти', NULL),
(7, 4, 'ru', 'Хардтейлы', '<p>\r\n	Хардтейлы, горный велосипед, велосипеды, продажа, севастополь, велокс, velox</p>', 'Хардтейлы, горный велосипед, велосипеды, продажа, севастополь, велокс, velox', 'Хардтейлы, горный велосипед, велосипеды, продажа, севастополь, велокс, velox', 'Хардтейлы, горный велосипед, велосипеды, продажа, севастополь, велокс, velox', NULL),
(9, 5, 'ru', 'Спорттовары', '<p>\r\n	Спорттовары</p>', 'Спорттовары', 'Спорттовары', 'Спорттовары', NULL),
(10, 6, 'ru', 'Отдых и туризм', '<p>\r\n	Отдых и туризм</p>', 'Отдых и туризм', 'Отдых и туризм', 'Отдых и туризм', NULL),
(11, 7, 'ru', 'Двухподвесы', '<p>\r\n	Двухподвесы, горный велосипед, велосипеды, продажа, севастополь, велокс, velox</p>', 'Двухподвесы, горный велосипед, велосипеды, продажа, севастополь, велокс, velox', 'Двухподвесы, горный велосипед, даунхил, фрирайд, downhill, freeride, велосипеды, продажа, севастополь, велокс, velox', 'Двухподвесы, горный велосипед, даунхил, фрирайд, downhill, freeride, велосипеды, продажа, севастополь, велокс, velox', NULL),
(26, 22, 'ru', 'Шоссейные', '<p>\r\n	Велосипеды сконструированые для скоростной езды (велогонок, веломарафонов) по дорогам с хорошим асфальтовым покрытием.</p>', 'шоссейник, шоссейные велосипеды велосипеды, продажа, севастополь, велокс, velox', 'шоссейник, шоссейные велосипеды велосипеды, продажа, севастополь, велокс, velox', 'шоссейник, шоссейные велосипеды велосипеды, продажа, севастополь, велокс, velox', NULL),
(27, 23, 'ru', 'Городские/Туристические', '<p>\r\n	Городские и туристические велосипеды</p>', 'городские велосипеды, туристические велосипеды, велосипеды, продажа, севастополь, велокс, velox', 'городские велосипеды, велосипеды, продажа, севастополь, велокс, velox', 'городские велосипеды, велосипеды, продажа, севастополь, велокс, velox', NULL),
(13, 9, 'ru', 'Велокомпьютеры', '<p>\r\n	Велокомпьютеры</p>', 'Велокомпьютеры', 'Велокомпьютеры', 'Велокомпьютеры', NULL),
(15, 11, 'ru', 'Женские', '<p>\r\n	.Женские велосипеды</p>', 'женские велосипеды, горные велосипеды, велосипеды, продажа, севастополь, велокс, velox', 'женские велосипеды, горные велосипеды, велосипеды, продажа, севастополь, велокс, velox', 'женские велосипеды, горные велосипеды, велосипеды, продажа, севастополь, велокс, velox', NULL),
(16, 12, 'ru', 'Детские (от 1,5 до 9 лет)', '<p>\r\n	Детские и подростковые велосипеды</p>', 'Детские и подростковые велосипеды', 'детские велосипеды, подростковые велосипеды, горные велосипеды, велосипеды, продажа, севастополь, велокс, velox', 'детские велосипеды, подростковые велосипеды, горные велосипеды, велосипеды, продажа, севастополь, велокс, velox', NULL),
(24, 20, 'ru', 'Втулки', '<p>\r\n	Втулки</p>', 'Втулки', 'Втулки', 'Втулки', NULL),
(19, 15, 'ru', 'Палатки', '<p>\r\n	Палатки</p>', 'Палатки', 'Палатки', 'Палатки', NULL),
(22, 18, 'ru', 'Найнеры (29er)', '<p>\r\n	Горные велосипеды, имеющие колеса с посадочным диаметром 622 мм (700С, 29&quot;)</p>', 'Найнеры, 29er, горные велосипеды, велосипеды, продажа, севастополь, велокс, velox', 'Найнеры, 29er, горные велосипеды, велосипеды, продажа, севастополь, велокс, velox', 'Найнеры, 29er, горные велосипеды, велосипеды, продажа, севастополь, велокс, velox', NULL),
(25, 21, 'ru', 'Экстремальные', '<p>\r\n	Велосипеды для занятий экстремальными дисциплинами. Такими как стрит, дерт, триал, ВМХ.</p>', 'Экстремальные велосипеды', 'Экстремальные велосипеды, стрит, дерт, триал, ВМХ, велосипеды, продажа, севастополь, велокс, velox', 'Экстремальные велосипеды, стрит, дерт, триал, ВМХ, велосипеды, продажа, севастополь, велокс, velox', NULL),
(28, 24, 'ru', 'Круизеры', '<p>\r\n	Круизеры</p>', 'Круизеры, комфортные велосипеды, дорожные велосипеды, городские велосипеды, велосипеды, продажа, севастополь, велокс, velox', 'круизеры, комфортные велосипеды, дорожные велосипеды, городские велосипеды, велосипеды, продажа, севастополь, велокс, velox', 'круизеры, комфортные велосипеды, дорожные велосипеды, городские велосипеды, велосипеды, продажа, севастополь, велокс, velox', NULL),
(29, 25, 'ru', 'Защита', '<p>\r\n	Защита</p>', 'Защита', 'защита, велосипеды, продажа, севастополь, велокс, velox, Trek 4500 disc , 2012', 'защита, велосипеды, продажа, севастополь, велокс, velox, Trek 4500 disc , 2012', NULL),
(30, 26, 'ru', 'Кроссовые', '<p>\r\n	Кроссовые велосипеды, велосипеды, продажа, севастополь, велокс, velox</p>', 'Кроссовые велосипеды', 'Кроссовые велосипеды, велосипеды, продажа, севастополь, велокс, velox', 'Кроссовые велосипеды, велосипеды, продажа, севастополь, велокс, velox', NULL),
(31, 27, 'ru', 'Подростковые (от 9 до 14 лет)', '<p>\r\n	Подростковые велосипеды</p>', 'Подростковые велосипеды', 'подростковые велосипеды, горные велосипеды, велосипеды, продажа, севастополь, велокс, velox', 'подростковые велосипеды, горные велосипеды, велосипеды, продажа, севастополь, велокс, velox', NULL),
(32, 28, 'ru', 'Звонки', '<p>\r\n	Звонки</p>', 'Звонки', 'Звонки, велосипеды, велоаксесуары, севастополь, велокс, velox', 'Звонки, велосипеды, велоаксесуары, севастополь, велокс, velox', NULL),
(33, 29, 'ru', 'Инструмент', '<p>\r\n	Инструмент</p>', 'Инструмент', 'Инструмент, велосипеды, велоаксесуары, севастополь, велокс, velox', 'Инструмент, велосипеды, велоаксесуары, севастополь, велокс, velox', NULL),
(34, 30, 'ru', 'Камеры', '<p>\r\n	Камеры</p>', 'Камеры', 'Камеры, велосипеды, велозапчасти, севастополь, велокс, velox', 'Камеры, велосипеды, велозапчасти, севастополь, велокс, velox', NULL);

-- --------------------------------------------------------

--
-- Структура таблицы `catalog_currency`
--

DROP TABLE IF EXISTS `catalog_currency`;
CREATE TABLE IF NOT EXISTS `catalog_currency` (
  `currency_id` int(11) NOT NULL AUTO_INCREMENT,
  `currency_code` varchar(3) NOT NULL DEFAULT '',
  `locale` varchar(255) NOT NULL,
  `symbol_left` varchar(12) NOT NULL,
  `symbol_right` varchar(12) NOT NULL,
  `decimal_place` char(1) NOT NULL,
  `value` float(15,8) NOT NULL,
  `value_non_cash` float(15,8) NOT NULL,
  `status` int(1) NOT NULL,
  `sort_order` int(11) NOT NULL,
  `date_modified` timestamp NOT NULL DEFAULT CURRENT_TIMESTAMP ON UPDATE CURRENT_TIMESTAMP,
  PRIMARY KEY (`currency_id`)
) ENGINE=MyISAM  DEFAULT CHARSET=utf8 AUTO_INCREMENT=4 ;

--
-- Дамп данных таблицы `catalog_currency`
--

INSERT INTO `catalog_currency` (`currency_id`, `currency_code`, `locale`, `symbol_left`, `symbol_right`, `decimal_place`, `value`, `value_non_cash`, `status`, `sort_order`, `date_modified`) VALUES
(2, 'UAH', 'UA', '', 'грн', '0', 1.00000000, 1.00000000, 1, 1, '2012-12-18 05:15:39');

-- --------------------------------------------------------

--
-- Структура таблицы `catalog_currency_translation`
--

DROP TABLE IF EXISTS `catalog_currency_translation`;
CREATE TABLE IF NOT EXISTS `catalog_currency_translation` (
  `currency_id` int(11) NOT NULL,
  `language_code` varchar(2) NOT NULL,
  `title` varchar(255) NOT NULL,
  PRIMARY KEY (`currency_id`,`language_code`)
) ENGINE=MyISAM DEFAULT CHARSET=utf8;

--
-- Дамп данных таблицы `catalog_currency_translation`
--

INSERT INTO `catalog_currency_translation` (`currency_id`, `language_code`, `title`) VALUES
(2, 'ru', 'Гривна'),
(2, '2', 'Гривня');

-- --------------------------------------------------------

--
-- Структура таблицы `catalog_discount`
--

DROP TABLE IF EXISTS `catalog_discount`;
CREATE TABLE IF NOT EXISTS `catalog_discount` (
  `discount_id` int(11) NOT NULL AUTO_INCREMENT,
  `discount_name` varchar(255) DEFAULT NULL,
  `sum_from` decimal(10,2) DEFAULT '0.00',
  `sum_to` decimal(10,2) DEFAULT '0.00',
  `discount` decimal(4,2) DEFAULT '0.00',
  PRIMARY KEY (`discount_id`)
) ENGINE=MyISAM  DEFAULT CHARSET=utf8 AUTO_INCREMENT=8 ;

--
-- Дамп данных таблицы `catalog_discount`
--

INSERT INTO `catalog_discount` (`discount_id`, `discount_name`, `sum_from`, `sum_to`, `discount`) VALUES
(1, 'От 100 до 1000', 100.00, 999.00, 1.00),
(2, 'От 1000 до 2000', 1000.00, 1999.00, 2.00),
(3, 'От 2000 до 5000', 2000.00, 4999.00, 3.00),
(4, 'От 5000 до 10000', 5000.00, 9999.00, 5.00),
(5, 'От 10 000 до 25 000', 10000.00, 24999.00, 7.00),
(6, 'От 25 000 до 40 000', 25000.00, 39000.00, 9.00),
(7, 'От 40 000', 40000.00, NULL, 10.00);

-- --------------------------------------------------------

--
-- Структура таблицы `catalog_manufacturers`
--

DROP TABLE IF EXISTS `catalog_manufacturers`;
CREATE TABLE IF NOT EXISTS `catalog_manufacturers` (
  `manufacturer_id` smallint(6) NOT NULL AUTO_INCREMENT,
  `ident` varchar(255) NOT NULL,
  `categories_path` text NOT NULL,
  `full` varchar(255) DEFAULT NULL,
  `preview` varchar(255) DEFAULT NULL,
  `thumbnail` varchar(255) DEFAULT NULL,
  `sort_order` smallint(6) NOT NULL,
  `author_id` int(11) NOT NULL,
  `last_edit_id` int(11) NOT NULL,
  PRIMARY KEY (`manufacturer_id`)
) ENGINE=MyISAM  DEFAULT CHARSET=utf8 AUTO_INCREMENT=19 ;

--
-- Дамп данных таблицы `catalog_manufacturers`
--

INSERT INTO `catalog_manufacturers` (`manufacturer_id`, `ident`, `categories_path`, `full`, `preview`, `thumbnail`, `sort_order`, `author_id`, `last_edit_id`) VALUES
(4, 'Kellys', '1,7,4,8,10,11,12,', 'Kellys-4-4-300x50.jpg', 'Kellys-4-4-300x50.jpg', 'Kellys-4-4-300x50.jpg', 1, 0, 0),
(3, 'Cube', '1,4,7,18,11,12,21,22,27,26,23,24', 'Cube-3-3-300x50.jpg', 'Cube-3-3-300x50.jpg', 'Cube-3-3-300x50.jpg', 11, 0, 0),
(5, 'Trek', '1,7,4,8,10,11,12,13', 'Trek-5-5-300x50.jpg', 'Trek-5-5-300x50.jpg', 'Trek-5-5-300x50.jpg', 7, 0, 0),
(6, 'Merida', '1,4,7,11,12,27', 'Merida-6-6-300x50.jpg', 'Merida-6-6-300x50.jpg', 'Merida-6-6-300x50.jpg', 2, 0, 0),
(7, 'Schwinn', '1,7,4,8,10,11,12,13', 'Schwinn-7-7-300x50.jpg', 'Schwinn-7-7-300x50.jpg', 'Schwinn-7-7-300x50.jpg', 9, 0, 0),
(8, 'Scott', '1,7,4,8,10,11,12,13', 'Scott-8-8-300x50.jpg', 'Scott-8-8-300x50.jpg', 'Scott-8-8-300x50.jpg', 4, 0, 0),
(9, 'Pride', '1,4,7,18,11,12,21,22,27,26,23,24', 'Pride-9-9-300x50.jpg', 'Pride-9-9-300x50.jpg', 'Pride-9-9-300x50.jpg', 5, 0, 0),
(10, 'Leader', '1,7,4,8,10,11,12,13', 'Leader-10-10-300x50.jpg', 'Leader-10-10-300x50.jpg', 'Leader-10-10-300x50.jpg', 6, 0, 0),
(11, 'Comanche', '1,7,4,8,10,11,12,13', 'Comanche-11-11-300x50.jpg', 'Comanche-11-11-300x50.jpg', 'Comanche-11-11-300x50.jpg', 8, 0, 0),
(12, 'Winner', '1,7,4,8,10,11,12,13', 'Winner-12-12-300x50.jpg', 'Winner-12-12-300x50.jpg', 'Winner-12-12-300x50.jpg', 9, 0, 0),
(13, 'Cannondale', '1,7,4,8,10,11,12,13', 'Cannondale-13-13-300x50.jpg', 'Cannondale-13-13-300x50.jpg', 'Cannondale-13-13-300x50.jpg', 3, 0, 0),
(14, 'Stolen', '1,7,4,8,10,11,12,13', 'Stolen-14-14-300x50.jpg', 'Stolen-14-14-300x50.jpg', 'Stolen-14-14-300x50.jpg', 12, 0, 0),
(15, 'FictionBMX', '1,7,4,8,10,11,12,13', 'FictionBMX-15-15-300x50.jpg', 'FictionBMX-15-15-300x50.jpg', 'FictionBMX-15-15-300x50.jpg', 13, 0, 0);

-- --------------------------------------------------------

--
-- Структура таблицы `catalog_manufacturers_translation`
--

DROP TABLE IF EXISTS `catalog_manufacturers_translation`;
CREATE TABLE IF NOT EXISTS `catalog_manufacturers_translation` (
  `manufacturer_id` int(11) NOT NULL,
  `language_code` varchar(2) NOT NULL,
  `name` varchar(255) NOT NULL,
  `description` text NOT NULL,
  `page_title` varchar(255) NOT NULL,
  `meta_description` varchar(255) NOT NULL,
  `meta_keywords` varchar(255) NOT NULL,
  `description_img` varchar(1024) DEFAULT NULL
) ENGINE=MyISAM DEFAULT CHARSET=utf8;

--
-- Дамп данных таблицы `catalog_manufacturers_translation`
--

INSERT INTO `catalog_manufacturers_translation` (`manufacturer_id`, `language_code`, `name`, `description`, `page_title`, `meta_description`, `meta_keywords`, `description_img`) VALUES
(3, 'ru', 'Cube', '<p>\r\n	Немцы создают и тестируют свои велосипеды со свойственной им педантичностью. Здесь все продуманно до мелочей. Модели с современным дизайном и проверенной прочностью предназначены для ЛЮБЫХ дорог.</p>\r\n<p>\r\n	<a href="http://www.cubeukraine.com/">Официальный сайт компании в Украине.</a></p>', 'Cube', 'Cube', 'Cube', NULL),
(4, 'ru', 'Kellys', '<p>\r\n	Lorem ipsum dolor sit amet, consectetur adipisicing elit, sed do eiusmod tempor incididunt ut labore et dolore magna aliqua. Ut enim ad minim veniam, quis nostrud exercitation ullamco laboris nisi ut aliquip ex ea commodo consequat. Duis aute irure dolor in reprehenderit in voluptate velit esse cillum dolore eu fugiat nulla pariatur. Excepteur sint occaecat cupidatat non proident, sunt in culpa qui officia deserunt mollit anim id est laborum.</p>', 'Kellys', 'Kellys', 'Kellys', NULL),
(5, 'ru', 'Trek', '<p>\r\n	Лидер продаж в Европе. Обладатель золотых наград в различных вело-дисциплинах. Особенность их велосипедов в неповторимом комфорте и прочности. С гордостью предлагаем Вам&nbsp; эти велосипеды.</p>\r\n<p>\r\n	<a href="http://www.trekbikes.com.ua/">Официальный сайт компании в Украине.</a></p>', 'Trek', 'Trek', 'Trek', NULL),
(6, 'ru', 'Merida', '<p>\r\n	Мировой лидер велопроизводства. Имеет СВОИ заводы в Тайване и инженерный центр в Германии. Соответственно доступная цена и современные инновации веломира.</p>\r\n<p>\r\n	<a href="http://www.meridabikes.com.ua/">Официальный сайт компании в Украине</a></p>', 'Merida', 'Merida', 'Merida', NULL),
(7, 'ru', 'Schwinn', '<p>\r\n	Американские велочародеи делают обычное - незабываемым, а прогулки по городу такими же простыми и радостными как чашечка утреннего кофе.</p>', 'Schwinn', 'Schwinn', 'Schwinn', NULL),
(8, 'ru', 'Scott', '<p>\r\n	Scott</p>', 'Scott', 'Scott', 'Scott', NULL),
(9, 'ru', 'Pride', '<p>\r\n	На сегодняшний день - бренд№1 в Украине. Молодая динамично развивающаяся компания, в создании которой принимали участие райдеры и ведущие веломагазины Украины.</p>\r\n<p>\r\n	<a href="http://www.pridebikes.com/">Официальный сайт&nbsp;</a>&nbsp;&nbsp;&nbsp; <a href="http://veloplaneta.com.ua/catalog/bicycles/?order=ordering&amp;sort=DESC&amp;proizvoditel=pride">Сайт создателей бренда</a></p>\r\n<p>\r\n	&nbsp;</p>', 'Pride', 'Pride', 'Pride', NULL),
(10, 'ru', 'Leader', '<p>\r\n	Leader</p>', 'Leader', 'Leader', 'Leader', NULL),
(11, 'ru', 'Comanche', '<p>\r\n	Comanche</p>', 'Comanche', 'Comanche', 'Comanche', NULL),
(12, 'ru', 'Winner', '<p>\r\n	Cреди украинских брендов, выделяется своими низкими ценами на бюджетные модели, рассчитанные на массового потребителя. Самые доступные велосипеды.</p>\r\n<p>\r\n	<a href="http://www.winner-zip.com/">Официальный сайт.</a></p>', 'Winner', 'Winner', 'Winner', NULL),
(13, 'ru', 'Cannondale', '<p>\r\n	Легендарная американская компания. Слоган этой фирмы &quot;Feel the differens&quot; (почувствуй разницу),полностью раскрывает особенность данного бренда. Максимальная легкость, изящество и надежность, вот визитная карточка Cannondale.</p>\r\n<p>\r\n	<a href="http://veloplaneta.com.ua/catalog/bicycles/?order=ordering&amp;sort=DESC&amp;proizvoditel=cannondale">Сайт официального диллера в Украине.</a></p>', 'Cannondale', 'Cannondale', 'Cannondale', NULL),
(14, 'ru', 'Stolen', '<p>\r\n	Stolen</p>', 'Stolen', 'Stolen', 'Stolen', NULL),
(15, 'ru', 'FictionBMX', '<p>\r\n	FictionBMX</p>', 'FictionBMX', 'FictionBMX', 'FictionBMX', NULL);

-- --------------------------------------------------------

--
-- Структура таблицы `catalog_order`
--

DROP TABLE IF EXISTS `catalog_order`;
CREATE TABLE IF NOT EXISTS `catalog_order` (
  `order_id` int(11) NOT NULL AUTO_INCREMENT,
  `user_id` int(11) NOT NULL DEFAULT '0',
  `firstname` varchar(32) NOT NULL DEFAULT '',
  `lastname` varchar(32) NOT NULL,
  `telephone` varchar(32) NOT NULL DEFAULT '',
  `mobilephone` varchar(32) NOT NULL DEFAULT '',
  `email` varchar(96) NOT NULL DEFAULT '',
  `address` varchar(128) NOT NULL,
  `city` varchar(128) NOT NULL,
  `comment` text NOT NULL,
  `shipping_id` int(11) NOT NULL,
  `payment_id` int(11) NOT NULL,
  `payment_date` int(11) NOT NULL,
  `order_status_id` int(11) NOT NULL DEFAULT '0',
  `item_count` int(11) NOT NULL,
  `currency_id` int(11) NOT NULL,
  `currency` varchar(3) NOT NULL,
  `value` decimal(15,2) NOT NULL,
  `sub_total` decimal(15,2) NOT NULL,
  `discount` decimal(4,2) DEFAULT '0.00',
  `total` decimal(15,2) NOT NULL,
  `date_modified` datetime NOT NULL DEFAULT '0000-00-00 00:00:00',
  `date_added` datetime NOT NULL DEFAULT '0000-00-00 00:00:00',
  `ip` varchar(15) NOT NULL DEFAULT '',
  PRIMARY KEY (`order_id`),
  KEY `order_status_id` (`order_status_id`)
) ENGINE=MyISAM DEFAULT CHARSET=utf8 AUTO_INCREMENT=1 ;

-- --------------------------------------------------------

--
-- Структура таблицы `catalog_order_option`
--

DROP TABLE IF EXISTS `catalog_order_option`;
CREATE TABLE IF NOT EXISTS `catalog_order_option` (
  `order_option_id` int(11) NOT NULL AUTO_INCREMENT,
  `order_id` mediumint(8) NOT NULL,
  `order_product_id` mediumint(8) NOT NULL,
  `product_option_id` mediumint(8) NOT NULL,
  `product_option_varint_id` mediumint(8) NOT NULL DEFAULT '0',
  `option_name` varchar(255) CHARACTER SET utf8 COLLATE utf8_bin NOT NULL,
  `value` text CHARACTER SET utf8 COLLATE utf8_bin NOT NULL,
  `option_type` char(1) CHARACTER SET utf8 COLLATE utf8_bin NOT NULL,
  PRIMARY KEY (`order_option_id`)
) ENGINE=MyISAM DEFAULT CHARSET=utf8 AUTO_INCREMENT=1 ;

-- --------------------------------------------------------

--
-- Структура таблицы `catalog_order_product`
--

DROP TABLE IF EXISTS `catalog_order_product`;
CREATE TABLE IF NOT EXISTS `catalog_order_product` (
  `order_product_id` int(11) NOT NULL AUTO_INCREMENT,
  `order_id` int(11) NOT NULL,
  `product_id` int(11) NOT NULL,
  `article` varchar(255) DEFAULT NULL,
  `name` varchar(255) NOT NULL,
  `price` decimal(15,4) NOT NULL DEFAULT '0.0000',
  `total` decimal(15,4) NOT NULL DEFAULT '0.0000',
  `tax` decimal(15,4) NOT NULL DEFAULT '0.0000',
  `qty` int(4) NOT NULL DEFAULT '0',
  `options` text,
  PRIMARY KEY (`order_product_id`),
  KEY `product_id` (`product_id`),
  KEY `order_id` (`order_id`)
) ENGINE=MyISAM DEFAULT CHARSET=utf8 AUTO_INCREMENT=1 ;

-- --------------------------------------------------------

--
-- Структура таблицы `catalog_payments`
--

DROP TABLE IF EXISTS `catalog_payments`;
CREATE TABLE IF NOT EXISTS `catalog_payments` (
  `payment_id` smallint(6) NOT NULL AUTO_INCREMENT,
  `status` tinyint(1) NOT NULL DEFAULT '1',
  `sort_order` smallint(6) NOT NULL,
  PRIMARY KEY (`payment_id`)
) ENGINE=MyISAM  DEFAULT CHARSET=utf8 AUTO_INCREMENT=3 ;

--
-- Дамп данных таблицы `catalog_payments`
--

INSERT INTO `catalog_payments` (`payment_id`, `status`, `sort_order`) VALUES
(1, 1, 1),
(2, 1, 2);

-- --------------------------------------------------------

--
-- Структура таблицы `catalog_payments_translation`
--

DROP TABLE IF EXISTS `catalog_payments_translation`;
CREATE TABLE IF NOT EXISTS `catalog_payments_translation` (
  `payment_id` int(11) NOT NULL,
  `language_code` varchar(2) NOT NULL,
  `name` varchar(255) NOT NULL
) ENGINE=MyISAM DEFAULT CHARSET=utf8;

--
-- Дамп данных таблицы `catalog_payments_translation`
--

INSERT INTO `catalog_payments_translation` (`payment_id`, `language_code`, `name`) VALUES
(1, 'ru', 'Наличными'),
(2, 'ru', 'Privat24');

-- --------------------------------------------------------

--
-- Структура таблицы `catalog_product`
--

DROP TABLE IF EXISTS `catalog_product`;
CREATE TABLE IF NOT EXISTS `catalog_product` (
  `product_id` int(10) unsigned NOT NULL AUTO_INCREMENT,
  `manufacturer_id` int(11) NOT NULL,
  `ident` varchar(56) NOT NULL,
  `name` varchar(64) NOT NULL,
  `article` varchar(255) NOT NULL,
  `price` decimal(10,2) NOT NULL DEFAULT '0.00',
  `new_price` decimal(10,2) NOT NULL DEFAULT '0.00',
  `discountPercent` int(11) NOT NULL DEFAULT '0',
  `taxable` tinyint(1) NOT NULL DEFAULT '0',
  `quantity` int(11) NOT NULL DEFAULT '0',
  `newest` tinyint(1) NOT NULL DEFAULT '0',
  `newest_date` timestamp NULL DEFAULT NULL,
  `hit` tinyint(1) NOT NULL DEFAULT '0',
  `hit_date` timestamp NULL DEFAULT NULL,
  `special` tinyint(1) NOT NULL DEFAULT '0',
  `special_date` timestamp NULL DEFAULT NULL,
  `lastmod` timestamp NOT NULL DEFAULT CURRENT_TIMESTAMP ON UPDATE CURRENT_TIMESTAMP,
  `viewed` int(11) NOT NULL DEFAULT '0',
  `video` text,
  `in_stock` tinyint(1) NOT NULL DEFAULT '0',
  `sort_order` int(10) NOT NULL DEFAULT '0',
  `publication_review_id` int(11) NOT NULL DEFAULT '0',
  `status` tinyint(4) NOT NULL DEFAULT '0',
  `code_1c` int(11) DEFAULT NULL,
  `group_1c` varchar(255) DEFAULT NULL,
  `author_id` int(11) NOT NULL,
  `last_edit_id` int(11) NOT NULL,
  PRIMARY KEY (`product_id`),
  UNIQUE KEY `ident` (`ident`),
  KEY `status` (`status`)
) ENGINE=MyISAM  DEFAULT CHARSET=utf8 AUTO_INCREMENT=2262 ;

--
-- Дамп данных таблицы `catalog_product`
--

INSERT INTO `catalog_product` (`product_id`, `manufacturer_id`, `ident`, `name`, `article`, `price`, `new_price`, `discountPercent`, `taxable`, `quantity`, `newest`, `newest_date`, `hit`, `hit_date`, `special`, `special_date`, `lastmod`, `viewed`, `video`, `in_stock`, `sort_order`, `publication_review_id`, `status`, `code_1c`, `group_1c`, `author_id`, `last_edit_id`) VALUES
(2258, 9, 'Pride-Angel-2013', '', '', 1956.00, 0.00, 0, 0, 0, 1, '2013-01-22 06:50:49', 0, '2013-01-22 06:50:49', 0, '2013-01-22 06:50:49', '2013-01-22 06:52:25', 0, '', 1, 2258, 0, 1, 0, NULL, 0, 0),
(2259, 9, 'Pride-Comfort-2012', '', '', 2706.00, 2165.00, 0, 0, 0, 0, '2013-01-22 06:55:27', 0, '2013-01-22 06:55:27', 0, '2013-01-22 06:55:27', '2013-01-22 06:59:58', 0, '', 1, 2259, 0, 1, 0, NULL, 0, 0),
(2257, 9, 'Pride-Johnny-6-2013', '', '', 2199.00, 0.00, 0, 0, 0, 0, '2013-01-22 06:45:00', 0, '2013-01-22 06:45:00', 0, '2013-01-22 06:45:00', '2013-01-22 06:47:06', 0, '', 1, 2257, 0, 1, 0, NULL, 0, 0),
(2256, 9, 'Pride-Flash-2013', '', '', 1247.00, 0.00, 0, 0, 0, 0, '2013-01-22 05:53:15', 0, '2013-01-22 05:53:15', 0, '2013-01-22 05:53:15', '2013-01-22 05:57:55', 0, '', 1, 2256, 0, 1, 0, NULL, 0, 0),
(2255, 9, 'Pride-XC-400-29er-2012', '', '', 5444.00, 4355.00, 0, 0, 0, 0, '2013-01-22 05:27:02', 0, '2013-01-22 05:27:02', 0, '2013-01-22 05:27:02', '2013-01-22 05:33:54', 0, '', 1, 2255, 0, 1, 0, NULL, 0, 0),
(2254, 9, 'Pride-XC-400-2012', '', '', 5518.00, 4414.00, 0, 0, 0, 0, '2013-01-22 05:14:53', 0, '2013-01-22 05:14:53', 0, '2013-01-22 05:14:53', '2013-01-22 05:22:00', 0, '', 1, 2254, 0, 1, 0, NULL, 0, 0),
(2253, 9, 'Pride-XC-350-2012', '', '', 4499.00, 3599.00, 0, 0, 0, 0, '2013-01-22 05:04:37', 0, '2013-01-22 05:04:37', 0, '2013-01-22 05:04:37', '2013-01-22 05:07:40', 0, '', 1, 2253, 0, 1, 0, NULL, 0, 0),
(2252, 9, 'Pride-Sandy-2013', '', '', 1337.00, 0.00, 0, 0, 0, 0, '2013-01-22 04:42:27', 0, '2013-01-22 04:42:27', 0, '2013-01-22 04:42:27', '2013-01-22 06:35:01', 0, '', 1, 2252, 0, 1, 0, NULL, 0, 0),
(2251, 9, 'Pride-Pilot-2013', '', '', 3032.00, 0.00, 0, 0, 0, 0, '2013-01-22 04:18:45', 0, '2013-01-22 04:18:45', 0, '2013-01-22 04:18:45', '2013-01-22 06:29:00', 0, '', 1, 2251, 0, 1, 0, NULL, 0, 0),
(2250, 9, 'Pride-Lanny-2012', '', '', 2299.00, 0.00, 0, 0, 0, 0, '2013-01-22 03:52:35', 0, '2013-01-22 03:52:35', 0, '2013-01-22 03:52:35', '2013-01-22 06:21:22', 0, '', 1, 2250, 0, 1, 0, NULL, 0, 0),
(2249, 9, 'Pride-Jack-2013', '', '', 1361.00, 0.00, 0, 0, 0, 1, '2013-01-22 03:36:01', 0, '2013-01-22 03:36:01', 0, '2013-01-22 03:36:01', '2013-01-22 06:03:48', 0, '', 1, 2249, 0, 1, 0, NULL, 0, 0),
(2248, 9, 'Pride-Brave-2012', '', '', 2274.00, 0.00, 0, 0, 0, 0, '2013-01-22 03:21:29', 0, '2013-01-22 03:21:29', 0, '2013-01-22 03:21:29', '2013-01-22 05:46:05', 0, '', 1, 2248, 0, 1, 0, NULL, 0, 0),
(2246, 9, 'Pride-XC-26-Disc-2012', '', '', 3602.00, 2882.00, 0, 0, 0, 0, '2013-01-22 02:53:16', 1, '2013-01-22 02:53:16', 1, '2013-01-22 02:53:16', '2013-01-22 02:57:09', 0, '', 1, 2246, 0, 1, 0, NULL, 0, 0),
(2247, 9, 'Pride-XC-26-2012', '', '', 3227.00, 2550.00, 0, 0, 0, 0, '2013-01-22 03:05:46', 1, '2013-01-22 03:05:46', 1, '2013-01-22 03:05:46', '2013-01-22 03:07:49', 0, '', 1, 2247, 0, 1, 0, NULL, 0, 0),
(2245, 9, 'Pride-Bianca-2012', '', '', 3227.00, 2750.00, 0, 0, 0, 0, '2013-01-22 02:40:07', 0, '2013-01-22 02:40:07', 1, '2013-01-22 02:40:07', '2013-01-22 02:44:09', 0, '', 1, 2245, 0, 1, 0, NULL, 0, 0),
(2244, 9, 'Pride-Jack-6-2012', '', '', 1671.00, 1450.00, 0, 0, 0, 0, '2013-01-22 02:31:35', 0, '2013-01-22 02:31:35', 0, '2013-01-22 02:31:35', '2013-01-22 02:36:24', 0, '', 1, 2244, 0, 1, 0, NULL, 0, 0),
(2243, 9, 'Pride-Kelly-2012', '', '', 1231.00, 1100.00, 0, 0, 0, 0, '2013-01-22 02:24:26', 0, '2013-01-22 02:24:26', 0, '2013-01-22 02:24:26', '2013-01-22 02:26:32', 0, '', 1, 2243, 0, 1, 0, NULL, 0, 0),
(2242, 9, 'Pride-Flash-2012', '', '', 1231.00, 1100.00, 0, 0, 0, 0, '2013-01-22 02:15:24', 0, '2013-01-22 02:15:24', 0, '2013-01-22 02:15:24', '2013-01-22 02:19:01', 0, '', 1, 2242, 0, 1, 0, NULL, 0, 0),
(2241, 9, 'Pride-Arthur-2012', '', '', 1581.00, 1390.00, 0, 0, 0, 0, '2013-01-22 02:04:10', 0, '2013-01-22 02:04:10', 0, '2013-01-22 02:04:10', '2013-01-22 02:07:05', 0, '', 1, 2241, 0, 1, 0, NULL, 0, 0),
(2240, 9, 'Pride-Alice-2012', '', '', 1581.00, 1380.00, 0, 0, 0, 0, '2013-01-22 01:54:55', 0, '2013-01-22 01:54:55', 0, '2013-01-22 01:54:55', '2013-01-22 01:58:48', 0, '', 1, 2240, 0, 1, 0, NULL, 0, 0),
(2239, 13, 'Cannondale-Trail-SL-4-2011', '', '', 6688.00, 6019.00, 0, 0, 0, 0, '2013-01-21 09:24:40', 0, '2013-01-21 09:24:40', 1, '2013-01-21 09:24:40', '2013-01-21 09:26:46', 0, '', 1, 2239, 0, 1, 0, NULL, 0, 0),
(2238, 13, 'Cannondale-Trail-5-2011', '', '', 5050.00, 0.00, 0, 0, 0, 0, '2013-01-21 08:53:47', 0, '2013-01-21 08:53:47', 0, '2013-01-21 08:53:47', '2013-01-21 08:56:31', 0, '', 1, 2238, 0, 1, 0, NULL, 0, 0),
(2237, 13, 'Cannondale-Trail-6-Feminine-2012', '', '', 5371.00, 4834.00, 0, 0, 0, 0, '2013-01-21 08:40:04', 0, '2013-01-21 08:40:04', 1, '2013-01-21 08:40:04', '2013-01-21 08:42:26', 0, '', 1, 2237, 0, 1, 0, NULL, 0, 0),
(2236, 13, 'Cannondale-Trail-SL-1-2012', '', '', 13635.00, 12272.00, 0, 0, 0, 0, '2013-01-21 08:29:14', 1, '2013-01-21 08:29:14', 1, '2013-01-21 08:29:14', '2013-01-21 08:33:59', 0, '', 1, 2236, 0, 1, 0, NULL, 0, 0),
(2235, 13, 'Cannondale-Trail-SL3-2012', '', '', 9503.00, 8553.00, 0, 0, 0, 0, '2013-01-21 08:18:41', 0, '2013-01-21 08:18:41', 1, '2013-01-21 08:18:41', '2013-01-21 08:20:15', 0, '', 1, 2235, 0, 1, 0, NULL, 0, 0),
(2234, 13, 'Cannondale-Trail-SL4-2012', '', '', 7922.00, 7130.00, 0, 0, 0, 0, '2013-01-21 08:05:15', 0, '2013-01-21 08:05:15', 1, '2013-01-21 08:05:15', '2013-01-21 08:08:12', 0, '', 1, 2234, 0, 1, 0, NULL, 0, 0),
(2233, 13, 'Cannondale-Trail-6-2012', '', '', 5591.00, 5032.00, 0, 0, 0, 0, '2013-01-21 07:58:07', 0, '2013-01-21 07:58:07', 1, '2013-01-21 07:58:07', '2013-01-21 08:00:12', 0, '', 1, 2233, 0, 1, 0, NULL, 0, 0),
(2232, 13, 'Cannondale-Trail-5-2012', '', '', 5400.00, 4860.00, 0, 0, 0, 0, '2013-01-21 07:05:44', 0, '2013-01-21 07:05:44', 1, '2013-01-21 07:05:44', '2013-01-21 07:13:44', 0, '', 1, 2232, 0, 1, 0, NULL, 0, 0),
(2231, 13, 'Cannondale-Trail-5-Feminine-2012', '', '', 6015.00, 5414.00, 0, 0, 0, 0, '2013-01-21 06:45:35', 0, '2013-01-21 06:45:35', 0, '2013-01-21 06:45:35', '2013-01-21 06:48:39', 0, '', 1, 2231, 0, 1, 0, NULL, 0, 0),
(2230, 5, 'Gary-Fisher-2013-Mamba', '', '', 8225.00, 8225.00, 0, 0, 0, 1, '2013-01-21 03:39:07', 1, '2013-01-21 03:39:07', 0, '2013-01-21 03:39:07', '2013-01-21 03:51:49', 0, '', 1, 2230, 0, 1, 0, NULL, 0, 0),
(2229, 5, 'Trek-2013-4700-Disc', '', '', 9285.00, 8820.00, 0, 0, 0, 1, '2013-01-21 03:14:28', 1, '2013-01-21 03:14:28', 0, '2013-01-21 03:14:28', '2013-01-21 03:16:47', 0, '', 1, 2229, 0, 1, 0, NULL, 0, 0),
(1500, 0, '5-Buff-KUKUXUMUSU-PIPOL', '', ' ', 160.00, 0.00, 0, 0, 0, 0, NULL, 0, NULL, 0, NULL, '2013-01-12 06:20:46', 0, NULL, 0, 0, 0, 0, 5, 'BAFF', 0, 0),
(1501, 0, '7-JUNIOR-BUFF-CUPIDO-Jr', '', ' ', 150.00, 0.00, 0, 0, 0, 0, NULL, 0, NULL, 0, NULL, '2013-01-12 06:20:46', 0, NULL, 0, 0, 0, 0, 7, 'BAFF', 0, 0),
(1502, 0, '18-Original-Buff-BAEZ', '', ' ', 150.00, 0.00, 0, 0, 0, 0, NULL, 0, NULL, 0, NULL, '2013-01-12 06:20:46', 0, NULL, 0, 0, 0, 0, 18, 'BAFF', 0, 0),
(1503, 0, '22-Original-Buff-BIKING', '', ' ', 150.00, 0.00, 0, 0, 0, 0, NULL, 0, NULL, 0, NULL, '2013-01-12 06:20:46', 0, NULL, 0, 0, 0, 0, 22, 'BAFF', 0, 0),
(1504, 0, '28-Original-Buff-ENDURO', '', ' ', 150.00, 0.00, 0, 0, 0, 0, NULL, 0, NULL, 0, NULL, '2013-01-12 06:20:46', 0, NULL, 0, 0, 0, 0, 28, 'BAFF', 0, 0),
(1505, 0, '31-Original-Buff-METAL-TRIBAL', '', ' ', 150.00, 0.00, 0, 0, 0, 0, NULL, 0, NULL, 0, NULL, '2013-01-12 06:20:46', 0, NULL, 0, 0, 0, 0, 31, 'BAFF', 0, 0),
(1506, 0, '32-Original-Buff-OAHU-BLACK', '', ' ', 150.00, 0.00, 0, 0, 0, 0, NULL, 0, NULL, 0, NULL, '2013-01-12 06:20:46', 0, NULL, 0, 0, 0, 0, 32, 'BAFF', 0, 0),
(1507, 0, '34-Original-Buff-PARACAS', '', ' ', 150.00, 0.00, 0, 0, 0, 0, NULL, 0, NULL, 0, NULL, '2013-01-12 06:20:46', 0, NULL, 0, 0, 0, 0, 34, 'BAFF', 0, 0),
(1508, 0, '35-Original-Buff-ROTKO', '', ' ', 150.00, 0.00, 0, 0, 0, 0, NULL, 0, NULL, 0, NULL, '2013-01-12 06:20:46', 0, NULL, 0, 0, 0, 0, 35, 'BAFF', 0, 0),
(1509, 0, '36-Original-Buff-SHARE', '', ' ', 150.00, 0.00, 0, 0, 0, 0, NULL, 0, NULL, 0, NULL, '2013-01-12 06:20:46', 0, NULL, 0, 0, 0, 0, 36, 'BAFF', 0, 0),
(1510, 0, '4339-ORIGINAL-BUFF-i-FIRE', '', ' ', 150.00, 0.00, 0, 0, 0, 0, NULL, 0, NULL, 0, NULL, '2013-01-12 06:20:46', 0, NULL, 0, 0, 0, 0, 4339, 'BAFF', 0, 0),
(1511, 0, '4341-ORIGINAL-BUFF-i-MALLA', '', ' ', 150.00, 0.00, 0, 0, 0, 0, NULL, 0, NULL, 0, NULL, '2013-01-12 06:20:46', 0, NULL, 0, 0, 0, 0, 4341, 'BAFF', 0, 0),
(1512, 0, '4348-REFLECTIVE-BUFF-i-R-REFRE', '', ' ', 160.00, 0.00, 0, 0, 0, 0, NULL, 0, NULL, 0, NULL, '2013-01-12 06:20:46', 0, NULL, 0, 0, 0, 0, 4348, 'BAFF', 0, 0),
(1513, 0, '4323-TUBULAR-UV-BUFF-i-BUBUTO', '', ' ', 160.00, 0.00, 0, 0, 0, 0, NULL, 0, NULL, 0, NULL, '2013-01-12 06:20:46', 0, NULL, 0, 0, 0, 0, 4323, 'BAFF', 0, 0),
(1514, 0, '3356-amortizatoryi-EXPLORE', '', ' ', 100.00, 0.00, 0, 0, 0, 0, NULL, 0, NULL, 0, NULL, '2013-01-12 06:20:46', 0, NULL, 0, 0, 0, 0, 3356, 'Cкейты', 0, 0),
(1515, 0, '42-deka-Jart-499', '', ' ', 499.00, 0.00, 0, 0, 0, 0, NULL, 0, NULL, 0, NULL, '2013-01-12 06:20:46', 0, NULL, 0, 0, 0, 0, 42, 'Cкейты', 0, 0),
(1516, 0, '43-deka-Jart-540', '', ' ', 540.00, 0.00, 0, 0, 0, 0, NULL, 0, NULL, 0, NULL, '2013-01-12 06:20:46', 0, NULL, 0, 0, 0, 0, 43, 'Cкейты', 0, 0),
(1517, 0, '44-kolesa-30', '', ' ', 30.00, 0.00, 0, 0, 0, 0, NULL, 0, NULL, 0, NULL, '2013-01-12 06:20:46', 0, NULL, 0, 0, 0, 0, 44, 'Cкейты', 0, 0),
(1518, 0, '45-kolesa-Jart-komplekt-250', '', ' ', 250.00, 0.00, 0, 0, 0, 0, NULL, 0, NULL, 0, NULL, '2013-01-12 06:20:46', 0, NULL, 0, 0, 0, 0, 45, 'Cкейты', 0, 0),
(1519, 0, '48-podveski-SU11-REVOL-LOGO-2-Red-5', '', ' ', 300.00, 0.00, 0, 0, 0, 0, NULL, 0, NULL, 0, NULL, '2013-01-12 06:20:46', 0, NULL, 0, 0, 0, 0, 48, 'Cкейты', 0, 0),
(1520, 0, '49-podveski-SU11-REVOL-LOGO-Black-5', '', ' ', 300.00, 0.00, 0, 0, 0, 0, NULL, 0, NULL, 0, NULL, '2013-01-12 06:20:46', 0, NULL, 0, 0, 0, 0, 49, 'Cкейты', 0, 0),
(1521, 0, '50-podshipniki-Jart-ab-3', '', ' ', 130.00, 0.00, 0, 0, 0, 0, NULL, 0, NULL, 0, NULL, '2013-01-12 06:20:46', 0, NULL, 0, 0, 0, 0, 50, 'Cкейты', 0, 0),
(1522, 0, '53-sOMPLETE-DARK-STAR-SU11-EXPLODE-FP-Silve', '', ' ', 1100.00, 0.00, 0, 0, 0, 0, NULL, 0, NULL, 0, NULL, '2013-01-12 06:20:46', 0, NULL, 0, 0, 0, 0, 53, 'Cкейты', 0, 0),
(1523, 0, '54-sOMPLETE-DARK-STAR-SU11-TEMPEST-FP-Blue', '', ' ', 1100.00, 0.00, 0, 0, 0, 0, NULL, 0, NULL, 0, NULL, '2013-01-12 06:20:46', 0, NULL, 0, 0, 0, 0, 54, 'Cкейты', 0, 0),
(1524, 0, '55-sOMPLETE-DARK-STAR-SU11-WARHEADS-FP-Gold', '', ' ', 1100.00, 0.00, 0, 0, 0, 0, NULL, 0, NULL, 0, NULL, '2013-01-12 06:20:46', 0, NULL, 0, 0, 0, 0, 55, 'Cкейты', 0, 0),
(1525, 0, '56-sOMPLETE-SPD-SU11-MOB-MIX-MASTER-Pur-Blk', '', ' ', 1150.00, 0.00, 0, 0, 0, 0, NULL, 0, NULL, 0, NULL, '2013-01-12 06:20:46', 0, NULL, 0, 0, 0, 0, 56, 'Cкейты', 0, 0),
(1526, 0, '57-skeyt-ALMOST-SP11-PLASTERED-TT', '', ' ', 1080.00, 0.00, 0, 0, 0, 0, NULL, 0, NULL, 0, NULL, '2013-01-12 06:20:46', 0, NULL, 0, 0, 0, 0, 57, 'Cкейты', 0, 0),
(1527, 0, '59-skeyt-SPD-SP11-MOB-SUICYCO-Red', '', ' ', 1200.00, 0.00, 0, 0, 0, 0, NULL, 0, NULL, 0, NULL, '2013-01-12 06:20:46', 0, NULL, 0, 0, 0, 0, 59, 'Cкейты', 0, 0),
(1528, 0, '73-skeyt-BLIND-SP11-CRASH-Blue-7-6', '', ' ', 900.00, 0.00, 0, 0, 0, 0, NULL, 0, NULL, 0, NULL, '2013-01-12 06:20:46', 0, NULL, 0, 0, 0, 0, 73, 'Cкейты', 0, 0),
(1529, 0, '4832-skeyt-Exploler-Elite', '', ' ', 290.00, 0.00, 0, 0, 0, 0, NULL, 0, NULL, 0, NULL, '2013-01-12 06:20:46', 0, NULL, 0, 0, 0, 0, 4832, 'Cкейты', 0, 0),
(1530, 0, '5538-skeyt-Exploler-Good-Boys', '', ' ', 240.00, 0.00, 0, 0, 0, 0, NULL, 0, NULL, 0, NULL, '2013-01-12 06:20:46', 0, NULL, 0, 0, 0, 0, 5538, 'Cкейты', 0, 0),
(1531, 0, '5537-skeyt-Exploler-Kinder', '', ' ', 190.00, 0.00, 0, 0, 0, 0, NULL, 0, NULL, 0, NULL, '2013-01-12 06:20:46', 0, NULL, 0, 0, 0, 0, 5537, 'Cкейты', 0, 0),
(1532, 0, '5548-skeyt-Exploler-Off-Road', '', ' ', 300.00, 0.00, 0, 0, 0, 0, NULL, 0, NULL, 0, NULL, '2013-01-12 06:20:46', 0, NULL, 0, 0, 0, 0, 5548, 'Cкейты', 0, 0),
(1533, 0, '5536-skeyt-Exploler-Penny-23', '', ' ', 195.00, 0.00, 0, 0, 0, 0, NULL, 0, NULL, 0, NULL, '2013-01-12 06:20:46', 0, NULL, 0, 0, 0, 0, 5536, 'Cкейты', 0, 0),
(1534, 0, '160-binokl-Binoculars', '', ' ', 480.00, 0.00, 0, 0, 0, 0, NULL, 0, NULL, 0, NULL, '2013-01-12 06:20:46', 0, NULL, 0, 0, 0, 0, 160, 'Бинокли', 0, 0),
(1535, 0, '161-binokl-Binoculars-30x50', '', ' ', 320.00, 0.00, 0, 0, 0, 0, NULL, 0, NULL, 0, NULL, '2013-01-12 06:20:46', 0, NULL, 0, 0, 0, 0, 161, 'Бинокли', 0, 0),
(1536, 0, '164-binokl-Bushell-10h25', '', ' ', 290.00, 0.00, 0, 0, 0, 0, NULL, 0, NULL, 0, NULL, '2013-01-12 06:20:46', 0, NULL, 0, 0, 0, 0, 164, 'Бинокли', 0, 0),
(1537, 0, '167-binokl-Bushell-30x50-Camo', '', ' ', 400.00, 0.00, 0, 0, 0, 0, NULL, 0, NULL, 0, NULL, '2013-01-12 06:20:46', 0, NULL, 0, 0, 0, 0, 167, 'Бинокли', 0, 0),
(1538, 0, '168-binokl-Bushell-8x21', '', ' ', 195.00, 0.00, 0, 0, 0, 0, NULL, 0, NULL, 0, NULL, '2013-01-12 06:20:46', 0, NULL, 0, 0, 0, 0, 168, 'Бинокли', 0, 0),
(1539, 0, '172-binokl-Comet-8x40', '', ' ', 400.00, 0.00, 0, 0, 0, 0, NULL, 0, NULL, 0, NULL, '2013-01-12 06:20:46', 0, NULL, 0, 0, 0, 0, 172, 'Бинокли', 0, 0),
(1540, 0, '173-binokl-Nikula', '', ' ', 320.00, 0.00, 0, 0, 0, 0, NULL, 0, NULL, 0, NULL, '2013-01-12 06:20:46', 0, NULL, 0, 0, 0, 0, 173, 'Бинокли', 0, 0),
(1541, 0, '174-binokl-Tasco-10h25', '', ' ', 170.00, 0.00, 0, 0, 0, 0, NULL, 0, NULL, 0, NULL, '2013-01-12 06:20:46', 0, NULL, 0, 0, 0, 0, 174, 'Бинокли', 0, 0),
(1542, 0, '175-binokl-Tasco-30x25', '', ' ', 115.00, 0.00, 0, 0, 0, 0, NULL, 0, NULL, 0, NULL, '2013-01-12 06:20:46', 0, NULL, 0, 0, 0, 0, 175, 'Бинокли', 0, 0),
(1543, 0, '176-teleskop', '', ' ', 340.00, 0.00, 0, 0, 0, 0, NULL, 0, NULL, 0, NULL, '2013-01-12 06:20:46', 0, NULL, 0, 0, 0, 0, 176, 'Бинокли', 0, 0),
(1544, 0, '4730-Munkees-3135-karabin-Compass-with-Thermometer', '', ' ', 55.00, 0.00, 0, 0, 0, 0, NULL, 0, NULL, 0, NULL, '2013-01-12 06:20:46', 0, NULL, 0, 0, 0, 0, 4730, 'Брелки', 0, 0),
(1545, 0, '4731-Munkees-3154-brelok-Compass-with-Thermometer', '', ' ', 45.00, 0.00, 0, 0, 0, 0, NULL, 0, NULL, 0, NULL, '2013-01-12 06:20:46', 0, NULL, 0, 0, 0, 0, 4731, 'Брелки', 0, 0),
(1546, 0, '4732-Munkees-3249-karabin-Pear-with-Screw-Lock-8-mm-x-80', '', ' ', 45.00, 0.00, 0, 0, 0, 0, NULL, 0, NULL, 0, NULL, '2013-01-12 06:20:46', 0, NULL, 0, 0, 0, 0, 4732, 'Брелки', 0, 0),
(1547, 0, '4733-Munkees-3260-karabin-Ying-Yang', '', ' ', 45.00, 0.00, 0, 0, 0, 0, NULL, 0, NULL, 0, NULL, '2013-01-12 06:20:46', 0, NULL, 0, 0, 0, 0, 4733, 'Брелки', 0, 0),
(1548, 0, '4734-Munkees-3352-brelok-Wood-Whistle-Ox', '', ' ', 55.00, 0.00, 0, 0, 0, 0, NULL, 0, NULL, 0, NULL, '2013-01-12 06:20:46', 0, NULL, 0, 0, 0, 0, 4734, 'Брелки', 0, 0),
(1549, 0, '4735-Munkees-3360-brelok-Wood-Whistle-Rooster', '', ' ', 55.00, 0.00, 0, 0, 0, 0, NULL, 0, NULL, 0, NULL, '2013-01-12 06:20:46', 0, NULL, 0, 0, 0, 0, 4735, 'Брелки', 0, 0),
(1550, 0, '4736-Munkees-3385-brelok-Emergency-Whistle', '', ' ', 45.00, 0.00, 0, 0, 0, 0, NULL, 0, NULL, 0, NULL, '2013-01-12 06:20:46', 0, NULL, 0, 0, 0, 0, 4736, 'Брелки', 0, 0),
(1551, 0, '4747-Munkees-3390-brelok-SS-Whistle', '', ' ', 55.00, 0.00, 0, 0, 0, 0, NULL, 0, NULL, 0, NULL, '2013-01-12 06:20:46', 0, NULL, 0, 0, 0, 0, 4747, 'Брелки', 0, 0),
(1552, 0, '4737-Munkees-3411-brelok-otkryivashka-Lizard', '', ' ', 45.00, 0.00, 0, 0, 0, 0, NULL, 0, NULL, 0, NULL, '2013-01-12 06:20:46', 0, NULL, 0, 0, 0, 0, 4737, 'Брелки', 0, 0),
(1553, 0, '4738-Munkees-3412-brelok-otkryivashka-Shark', '', ' ', 45.00, 0.00, 0, 0, 0, 0, NULL, 0, NULL, 0, NULL, '2013-01-12 06:20:46', 0, NULL, 0, 0, 0, 0, 4738, 'Брелки', 0, 0),
(1554, 0, '4739-Munkees-3416-brelok-otkryivashka-Squirrel', '', ' ', 45.00, 0.00, 0, 0, 0, 0, NULL, 0, NULL, 0, NULL, '2013-01-12 06:20:46', 0, NULL, 0, 0, 0, 0, 4739, 'Брелки', 0, 0),
(1555, 0, '4740-Munkees-3418-brelok-otkryivashka-Guitar', '', ' ', 45.00, 0.00, 0, 0, 0, 0, NULL, 0, NULL, 0, NULL, '2013-01-12 06:20:46', 0, NULL, 0, 0, 0, 0, 4740, 'Брелки', 0, 0),
(1556, 0, '4741-Munkees-3428-brelok-otkryivashka-Fish-Bone', '', ' ', 45.00, 0.00, 0, 0, 0, 0, NULL, 0, NULL, 0, NULL, '2013-01-12 06:20:46', 0, NULL, 0, 0, 0, 0, 4741, 'Брелки', 0, 0),
(1557, 0, '4742-Munkees-3430-brelok-otkryivashka-Penguin', '', ' ', 45.00, 0.00, 0, 0, 0, 0, NULL, 0, NULL, 0, NULL, '2013-01-12 06:20:46', 0, NULL, 0, 0, 0, 0, 4742, 'Брелки', 0, 0),
(1558, 0, '4743-Munkees-3440-brelok-otkryivashka-Dolphin', '', ' ', 45.00, 0.00, 0, 0, 0, 0, NULL, 0, NULL, 0, NULL, '2013-01-12 06:20:46', 0, NULL, 0, 0, 0, 0, 4743, 'Брелки', 0, 0),
(1559, 0, '4744-Munkees-3457-brelok-otkryivashka-Standard', '', ' ', 45.00, 0.00, 0, 0, 0, 0, NULL, 0, NULL, 0, NULL, '2013-01-12 06:20:46', 0, NULL, 0, 0, 0, 0, 4744, 'Брелки', 0, 0),
(1560, 0, '4745-Munkees-3473-brelok-otkryivashka-Moose', '', ' ', 45.00, 0.00, 0, 0, 0, 0, NULL, 0, NULL, 0, NULL, '2013-01-12 06:20:46', 0, NULL, 0, 0, 0, 0, 4745, 'Брелки', 0, 0),
(1561, 0, '4746-Munkees-3625-brelok-Waterproof-Capsule-small', '', ' ', 45.00, 0.00, 0, 0, 0, 0, NULL, 0, NULL, 0, NULL, '2013-01-12 06:20:46', 0, NULL, 0, 0, 0, 0, 4746, 'Брелки', 0, 0),
(1562, 0, '2988-sumka-na-bagajnik-2-h-sekts-KB-204', '', ' ', 215.00, 0.00, 0, 0, 0, 0, NULL, 0, NULL, 0, NULL, '2013-01-12 06:20:48', 0, NULL, 0, 0, 0, 0, 2988, 'Сумки', 0, 0),
(1563, 0, '5364-bagajnik-NV-313-26-chernyiy', '', ' ', 240.00, 0.00, 0, 0, 0, 0, NULL, 0, NULL, 0, NULL, '2013-01-12 06:20:48', 0, NULL, 0, 0, 0, 0, 5364, 'Велотовары(VeLoX)', 0, 0),
(1564, 0, '1566-ganteli-12-LB-5-5-kg', '', ' ', 180.00, 0.00, 0, 0, 0, 0, NULL, 0, NULL, 0, NULL, '2013-01-12 06:20:49', 0, NULL, 0, 0, 0, 0, 1566, 'Гантели', 0, 0),
(1565, 0, '1570-ganteli-3-5-kg', '', ' ', 125.00, 0.00, 0, 0, 0, 0, NULL, 0, NULL, 0, NULL, '2013-01-12 06:20:49', 0, NULL, 0, 0, 0, 0, 1570, 'Гантели', 0, 0),
(1566, 0, '1571-ganteli-4-kg', '', ' ', 140.00, 0.00, 0, 0, 0, 0, NULL, 0, NULL, 0, NULL, '2013-01-12 06:20:49', 0, NULL, 0, 0, 0, 0, 1571, 'Гантели', 0, 0),
(1567, 0, '1574-ganteli-8-LB-3-5-kg', '', ' ', 125.00, 0.00, 0, 0, 0, 0, NULL, 0, NULL, 0, NULL, '2013-01-12 06:20:49', 0, NULL, 0, 0, 0, 0, 1574, 'Гантели', 0, 0),
(1568, 0, '1576-ganteli-nabornyie-10-kg-prorezin', '', ' ', 440.00, 0.00, 0, 0, 0, 0, NULL, 0, NULL, 0, NULL, '2013-01-12 06:20:49', 0, NULL, 0, 0, 0, 0, 1576, 'Гантели', 0, 0),
(1569, 0, '1580-ganteli-nabornyie-15-kg-prorezin', '', ' ', 500.00, 0.00, 0, 0, 0, 0, NULL, 0, NULL, 0, NULL, '2013-01-12 06:20:49', 0, NULL, 0, 0, 0, 0, 1580, 'Гантели', 0, 0),
(1570, 0, '4523-ganteli-nabornyie-15-kg-para-500-grn', '', ' ', 510.00, 0.00, 0, 0, 0, 0, NULL, 0, NULL, 0, NULL, '2013-01-12 06:20:49', 0, NULL, 0, 0, 0, 0, 4523, 'Гантели', 0, 0),
(1571, 0, '1581-ganteli-nabornyie-20-kg-prorezin', '', ' ', 650.00, 0.00, 0, 0, 0, 0, NULL, 0, NULL, 0, NULL, '2013-01-12 06:20:49', 0, NULL, 0, 0, 0, 0, 1581, 'Гантели', 0, 0),
(1572, 0, '4879-velosiped-detskiy-Lexus-BC15Q', '', ' ', 590.00, 0.00, 0, 0, 0, 0, NULL, 0, NULL, 0, NULL, '2013-01-12 06:20:49', 0, NULL, 0, 0, 0, 0, 4879, 'Детские велосипеды', 0, 0),
(1573, 0, '5412-velosiped-detskiy-M-0449-1', '', ' ', 850.00, 0.00, 0, 0, 0, 0, NULL, 0, NULL, 0, NULL, '2013-01-12 06:20:49', 0, NULL, 0, 0, 0, 0, 5412, 'Детские велосипеды', 0, 0),
(1574, 0, '5841-mashina-B35R-3', '', ' ', 990.00, 0.00, 0, 0, 0, 0, NULL, 0, NULL, 0, NULL, '2013-01-12 06:20:49', 0, NULL, 0, 0, 0, 0, 5841, 'Детские велосипеды', 0, 0),
(1575, 0, '5652-vesla-Bestway-alyuminiy', '', ' ', 200.00, 0.00, 0, 0, 0, 0, NULL, 0, NULL, 0, NULL, '2013-01-12 06:20:49', 0, NULL, 0, 0, 0, 0, 5652, 'Лодки', 0, 0),
(1576, 0, '3500-klapan-dlya-lodki-Intex', '', ' ', 50.00, 0.00, 0, 0, 0, 0, NULL, 0, NULL, 0, NULL, '2013-01-12 06:20:49', 0, NULL, 0, 0, 0, 0, 3500, 'Лодки', 0, 0),
(1577, 0, '5461-lodka-Bestway-65044-utsenka', '', ' ', 795.00, 0.00, 0, 0, 0, 0, NULL, 0, NULL, 0, NULL, '2013-01-12 06:20:49', 0, NULL, 0, 0, 0, 0, 5461, 'Лодки', 0, 0),
(1578, 0, '1792-lodka-Intex-Excursion-68305', '', ' ', 890.00, 0.00, 0, 0, 0, 0, NULL, 0, NULL, 0, NULL, '2013-01-12 06:20:49', 0, NULL, 0, 0, 0, 0, 1792, 'Лодки', 0, 0),
(1579, 0, '1798-lodka-Intex-Sea-Hawk-68345', '', ' ', 300.00, 0.00, 0, 0, 0, 0, NULL, 0, NULL, 0, NULL, '2013-01-12 06:20:49', 0, NULL, 0, 0, 0, 0, 1798, 'Лодки', 0, 0),
(1580, 0, '1801-lodka-Intex-Sea-Hawk-68349', '', ' ', 740.00, 0.00, 0, 0, 0, 0, NULL, 0, NULL, 0, NULL, '2013-01-12 06:20:49', 0, NULL, 0, 0, 0, 0, 1801, 'Лодки', 0, 0),
(1581, 0, '3501-probka-dlya-lodki-Intex', '', ' ', 10.00, 0.00, 0, 0, 0, 0, NULL, 0, NULL, 0, NULL, '2013-01-12 06:20:49', 0, NULL, 0, 0, 0, 0, 3501, 'Лодки', 0, 0),
(1582, 0, '5254-trubki-dlya-vesel-Intex-alyuminiy-69627', '', ' ', 25.00, 0.00, 0, 0, 0, 0, NULL, 0, NULL, 0, NULL, '2013-01-12 06:20:49', 0, NULL, 0, 0, 0, 0, 5254, 'Лодки', 0, 0),
(1583, 0, '1807-basseyn-Intex-54909', '', ' ', 860.00, 0.00, 0, 0, 0, 0, NULL, 0, NULL, 0, NULL, '2013-01-12 06:20:49', 0, NULL, 0, 0, 0, 0, 1807, 'Матрасы_Бассейны_Насосы', 0, 0),
(1584, 0, '1808-basseyn-Intex-56420', '', ' ', 790.00, 0.00, 0, 0, 0, 0, NULL, 0, NULL, 0, NULL, '2013-01-12 06:20:49', 0, NULL, 0, 0, 0, 0, 1808, 'Матрасы_Бассейны_Насосы', 0, 0),
(1585, 0, '1809-basseyn-Intex-56422', '', ' ', 1130.00, 0.00, 0, 0, 0, 0, NULL, 0, NULL, 0, NULL, '2013-01-12 06:20:49', 0, NULL, 0, 0, 0, 0, 1809, 'Матрасы_Бассейны_Насосы', 0, 0),
(1586, 0, '5321-basseyn-Intex-56905', '', ' ', 3200.00, 0.00, 0, 0, 0, 0, NULL, 0, NULL, 0, NULL, '2013-01-12 06:20:49', 0, NULL, 0, 0, 0, 0, 5321, 'Матрасы_Бассейны_Насосы', 0, 0),
(1587, 0, '1816-basseyn-Intex-56920', '', ' ', 500.00, 0.00, 0, 0, 0, 0, NULL, 0, NULL, 0, NULL, '2013-01-12 06:20:49', 0, NULL, 0, 0, 0, 0, 1816, 'Матрасы_Бассейны_Насосы', 0, 0),
(1588, 0, '5139-basseyn-Intex-56930', '', ' ', 870.00, 0.00, 0, 0, 0, 0, NULL, 0, NULL, 0, NULL, '2013-01-12 06:20:49', 0, NULL, 0, 0, 0, 0, 5139, 'Матрасы_Бассейны_Насосы', 0, 0),
(1589, 0, '1817-basseyn-Intex-56932', '', ' ', 1290.00, 0.00, 0, 0, 0, 0, NULL, 0, NULL, 0, NULL, '2013-01-12 06:20:49', 0, NULL, 0, 0, 0, 0, 1817, 'Матрасы_Бассейны_Насосы', 0, 0),
(1590, 0, '5322-kreslo-Intex-68563', '', ' ', 170.00, 0.00, 0, 0, 0, 0, NULL, 0, NULL, 0, NULL, '2013-01-12 06:20:49', 0, NULL, 0, 0, 0, 0, 5322, 'Матрасы_Бассейны_Насосы', 0, 0),
(1591, 0, '5324-manej-Intex-48473', '', ' ', 220.00, 0.00, 0, 0, 0, 0, NULL, 0, NULL, 0, NULL, '2013-01-12 06:20:49', 0, NULL, 0, 0, 0, 0, 5324, 'Матрасы_Бассейны_Насосы', 0, 0),
(1592, 0, '1850-matrats-Bestway-67386', '', ' ', 435.00, 0.00, 0, 0, 0, 0, NULL, 0, NULL, 0, NULL, '2013-01-12 06:20:49', 0, NULL, 0, 0, 0, 0, 1850, 'Матрасы_Бассейны_Насосы', 0, 0),
(1593, 0, '1857-matrats-Intex-59196', '', ' ', 80.00, 0.00, 0, 0, 0, 0, NULL, 0, NULL, 0, NULL, '2013-01-12 06:20:49', 0, NULL, 0, 0, 0, 0, 1857, 'Матрасы_Бассейны_Насосы', 0, 0),
(1594, 0, '1862-matrats-Intex-66720', '', ' ', 660.00, 0.00, 0, 0, 0, 0, NULL, 0, NULL, 0, NULL, '2013-01-12 06:20:49', 0, NULL, 0, 0, 0, 0, 1862, 'Матрасы_Бассейны_Насосы', 0, 0),
(1595, 0, '1863-matrats-Intex-66721', '', ' ', 270.00, 0.00, 0, 0, 0, 0, NULL, 0, NULL, 0, NULL, '2013-01-12 06:20:49', 0, NULL, 0, 0, 0, 0, 1863, 'Матрасы_Бассейны_Насосы', 0, 0),
(1596, 0, '1868-matrats-Intex-66767', '', ' ', 220.00, 0.00, 0, 0, 0, 0, NULL, 0, NULL, 0, NULL, '2013-01-12 06:20:49', 0, NULL, 0, 0, 0, 0, 1868, 'Матрасы_Бассейны_Насосы', 0, 0),
(1597, 0, '1884-matrats-Intex-68765', '', ' ', 260.00, 0.00, 0, 0, 0, 0, NULL, 0, NULL, 0, NULL, '2013-01-12 06:20:49', 0, NULL, 0, 0, 0, 0, 1884, 'Матрасы_Бассейны_Насосы', 0, 0),
(1598, 0, '1888-matrats-s-massajem-19333', '', ' ', 130.00, 0.00, 0, 0, 0, 0, NULL, 0, NULL, 0, NULL, '2013-01-12 06:20:49', 0, NULL, 0, 0, 0, 0, 1888, 'Матрасы_Бассейны_Насосы', 0, 0),
(1599, 0, '1889-naduvnaya-sofa-Intex-68560', '', ' ', 270.00, 0.00, 0, 0, 0, 0, NULL, 0, NULL, 0, NULL, '2013-01-12 06:20:49', 0, NULL, 0, 0, 0, 0, 1889, 'Матрасы_Бассейны_Насосы', 0, 0),
(1600, 0, '1891-nasos-Intex-66620', '', ' ', 150.00, 0.00, 0, 0, 0, 0, NULL, 0, NULL, 0, NULL, '2013-01-12 06:20:49', 0, NULL, 0, 0, 0, 0, 1891, 'Матрасы_Бассейны_Насосы', 0, 0),
(1601, 0, '1893-nasos-Intex-66630', '', ' ', 185.00, 0.00, 0, 0, 0, 0, NULL, 0, NULL, 0, NULL, '2013-01-12 06:20:49', 0, NULL, 0, 0, 0, 0, 1893, 'Матрасы_Бассейны_Насосы', 0, 0),
(1602, 0, '1894-nasos-Intex-68610', '', ' ', 70.00, 0.00, 0, 0, 0, 0, NULL, 0, NULL, 0, NULL, '2013-01-12 06:20:49', 0, NULL, 0, 0, 0, 0, 1894, 'Матрасы_Бассейны_Насосы', 0, 0),
(1603, 0, '1895-nasos-Intex-68612', '', ' ', 35.00, 0.00, 0, 0, 0, 0, NULL, 0, NULL, 0, NULL, '2013-01-12 06:20:49', 0, NULL, 0, 0, 0, 0, 1895, 'Матрасы_Бассейны_Насосы', 0, 0),
(1604, 0, '1896-nasos-Intex-68614', '', ' ', 50.00, 0.00, 0, 0, 0, 0, NULL, 0, NULL, 0, NULL, '2013-01-12 06:20:49', 0, NULL, 0, 0, 0, 0, 1896, 'Матрасы_Бассейны_Насосы', 0, 0),
(1605, 0, '5366-podushka-Intex-68671', '', ' ', 15.00, 0.00, 0, 0, 0, 0, NULL, 0, NULL, 0, NULL, '2013-01-12 06:20:49', 0, NULL, 0, 0, 0, 0, 5366, 'Матрасы_Бассейны_Насосы', 0, 0),
(1606, 0, '1901-pokryitie-dlya-basseynov-Intex-58919', '', ' ', 110.00, 0.00, 0, 0, 0, 0, NULL, 0, NULL, 0, NULL, '2013-01-12 06:20:49', 0, NULL, 0, 0, 0, 0, 1901, 'Матрасы_Бассейны_Насосы', 0, 0),
(1607, 0, '1903-pokryitie-dlya-basseynov-Intex-59954', '', ' ', 465.00, 0.00, 0, 0, 0, 0, NULL, 0, NULL, 0, NULL, '2013-01-12 06:20:49', 0, NULL, 0, 0, 0, 0, 1903, 'Матрасы_Бассейны_Насосы', 0, 0),
(1608, 0, '1905-remkomplekt-dlya-matrasov', '', ' ', 10.00, 0.00, 0, 0, 0, 0, NULL, 0, NULL, 0, NULL, '2013-01-12 06:20:49', 0, NULL, 0, 0, 0, 0, 1905, 'Матрасы_Бассейны_Насосы', 0, 0),
(1609, 0, '2692-antizapotevatel-dlya-masok-Technisub', '', ' ', 70.00, 0.00, 0, 0, 0, 0, NULL, 0, NULL, 0, NULL, '2013-01-12 06:20:49', 0, NULL, 0, 0, 0, 0, 2692, 'МОРЕ(маски,ласты,очки,трубки)', 0, 0),
(1610, 0, '5144-igrovoy-tsentr-Disney-zamok', '', ' ', 320.00, 0.00, 0, 0, 0, 0, NULL, 0, NULL, 0, NULL, '2013-01-12 06:20:49', 0, NULL, 0, 0, 0, 0, 5144, 'МОРЕ(маски,ласты,очки,трубки)', 0, 0),
(1611, 0, '2732-lastyi-turist', '', ' ', 145.00, 0.00, 0, 0, 0, 0, NULL, 0, NULL, 0, NULL, '2013-01-12 06:20:49', 0, NULL, 0, 0, 0, 0, 2732, 'МОРЕ(маски,ласты,очки,трубки)', 0, 0),
(1612, 0, '2733-lastyi-turist-detskie', '', ' ', 100.00, 0.00, 0, 0, 0, 0, NULL, 0, NULL, 0, NULL, '2013-01-12 06:20:49', 0, NULL, 0, 0, 0, 0, 2733, 'МОРЕ(маски,ласты,очки,трубки)', 0, 0),
(1613, 0, '2735-lastyi-Dolwor-F366-40-42', '', ' ', 165.00, 0.00, 0, 0, 0, 0, NULL, 0, NULL, 0, NULL, '2013-01-12 06:20:49', 0, NULL, 0, 0, 0, 0, 2735, 'МОРЕ(маски,ласты,очки,трубки)', 0, 0),
(1614, 0, '5038-lastyi-Dolwor-X-Deep-F366-43-44', '', ' ', 175.00, 0.00, 0, 0, 0, 0, NULL, 0, NULL, 0, NULL, '2013-01-12 06:20:49', 0, NULL, 0, 0, 0, 0, 5038, 'МОРЕ(маски,ласты,очки,трубки)', 0, 0),
(1615, 0, '2742-lastyi-Technisub-Caravelle-28-29', '', ' ', 190.00, 0.00, 0, 0, 0, 0, NULL, 0, NULL, 0, NULL, '2013-01-12 06:20:49', 0, NULL, 0, 0, 0, 0, 2742, 'МОРЕ(маски,ласты,очки,трубки)', 0, 0),
(1616, 0, '2744-lastyi-Technisub-Caravelle-32-33', '', ' ', 215.00, 0.00, 0, 0, 0, 0, NULL, 0, NULL, 0, NULL, '2013-01-12 06:20:49', 0, NULL, 0, 0, 0, 0, 2744, 'МОРЕ(маски,ласты,очки,трубки)', 0, 0),
(1617, 0, '2746-lastyi-Technisub-Caravelle-36-37', '', ' ', 270.00, 0.00, 0, 0, 0, 0, NULL, 0, NULL, 0, NULL, '2013-01-12 06:20:49', 0, NULL, 0, 0, 0, 0, 2746, 'МОРЕ(маски,ласты,очки,трубки)', 0, 0),
(1618, 0, '2748-lastyi-Technisub-Caravelle-40-41', '', ' ', 340.00, 0.00, 0, 0, 0, 0, NULL, 0, NULL, 0, NULL, '2013-01-12 06:20:49', 0, NULL, 0, 0, 0, 0, 2748, 'МОРЕ(маски,ласты,очки,трубки)', 0, 0),
(1619, 0, '2750-lastyi-Technisub-Caravelle-44-45', '', ' ', 370.00, 0.00, 0, 0, 0, 0, NULL, 0, NULL, 0, NULL, '2013-01-12 06:20:49', 0, NULL, 0, 0, 0, 0, 2750, 'МОРЕ(маски,ласты,очки,трубки)', 0, 0),
(1620, 0, '2751-lastyi-Technisub-Express-Black-36-37', '', ' ', 550.00, 0.00, 0, 0, 0, 0, NULL, 0, NULL, 0, NULL, '2013-01-12 06:20:49', 0, NULL, 0, 0, 0, 0, 2751, 'МОРЕ(маски,ласты,очки,трубки)', 0, 0),
(1621, 0, '2752-lastyi-Technisub-Express-Black-38-39', '', ' ', 550.00, 0.00, 0, 0, 0, 0, NULL, 0, NULL, 0, NULL, '2013-01-12 06:20:49', 0, NULL, 0, 0, 0, 0, 2752, 'МОРЕ(маски,ласты,очки,трубки)', 0, 0),
(1622, 0, '2755-lastyi-Technisub-Grand-Prix-32-33', '', ' ', 230.00, 0.00, 0, 0, 0, 0, NULL, 0, NULL, 0, NULL, '2013-01-12 06:20:49', 0, NULL, 0, 0, 0, 0, 2755, 'МОРЕ(маски,ласты,очки,трубки)', 0, 0),
(1623, 0, '4693-lastyi-Technisub-Grand-Prix-34-35', '', ' ', 230.00, 0.00, 0, 0, 0, 0, NULL, 0, NULL, 0, NULL, '2013-01-12 06:20:49', 0, NULL, 0, 0, 0, 0, 4693, 'МОРЕ(маски,ласты,очки,трубки)', 0, 0),
(1624, 0, '2756-lastyi-Technisub-Grand-Prix-36-37', '', ' ', 270.00, 0.00, 0, 0, 0, 0, NULL, 0, NULL, 0, NULL, '2013-01-12 06:20:49', 0, NULL, 0, 0, 0, 0, 2756, 'МОРЕ(маски,ласты,очки,трубки)', 0, 0),
(1625, 0, '4692-lastyi-Technisub-Grand-Prix-38-39', '', ' ', 275.00, 0.00, 0, 0, 0, 0, NULL, 0, NULL, 0, NULL, '2013-01-12 06:20:49', 0, NULL, 0, 0, 0, 0, 4692, 'МОРЕ(маски,ласты,очки,трубки)', 0, 0),
(1626, 0, '3585-lastyi-Technisub-Grand-Prix-40-41', '', ' ', 310.00, 0.00, 0, 0, 0, 0, NULL, 0, NULL, 0, NULL, '2013-01-12 06:20:49', 0, NULL, 0, 0, 0, 0, 3585, 'МОРЕ(маски,ласты,очки,трубки)', 0, 0),
(1627, 0, '2760-lastyi-Technisub-Racing-38-39', '', ' ', 325.00, 0.00, 0, 0, 0, 0, NULL, 0, NULL, 0, NULL, '2013-01-12 06:20:49', 0, NULL, 0, 0, 0, 0, 2760, 'МОРЕ(маски,ласты,очки,трубки)', 0, 0),
(1628, 0, '2761-lastyi-Technisub-Racing-40-41', '', ' ', 325.00, 0.00, 0, 0, 0, 0, NULL, 0, NULL, 0, NULL, '2013-01-12 06:20:49', 0, NULL, 0, 0, 0, 0, 2761, 'МОРЕ(маски,ласты,очки,трубки)', 0, 0),
(1629, 0, '2764-maska-turist', '', ' ', 85.00, 0.00, 0, 0, 0, 0, NULL, 0, NULL, 0, NULL, '2013-01-12 06:20:49', 0, NULL, 0, 0, 0, 0, 2764, 'МОРЕ(маски,ласты,очки,трубки)', 0, 0),
(1630, 0, '5367-maska-0330', '', ' ', 30.00, 0.00, 0, 0, 0, 0, NULL, 0, NULL, 0, NULL, '2013-01-12 06:20:49', 0, NULL, 0, 0, 0, 0, 5367, 'МОРЕ(маски,ласты,очки,трубки)', 0, 0),
(1631, 0, '2781-maska-Technisub-Aqua-Sphera', '', ' ', 335.00, 0.00, 0, 0, 0, 0, NULL, 0, NULL, 0, NULL, '2013-01-12 06:20:49', 0, NULL, 0, 0, 0, 0, 2781, 'МОРЕ(маски,ласты,очки,трубки)', 0, 0),
(1632, 0, '2782-maska-Technisub-Flavora-Nero', '', ' ', 520.00, 0.00, 0, 0, 0, 0, NULL, 0, NULL, 0, NULL, '2013-01-12 06:20:49', 0, NULL, 0, 0, 0, 0, 2782, 'МОРЕ(маски,ласты,очки,трубки)', 0, 0),
(1633, 0, '2783-maska-Technisub-Flavora-Tr', '', ' ', 520.00, 0.00, 0, 0, 0, 0, NULL, 0, NULL, 0, NULL, '2013-01-12 06:20:49', 0, NULL, 0, 0, 0, 0, 2783, 'МОРЕ(маски,ласты,очки,трубки)', 0, 0),
(1634, 0, '2787-maska-Technisub-infinity', '', ' ', 595.00, 0.00, 0, 0, 0, 0, NULL, 0, NULL, 0, NULL, '2013-01-12 06:20:49', 0, NULL, 0, 0, 0, 0, 2787, 'МОРЕ(маски,ласты,очки,трубки)', 0, 0),
(1635, 0, '2788-maska-Technisub-Kea', '', ' ', 460.00, 0.00, 0, 0, 0, 0, NULL, 0, NULL, 0, NULL, '2013-01-12 06:20:49', 0, NULL, 0, 0, 0, 0, 2788, 'МОРЕ(маски,ласты,очки,трубки)', 0, 0),
(1636, 0, '5226-maska-Technisub-Look-trans', '', ' ', 370.00, 0.00, 0, 0, 0, 0, NULL, 0, NULL, 0, NULL, '2013-01-12 06:20:49', 0, NULL, 0, 0, 0, 0, 5226, 'МОРЕ(маски,ласты,очки,трубки)', 0, 0),
(1637, 0, '2790-maska-Technisub-micromask', '', ' ', 675.00, 0.00, 0, 0, 0, 0, NULL, 0, NULL, 0, NULL, '2013-01-12 06:20:49', 0, NULL, 0, 0, 0, 0, 2790, 'МОРЕ(маски,ласты,очки,трубки)', 0, 0),
(1638, 0, '2791-maska-Technisub-teknika', '', ' ', 480.00, 0.00, 0, 0, 0, 0, NULL, 0, NULL, 0, NULL, '2013-01-12 06:20:49', 0, NULL, 0, 0, 0, 0, 2791, 'МОРЕ(маски,ласты,очки,трубки)', 0, 0),
(1639, 0, '2797-maska-akvanavt', '', ' ', 55.00, 0.00, 0, 0, 0, 0, NULL, 0, NULL, 0, NULL, '2013-01-12 06:20:49', 0, NULL, 0, 0, 0, 0, 2797, 'МОРЕ(маски,ласты,очки,трубки)', 0, 0),
(1640, 0, '2875-nabor-Dolwor-40-42', '', ' ', 280.00, 0.00, 0, 0, 0, 0, NULL, 0, NULL, 0, NULL, '2013-01-12 06:20:49', 0, NULL, 0, 0, 0, 0, 2875, 'МОРЕ(маски,ласты,очки,трубки)', 0, 0),
(1641, 0, '2882-nabor-Technisub-Look-izognutaya-trubka', '', ' ', 520.00, 0.00, 0, 0, 0, 0, NULL, 0, NULL, 0, NULL, '2013-01-12 06:20:49', 0, NULL, 0, 0, 0, 0, 2882, 'МОРЕ(маски,ласты,очки,трубки)', 0, 0),
(1642, 0, '5369-nabor-dlya-plavaniya-maska-i-trubka', '', ' ', 25.00, 0.00, 0, 0, 0, 0, NULL, 0, NULL, 0, NULL, '2013-01-12 06:20:49', 0, NULL, 0, 0, 0, 0, 5369, 'МОРЕ(маски,ласты,очки,трубки)', 0, 0),
(1643, 0, '5311-nabor-dlya-plavaniya-M0014-U-R', '', ' ', 45.00, 0.00, 0, 0, 0, 0, NULL, 0, NULL, 0, NULL, '2013-01-12 06:20:49', 0, NULL, 0, 0, 0, 0, 5311, 'МОРЕ(маски,ласты,очки,трубки)', 0, 0),
(1644, 0, '5174-nabor-dlya-plavaniya-M0020-U-R', '', ' ', 35.00, 0.00, 0, 0, 0, 0, NULL, 0, NULL, 0, NULL, '2013-01-12 06:20:49', 0, NULL, 0, 0, 0, 0, 5174, 'МОРЕ(маски,ласты,очки,трубки)', 0, 0),
(1645, 0, '5309-nabor-dlya-plavaniya-M101-S2', '', ' ', 40.00, 0.00, 0, 0, 0, 0, NULL, 0, NULL, 0, NULL, '2013-01-12 06:20:49', 0, NULL, 0, 0, 0, 0, 5309, 'МОРЕ(маски,ласты,очки,трубки)', 0, 0),
(1646, 0, '5197-ochki-dlya-plavaniya-92277-20', '', ' ', 130.00, 0.00, 0, 0, 0, 0, NULL, 0, NULL, 0, NULL, '2013-01-12 06:20:49', 0, NULL, 0, 0, 0, 0, 5197, 'МОРЕ(маски,ласты,очки,трубки)', 0, 0),
(1647, 0, '5694-ochki-dlya-plavaniya-92282-20', '', ' ', 200.00, 0.00, 0, 0, 0, 0, NULL, 0, NULL, 0, NULL, '2013-01-12 06:20:49', 0, NULL, 0, 0, 0, 0, 5694, 'МОРЕ(маски,ласты,очки,трубки)', 0, 0),
(1648, 0, '5691-ochki-dlya-plavaniya-92285-20', '', ' ', 190.00, 0.00, 0, 0, 0, 0, NULL, 0, NULL, 0, NULL, '2013-01-12 06:20:49', 0, NULL, 0, 0, 0, 0, 5691, 'МОРЕ(маски,ласты,очки,трубки)', 0, 0),
(1649, 0, '4042-ochki-dlya-plavaniya-92340-20', '', ' ', 90.00, 0.00, 0, 0, 0, 0, NULL, 0, NULL, 0, NULL, '2013-01-12 06:20:49', 0, NULL, 0, 0, 0, 0, 4042, 'МОРЕ(маски,ласты,очки,трубки)', 0, 0),
(1650, 0, '5199-ochki-dlya-plavaniya-92341-55', '', ' ', 150.00, 0.00, 0, 0, 0, 0, NULL, 0, NULL, 0, NULL, '2013-01-12 06:20:49', 0, NULL, 0, 0, 0, 0, 5199, 'МОРЕ(маски,ласты,очки,трубки)', 0, 0),
(1651, 0, '5693-ochki-dlya-plavaniya-92341-57', '', ' ', 150.00, 0.00, 0, 0, 0, 0, NULL, 0, NULL, 0, NULL, '2013-01-12 06:20:49', 0, NULL, 0, 0, 0, 0, 5693, 'МОРЕ(маски,ласты,очки,трубки)', 0, 0),
(1652, 0, '2903-ochki-dlya-plavaniya-92345-80', '', ' ', 130.00, 0.00, 0, 0, 0, 0, NULL, 0, NULL, 0, NULL, '2013-01-12 06:20:49', 0, NULL, 0, 0, 0, 0, 2903, 'МОРЕ(маски,ласты,очки,трубки)', 0, 0),
(1653, 0, '5200-ochki-dlya-plavaniya-92345-80', '', ' ', 110.00, 0.00, 0, 0, 0, 0, NULL, 0, NULL, 0, NULL, '2013-01-12 06:20:49', 0, NULL, 0, 0, 0, 0, 5200, 'МОРЕ(маски,ласты,очки,трубки)', 0, 0),
(1654, 0, '5692-ochki-dlya-plavaniya-92374-50', '', ' ', 130.00, 0.00, 0, 0, 0, 0, NULL, 0, NULL, 0, NULL, '2013-01-12 06:20:49', 0, NULL, 0, 0, 0, 0, 5692, 'МОРЕ(маски,ласты,очки,трубки)', 0, 0),
(1655, 0, '5204-ochki-dlya-plavaniya-92385-90', '', ' ', 170.00, 0.00, 0, 0, 0, 0, NULL, 0, NULL, 0, NULL, '2013-01-12 06:20:49', 0, NULL, 0, 0, 0, 0, 5204, 'МОРЕ(маски,ласты,очки,трубки)', 0, 0),
(1656, 0, '4040-ochki-dlya-plavaniya-Arena-9227720', '', ' ', 130.00, 0.00, 0, 0, 0, 0, NULL, 0, NULL, 0, NULL, '2013-01-12 06:20:49', 0, NULL, 0, 0, 0, 0, 4040, 'МОРЕ(маски,ласты,очки,трубки)', 0, 0),
(1657, 0, '5687-ochki-dlya-plavaniya-Speedo-8003980000', '', ' ', 110.00, 0.00, 0, 0, 0, 0, NULL, 0, NULL, 0, NULL, '2013-01-12 06:20:49', 0, NULL, 0, 0, 0, 0, 5687, 'МОРЕ(маски,ласты,очки,трубки)', 0, 0),
(1658, 0, '5690-ochki-dlya-plavaniya-Speedo-8042820000', '', ' ', 220.00, 0.00, 0, 0, 0, 0, NULL, 0, NULL, 0, NULL, '2013-01-12 06:20:49', 0, NULL, 0, 0, 0, 0, 5690, 'МОРЕ(маски,ласты,очки,трубки)', 0, 0),
(1659, 0, '5689-ochki-dlya-plavaniya-Speedo-8061700000', '', ' ', 250.00, 0.00, 0, 0, 0, 0, NULL, 0, NULL, 0, NULL, '2013-01-12 06:20:49', 0, NULL, 0, 0, 0, 0, 5689, 'МОРЕ(маски,ласты,очки,трубки)', 0, 0),
(1660, 0, '2937-trubka-Technisub-245', '', ' ', 245.00, 0.00, 0, 0, 0, 0, NULL, 0, NULL, 0, NULL, '2013-01-12 06:20:49', 0, NULL, 0, 0, 0, 0, 2937, 'МОРЕ(маски,ласты,очки,трубки)', 0, 0),
(1661, 0, '2938-trubka-Technisub-Air-2-klapana', '', ' ', 215.00, 0.00, 0, 0, 0, 0, NULL, 0, NULL, 0, NULL, '2013-01-12 06:20:49', 0, NULL, 0, 0, 0, 0, 2938, 'МОРЕ(маски,ласты,очки,трубки)', 0, 0),
(1662, 0, '2939-trubka-Technisub-Air-2-klapana-gofra', '', ' ', 256.00, 0.00, 0, 0, 0, 0, NULL, 0, NULL, 0, NULL, '2013-01-12 06:20:49', 0, NULL, 0, 0, 0, 0, 2939, 'МОРЕ(маски,ласты,очки,трубки)', 0, 0),
(1663, 0, '2941-trubka-Technisub-Heliox-s-klapanom', '', ' ', 220.00, 0.00, 0, 0, 0, 0, NULL, 0, NULL, 0, NULL, '2013-01-12 06:20:49', 0, NULL, 0, 0, 0, 0, 2941, 'МОРЕ(маски,ласты,очки,трубки)', 0, 0),
(1664, 0, '5697-shapochki-dlya-plavaniya-8011514564', '', ' ', 130.00, 0.00, 0, 0, 0, 0, NULL, 0, NULL, 0, NULL, '2013-01-12 06:20:49', 0, NULL, 0, 0, 0, 0, 5697, 'МОРЕ(маски,ласты,очки,трубки)', 0, 0),
(1665, 0, '2947-shapochki-dlya-plavaniya-8035830000', '', ' ', 130.00, 0.00, 0, 0, 0, 0, NULL, 0, NULL, 0, NULL, '2013-01-12 06:20:49', 0, NULL, 0, 0, 0, 0, 2947, 'МОРЕ(маски,ласты,очки,трубки)', 0, 0),
(1666, 0, '5696-shapochki-dlya-plavaniya-8061690000', '', ' ', 140.00, 0.00, 0, 0, 0, 0, NULL, 0, NULL, 0, NULL, '2013-01-12 06:20:49', 0, NULL, 0, 0, 0, 0, 5696, 'МОРЕ(маски,ласты,очки,трубки)', 0, 0),
(1667, 0, '5704-shapochki-dlya-plavaniya-8069180000', '', ' ', 160.00, 0.00, 0, 0, 0, 0, NULL, 0, NULL, 0, NULL, '2013-01-12 06:20:50', 0, NULL, 0, 0, 0, 0, 5704, 'МОРЕ(маски,ласты,очки,трубки)', 0, 0),
(1668, 0, '4049-shapochki-dlya-plavaniya-91010-50', '', ' ', 130.00, 0.00, 0, 0, 0, 0, NULL, 0, NULL, 0, NULL, '2013-01-12 06:20:50', 0, NULL, 0, 0, 0, 0, 4049, 'МОРЕ(маски,ласты,очки,трубки)', 0, 0),
(1669, 0, '5703-shapochki-dlya-plavaniya-9101011', '', ' ', 135.00, 0.00, 0, 0, 0, 0, NULL, 0, NULL, 0, NULL, '2013-01-12 06:20:50', 0, NULL, 0, 0, 0, 0, 5703, 'МОРЕ(маски,ласты,очки,трубки)', 0, 0),
(1670, 0, '5705-shapochki-dlya-plavaniya-91131-20', '', ' ', 110.00, 0.00, 0, 0, 0, 0, NULL, 0, NULL, 0, NULL, '2013-01-12 06:20:50', 0, NULL, 0, 0, 0, 0, 5705, 'МОРЕ(маски,ласты,очки,трубки)', 0, 0),
(1671, 0, '5700-shapochki-dlya-plavaniya-91232-20', '', ' ', 60.00, 0.00, 0, 0, 0, 0, NULL, 0, NULL, 0, NULL, '2013-01-12 06:20:50', 0, NULL, 0, 0, 0, 0, 5700, 'МОРЕ(маски,ласты,очки,трубки)', 0, 0),
(1672, 0, '2955-shapochki-dlya-plavaniya-91233-20', '', ' ', 100.00, 0.00, 0, 0, 0, 0, NULL, 0, NULL, 0, NULL, '2013-01-12 06:20:50', 0, NULL, 0, 0, 0, 0, 2955, 'МОРЕ(маски,ласты,очки,трубки)', 0, 0),
(1673, 0, '5707-shapochki-dlya-plavaniya-91241-20', '', ' ', 78.00, 0.00, 0, 0, 0, 0, NULL, 0, NULL, 0, NULL, '2013-01-12 06:20:50', 0, NULL, 0, 0, 0, 0, 5707, 'МОРЕ(маски,ласты,очки,трубки)', 0, 0),
(1674, 0, '5706-shapochki-dlya-plavaniya-91289-20', '', ' ', 110.00, 0.00, 0, 0, 0, 0, NULL, 0, NULL, 0, NULL, '2013-01-12 06:20:50', 0, NULL, 0, 0, 0, 0, 5706, 'МОРЕ(маски,ласты,очки,трубки)', 0, 0),
(1675, 0, '5698-shapochki-dlya-plavaniya-91294-20999', '', ' ', 55.00, 0.00, 0, 0, 0, 0, NULL, 0, NULL, 0, NULL, '2013-01-12 06:20:50', 0, NULL, 0, 0, 0, 0, 5698, 'МОРЕ(маски,ласты,очки,трубки)', 0, 0),
(1676, 0, '3586-shapochki-dlya-plavaniya-91367-20', '', ' ', 120.00, 0.00, 0, 0, 0, 0, NULL, 0, NULL, 0, NULL, '2013-01-12 06:20:50', 0, NULL, 0, 0, 0, 0, 3586, 'МОРЕ(маски,ласты,очки,трубки)', 0, 0),
(1677, 0, '5695-shapochki-dlya-plavaniya-91388-20', '', ' ', 120.00, 0.00, 0, 0, 0, 0, NULL, 0, NULL, 0, NULL, '2013-01-12 06:20:50', 0, NULL, 0, 0, 0, 0, 5695, 'МОРЕ(маски,ласты,очки,трубки)', 0, 0),
(1678, 0, '5701-shapochki-dlya-plavaniya-9143545', '', ' ', 120.00, 0.00, 0, 0, 0, 0, NULL, 0, NULL, 0, NULL, '2013-01-12 06:20:50', 0, NULL, 0, 0, 0, 0, 5701, 'МОРЕ(маски,ласты,очки,трубки)', 0, 0),
(1679, 0, '2952-shapochki-dlya-plavaniya-9143685', '', ' ', 132.00, 0.00, 0, 0, 0, 0, NULL, 0, NULL, 0, NULL, '2013-01-12 06:20:50', 0, NULL, 0, 0, 0, 0, 2952, 'МОРЕ(маски,ласты,очки,трубки)', 0, 0),
(1680, 0, '5702-shapochki-dlya-plavaniya-9146640', '', ' ', 125.00, 0.00, 0, 0, 0, 0, NULL, 0, NULL, 0, NULL, '2013-01-12 06:20:50', 0, NULL, 0, 0, 0, 0, 5702, 'МОРЕ(маски,ласты,очки,трубки)', 0, 0),
(1681, 0, '5699-shapochki-dlya-plavaniya-91552-90', '', ' ', 100.00, 0.00, 0, 0, 0, 0, NULL, 0, NULL, 0, NULL, '2013-01-12 06:20:50', 0, NULL, 0, 0, 0, 0, 5699, 'МОРЕ(маски,ласты,очки,трубки)', 0, 0),
(1682, 0, '2954-shapochki-dlya-plavaniya-Arena-9113120', '', ' ', 110.00, 0.00, 0, 0, 0, 0, NULL, 0, NULL, 0, NULL, '2013-01-12 06:20:50', 0, NULL, 0, 0, 0, 0, 2954, 'МОРЕ(маски,ласты,очки,трубки)', 0, 0),
(1683, 0, '3583-shapochki-dlya-plavaniya-Arena-9123220', '', ' ', 180.00, 0.00, 0, 0, 0, 0, NULL, 0, NULL, 0, NULL, '2013-01-12 06:20:50', 0, NULL, 0, 0, 0, 0, 3583, 'МОРЕ(маски,ласты,очки,трубки)', 0, 0),
(1684, 0, '5747-maska-Techmotions-Knopfl-mat-black', '', ' ', 450.00, 0.00, 0, 0, 0, 0, NULL, 0, NULL, 0, NULL, '2013-01-12 06:20:50', 0, NULL, 0, 0, 0, 0, 5747, 'Очки', 0, 0),
(1685, 0, '5748-maska-Techmotions-Knopfl-blue', '', ' ', 450.00, 0.00, 0, 0, 0, 0, NULL, 0, NULL, 0, NULL, '2013-01-12 06:20:50', 0, NULL, 0, 0, 0, 0, 5748, 'Очки', 0, 0),
(1686, 0, '5746-maska-Techmotions-Knopfl-yellow', '', ' ', 450.00, 0.00, 0, 0, 0, 0, NULL, 0, NULL, 0, NULL, '2013-01-12 06:20:50', 0, NULL, 0, 0, 0, 0, 5746, 'Очки', 0, 0),
(1687, 0, '5744-maska-Techmotions-SG-02-black', '', ' ', 325.00, 0.00, 0, 0, 0, 0, NULL, 0, NULL, 0, NULL, '2013-01-12 06:20:50', 0, NULL, 0, 0, 0, 0, 5744, 'Очки', 0, 0),
(1688, 0, '5743-maska-Techmotions-SG-02-grey', '', ' ', 325.00, 0.00, 0, 0, 0, 0, NULL, 0, NULL, 0, NULL, '2013-01-12 06:20:50', 0, NULL, 0, 0, 0, 0, 5743, 'Очки', 0, 0),
(1689, 0, '1985-ochki-AMBER-GLOW-002-ser-gol-UV400', '', ' ', 70.00, 0.00, 0, 0, 0, 0, NULL, 0, NULL, 0, NULL, '2013-01-12 06:20:50', 0, NULL, 0, 0, 0, 0, 1985, 'Очки', 0, 0),
(1690, 0, '1987-ochki-AMBER-GLOW-007-chern-metalik-UV400', '', ' ', 80.00, 0.00, 0, 0, 0, 0, NULL, 0, NULL, 0, NULL, '2013-01-12 06:20:50', 0, NULL, 0, 0, 0, 0, 1987, 'Очки', 0, 0),
(1691, 0, '1988-ochki-AMBER-GLOW-ALLURE-chehol', '', ' ', 120.00, 0.00, 0, 0, 0, 0, NULL, 0, NULL, 0, NULL, '2013-01-12 06:20:50', 0, NULL, 0, 0, 0, 0, 1988, 'Очки', 0, 0),
(1692, 0, '1989-ochki-AMBER-GLOW-EJECTOR-chehol', '', ' ', 115.00, 0.00, 0, 0, 0, 0, NULL, 0, NULL, 0, NULL, '2013-01-12 06:20:50', 0, NULL, 0, 0, 0, 0, 1989, 'Очки', 0, 0),
(1693, 0, '1990-ochki-AMBER-GLOW-FANATIC-chehol', '', ' ', 145.00, 0.00, 0, 0, 0, 0, NULL, 0, NULL, 0, NULL, '2013-01-12 06:20:50', 0, NULL, 0, 0, 0, 0, 1990, 'Очки', 0, 0),
(1694, 0, '1991-ochki-AMBER-GLOW-Sniper-chehol', '', ' ', 160.00, 0.00, 0, 0, 0, 0, NULL, 0, NULL, 0, NULL, '2013-01-12 06:20:50', 0, NULL, 0, 0, 0, 0, 1991, 'Очки', 0, 0),
(1695, 0, '1992-ochki-AMBER-GLOW-TORPEDO-chehol', '', ' ', 115.00, 0.00, 0, 0, 0, 0, NULL, 0, NULL, 0, NULL, '2013-01-12 06:20:50', 0, NULL, 0, 0, 0, 0, 1992, 'Очки', 0, 0),
(1696, 0, '1995-ochki-ASICS-HYPER-BLACK-polyarizatsiya', '', ' ', 450.00, 0.00, 0, 0, 0, 0, NULL, 0, NULL, 0, NULL, '2013-01-12 06:20:50', 0, NULL, 0, 0, 0, 0, 1995, 'Очки', 0, 0),
(1697, 0, '2000-ochki-DUNLOP-320-Blk', '', ' ', 500.00, 0.00, 0, 0, 0, 0, NULL, 0, NULL, 0, NULL, '2013-01-12 06:20:50', 0, NULL, 0, 0, 0, 0, 2000, 'Очки', 0, 0),
(1698, 0, '2001-ochki-DUNLOP-322-414', '', ' ', 470.00, 0.00, 0, 0, 0, 0, NULL, 0, NULL, 0, NULL, '2013-01-12 06:20:50', 0, NULL, 0, 0, 0, 0, 2001, 'Очки', 0, 0),
(1699, 0, '2003-ochki-DUNLOP-334-01', '', ' ', 600.00, 0.00, 0, 0, 0, 0, NULL, 0, NULL, 0, NULL, '2013-01-12 06:20:50', 0, NULL, 0, 0, 0, 0, 2003, 'Очки', 0, 0),
(1700, 0, '2004-ochki-DUNLOP-348-383', '', ' ', 500.00, 0.00, 0, 0, 0, 0, NULL, 0, NULL, 0, NULL, '2013-01-12 06:20:50', 0, NULL, 0, 0, 0, 0, 2004, 'Очки', 0, 0),
(1701, 0, '2005-ochki-DUNLOP-352-GM', '', ' ', 350.00, 0.00, 0, 0, 0, 0, NULL, 0, NULL, 0, NULL, '2013-01-12 06:20:50', 0, NULL, 0, 0, 0, 0, 2005, 'Очки', 0, 0),
(1702, 0, '2007-ochki-DUNLOP-355-GL', '', ' ', 350.00, 0.00, 0, 0, 0, 0, NULL, 0, NULL, 0, NULL, '2013-01-12 06:20:50', 0, NULL, 0, 0, 0, 0, 2007, 'Очки', 0, 0),
(1703, 0, '2008-ochki-DUNLOP-362-519-POLARIZED', '', ' ', 410.00, 0.00, 0, 0, 0, 0, NULL, 0, NULL, 0, NULL, '2013-01-12 06:20:50', 0, NULL, 0, 0, 0, 0, 2008, 'Очки', 0, 0),
(1704, 0, '2009-ochki-DUNLOP-363-207', '', ' ', 410.00, 0.00, 0, 0, 0, 0, NULL, 0, NULL, 0, NULL, '2013-01-12 06:20:50', 0, NULL, 0, 0, 0, 0, 2009, 'Очки', 0, 0),
(1705, 0, '2010-ochki-DUNLOP-368-406', '', ' ', 510.00, 0.00, 0, 0, 0, 0, NULL, 0, NULL, 0, NULL, '2013-01-12 06:20:50', 0, NULL, 0, 0, 0, 0, 2010, 'Очки', 0, 0),
(1706, 0, '2011-ochki-GALAXY-JF-oprava-Shiny-Blood-Red', '', ' ', 520.00, 0.00, 0, 0, 0, 0, NULL, 0, NULL, 0, NULL, '2013-01-12 06:20:50', 0, NULL, 0, 0, 0, 0, 2011, 'Очки', 0, 0),
(1707, 0, '2015-ochki-Goggle-e335-4P', '', ' ', 250.00, 0.00, 0, 0, 0, 0, NULL, 0, NULL, 0, NULL, '2013-01-12 06:20:50', 0, NULL, 0, 0, 0, 0, 2015, 'Очки', 0, 0),
(1708, 0, '2019-ochki-Goggle-e865-5', '', ' ', 370.00, 0.00, 0, 0, 0, 0, NULL, 0, NULL, 0, NULL, '2013-01-12 06:20:50', 0, NULL, 0, 0, 0, 0, 2019, 'Очки', 0, 0),
(1709, 0, '2020-ochki-Goggle-e878-1', '', ' ', 350.00, 0.00, 0, 0, 0, 0, NULL, 0, NULL, 0, NULL, '2013-01-12 06:20:50', 0, NULL, 0, 0, 0, 0, 2020, 'Очки', 0, 0),
(1710, 0, '2021-ochki-Goggle-e878-3', '', ' ', 350.00, 0.00, 0, 0, 0, 0, NULL, 0, NULL, 0, NULL, '2013-01-12 06:20:50', 0, NULL, 0, 0, 0, 0, 2021, 'Очки', 0, 0),
(1711, 0, '3967-ochki-Goggle-zima-T360-4P', '', ' ', 350.00, 0.00, 0, 0, 0, 0, NULL, 0, NULL, 0, NULL, '2013-01-12 06:20:50', 0, NULL, 0, 0, 0, 0, 3967, 'Очки', 0, 0),
(1712, 0, '3968-ochki-Goggle-zima-T416-2', '', ' ', 420.00, 0.00, 0, 0, 0, 0, NULL, 0, NULL, 0, NULL, '2013-01-12 06:20:50', 0, NULL, 0, 0, 0, 0, 3968, 'Очки', 0, 0),
(1713, 0, '3969-ochki-Goggle-zima-T416-4R', '', ' ', 450.00, 0.00, 0, 0, 0, 0, NULL, 0, NULL, 0, NULL, '2013-01-12 06:20:50', 0, NULL, 0, 0, 0, 0, 3969, 'Очки', 0, 0),
(1714, 0, '3970-ochki-Goggle-zima-T465-1', '', ' ', 280.00, 0.00, 0, 0, 0, 0, NULL, 0, NULL, 0, NULL, '2013-01-12 06:20:50', 0, NULL, 0, 0, 0, 0, 3970, 'Очки', 0, 0),
(1715, 0, '3972-ochki-Goggle-zima-T512-4', '', ' ', 280.00, 0.00, 0, 0, 0, 0, NULL, 0, NULL, 0, NULL, '2013-01-12 06:20:50', 0, NULL, 0, 0, 0, 0, 3972, 'Очки', 0, 0),
(1716, 0, '2027-ochki-HI-TEC-Next-08', '', ' ', 129.00, 0.00, 0, 0, 0, 0, NULL, 0, NULL, 0, NULL, '2013-01-12 06:20:50', 0, NULL, 0, 0, 0, 0, 2027, 'Очки', 0, 0),
(1717, 0, '2038-ochki-M-ighty-temnoe-steklo', '', ' ', 150.00, 0.00, 0, 0, 0, 0, NULL, 0, NULL, 0, NULL, '2013-01-12 06:20:50', 0, NULL, 0, 0, 0, 0, 2038, 'Очки', 0, 0),
(1718, 0, '2042-ochki-NBSUN107-1-POLARIZED', '', ' ', 300.00, 0.00, 0, 0, 0, 0, NULL, 0, NULL, 0, NULL, '2013-01-12 06:20:50', 0, NULL, 0, 0, 0, 0, 2042, 'Очки', 0, 0),
(1719, 0, '4660-ochki-R2-AT025C-LADY', '', ' ', 175.00, 0.00, 0, 0, 0, 0, NULL, 0, NULL, 0, NULL, '2013-01-12 06:20:50', 0, NULL, 0, 0, 0, 0, 4660, 'Очки', 0, 0),
(1720, 0, '2046-ochki-R2-AT038B-WHEELER', '', ' ', 290.00, 0.00, 0, 0, 0, 0, NULL, 0, NULL, 0, NULL, '2013-01-12 06:20:50', 0, NULL, 0, 0, 0, 0, 2046, 'Очки', 0, 0),
(1721, 0, '2047-ochki-R2-AT040s-CINCH', '', ' ', 295.00, 0.00, 0, 0, 0, 0, NULL, 0, NULL, 0, NULL, '2013-01-12 06:20:50', 0, NULL, 0, 0, 0, 0, 2047, 'Очки', 0, 0),
(1722, 0, '4662-ochki-R2-AT046A-SPOKES', '', ' ', 260.00, 0.00, 0, 0, 0, 0, NULL, 0, NULL, 0, NULL, '2013-01-12 06:20:50', 0, NULL, 0, 0, 0, 0, 4662, 'Очки', 0, 0),
(1723, 0, '4663-ochki-R2-AT050B-MISSION', '', ' ', 345.00, 0.00, 0, 0, 0, 0, NULL, 0, NULL, 0, NULL, '2013-01-12 06:20:50', 0, NULL, 0, 0, 0, 0, 4663, 'Очки', 0, 0),
(1724, 0, '4664-ochki-R2-AT050s-MISSION', '', ' ', 295.00, 0.00, 0, 0, 0, 0, NULL, 0, NULL, 0, NULL, '2013-01-12 06:20:50', 0, NULL, 0, 0, 0, 0, 4664, 'Очки', 0, 0);
INSERT INTO `catalog_product` (`product_id`, `manufacturer_id`, `ident`, `name`, `article`, `price`, `new_price`, `discountPercent`, `taxable`, `quantity`, `newest`, `newest_date`, `hit`, `hit_date`, `special`, `special_date`, `lastmod`, `viewed`, `video`, `in_stock`, `sort_order`, `publication_review_id`, `status`, `code_1c`, `group_1c`, `author_id`, `last_edit_id`) VALUES
(1725, 0, '2049-ochki-R2-AT054-CHEETAH', '', ' ', 265.00, 0.00, 0, 0, 0, 0, NULL, 0, NULL, 0, NULL, '2013-01-12 06:20:50', 0, NULL, 0, 0, 0, 0, 2049, 'Очки', 0, 0),
(1726, 0, '4666-ochki-R2-AT054v-CHEETAH', '', ' ', 265.00, 0.00, 0, 0, 0, 0, NULL, 0, NULL, 0, NULL, '2013-01-12 06:20:50', 0, NULL, 0, 0, 0, 0, 4666, 'Очки', 0, 0),
(1727, 0, '2051-ochki-R2-AT055A-SERPENT', '', ' ', 255.00, 0.00, 0, 0, 0, 0, NULL, 0, NULL, 0, NULL, '2013-01-12 06:20:50', 0, NULL, 0, 0, 0, 0, 2051, 'Очки', 0, 0),
(1728, 0, '2058-ochki-R2-AT063-RACER', '', ' ', 425.00, 0.00, 0, 0, 0, 0, NULL, 0, NULL, 0, NULL, '2013-01-12 06:20:50', 0, NULL, 0, 0, 0, 0, 2058, 'Очки', 0, 0),
(1729, 0, '2061-ochki-R2-AT065C-SHOCK', '', ' ', 255.00, 0.00, 0, 0, 0, 0, NULL, 0, NULL, 0, NULL, '2013-01-12 06:20:50', 0, NULL, 0, 0, 0, 0, 2061, 'Очки', 0, 0),
(1730, 0, '4316-ochki-R2-AT068-VIPER-1', '', ' ', 475.00, 0.00, 0, 0, 0, 0, NULL, 0, NULL, 0, NULL, '2013-01-12 06:20:50', 0, NULL, 0, 0, 0, 0, 4316, 'Очки', 0, 0),
(1731, 0, '4673-ochki-R2-AT069A-MOUNT', '', ' ', 475.00, 0.00, 0, 0, 0, 0, NULL, 0, NULL, 0, NULL, '2013-01-12 06:20:50', 0, NULL, 0, 0, 0, 0, 4673, 'Очки', 0, 0),
(1732, 0, '4674-ochki-R2-AT073-PROS', '', ' ', 320.00, 0.00, 0, 0, 0, 0, NULL, 0, NULL, 0, NULL, '2013-01-12 06:20:50', 0, NULL, 0, 0, 0, 0, 4674, 'Очки', 0, 0),
(1733, 0, '2063-ochki-S40R-oprava-Dark-Red-linzyi-B20FD', '', ' ', 600.00, 0.00, 0, 0, 0, 0, NULL, 0, NULL, 0, NULL, '2013-01-12 06:20:50', 0, NULL, 0, 0, 0, 0, 2063, 'Очки', 0, 0),
(1734, 0, '5574-ochki-SH-RG-4090-ch-r-crystal-chehol', '', ' ', 350.00, 0.00, 0, 0, 0, 0, NULL, 0, NULL, 0, NULL, '2013-01-12 06:20:50', 0, NULL, 0, 0, 0, 0, 5574, 'Очки', 0, 0),
(1735, 0, '2065-ochki-SOLSTICE-oprava-Mat-Alu-Dark-Grey', '', ' ', 420.00, 0.00, 0, 0, 0, 0, NULL, 0, NULL, 0, NULL, '2013-01-12 06:20:50', 0, NULL, 0, 0, 0, 0, 2065, 'Очки', 0, 0),
(1736, 0, '2066-ochki-SOLSTICE-oprava-Mat-Titanium-Brow', '', ' ', 420.00, 0.00, 0, 0, 0, 0, NULL, 0, NULL, 0, NULL, '2013-01-12 06:20:50', 0, NULL, 0, 0, 0, 0, 2066, 'Очки', 0, 0),
(1737, 0, '2067-ochki-SPARK-oprava-Mat-Alu-Dark-Grey-Gra', '', ' ', 610.00, 0.00, 0, 0, 0, 0, NULL, 0, NULL, 0, NULL, '2013-01-12 06:20:50', 0, NULL, 0, 0, 0, 0, 2067, 'Очки', 0, 0),
(1738, 0, '2068-ochki-SPARK-oprava-Mat-Mag-Gradient-Smok', '', ' ', 610.00, 0.00, 0, 0, 0, 0, NULL, 0, NULL, 0, NULL, '2013-01-12 06:20:50', 0, NULL, 0, 0, 0, 0, 2068, 'Очки', 0, 0),
(1739, 0, '2069-ochki-SPARK-oprava-Shiny-Carbon-Gradient', '', ' ', 610.00, 0.00, 0, 0, 0, 0, NULL, 0, NULL, 0, NULL, '2013-01-12 06:20:50', 0, NULL, 0, 0, 0, 0, 2069, 'Очки', 0, 0),
(1740, 0, '4317-ochki-VK-Scottik-prozr-i-jelt-linzyi', '', ' ', 200.00, 0.00, 0, 0, 0, 0, NULL, 0, NULL, 0, NULL, '2013-01-12 06:20:50', 0, NULL, 0, 0, 0, 0, 4317, 'Очки', 0, 0),
(1741, 0, '4943-ochki-sportivnyie-TW-UV400-M22091LN-s-dvumya-smenny', '', ' ', 140.00, 0.00, 0, 0, 0, 0, NULL, 0, NULL, 0, NULL, '2013-01-12 06:20:50', 0, NULL, 0, 0, 0, 0, 4943, 'Очки', 0, 0),
(1742, 0, '3908-udlinitel-dlya-maski-SCOTT', '', ' ', 45.00, 0.00, 0, 0, 0, 0, NULL, 0, NULL, 0, NULL, '2013-01-12 06:20:50', 0, NULL, 0, 0, 0, 0, 3908, 'Очки', 0, 0),
(1743, 0, '2074-chehol-jestkiy-MERENI-dlya-ochkov-i-linz', '', ' ', 65.00, 0.00, 0, 0, 0, 0, NULL, 0, NULL, 0, NULL, '2013-01-12 06:20:50', 0, NULL, 0, 0, 0, 0, 2074, 'Очки', 0, 0),
(1744, 0, '2720-kolesa-dlya-rolikov-d-64-bez-podshibnika', '', ' ', 110.00, 0.00, 0, 0, 0, 0, NULL, 0, NULL, 0, NULL, '2013-01-12 06:20:50', 0, NULL, 0, 0, 0, 0, 2720, 'Ролики', 0, 0),
(1745, 0, '2721-kolesa-dlya-rolikov-d-70-bez-podshibnika', '', ' ', 110.00, 0.00, 0, 0, 0, 0, NULL, 0, NULL, 0, NULL, '2013-01-12 06:20:50', 0, NULL, 0, 0, 0, 0, 2721, 'Ролики', 0, 0),
(1746, 0, '2722-kolesa-dlya-rolikov-d-72-bez-podshibnika', '', ' ', 110.00, 0.00, 0, 0, 0, 0, NULL, 0, NULL, 0, NULL, '2013-01-12 06:20:50', 0, NULL, 0, 0, 0, 0, 2722, 'Ролики', 0, 0),
(1747, 0, '2725-kolesa-dlya-rolikov-d-64-s-podshibnikami', '', ' ', 150.00, 0.00, 0, 0, 0, 0, NULL, 0, NULL, 0, NULL, '2013-01-12 06:20:50', 0, NULL, 0, 0, 0, 0, 2725, 'Ролики', 0, 0),
(1748, 0, '2345-kolesa-dlya-rolikov-64mm', '', ' ', 120.00, 0.00, 0, 0, 0, 0, NULL, 0, NULL, 0, NULL, '2013-01-12 06:20:50', 0, NULL, 0, 0, 0, 0, 2345, 'Ролики', 0, 0),
(1749, 0, '2343-kolesa-dlya-samokata-145mm', '', ' ', 50.00, 0.00, 0, 0, 0, 0, NULL, 0, NULL, 0, NULL, '2013-01-12 06:20:50', 0, NULL, 0, 0, 0, 0, 2343, 'Ролики', 0, 0),
(1750, 0, '2344-kolesa-dlya-samokata-180mm', '', ' ', 80.00, 0.00, 0, 0, 0, 0, NULL, 0, NULL, 0, NULL, '2013-01-12 06:20:50', 0, NULL, 0, 0, 0, 0, 2344, 'Ролики', 0, 0),
(1751, 0, '2348-roliki-Fila-010609055-PRIMO-XT-40r', '', ' ', 1430.00, 0.00, 0, 0, 0, 0, NULL, 0, NULL, 0, NULL, '2013-01-12 06:20:50', 0, NULL, 0, 0, 0, 0, 2348, 'Ролики', 0, 0),
(1752, 0, '4112-roliki-Xiangtian-36-39-razm-ryukzak', '', ' ', 330.00, 0.00, 0, 0, 0, 0, NULL, 0, NULL, 0, NULL, '2013-01-12 06:20:50', 0, NULL, 0, 0, 0, 0, 4112, 'Ролики', 0, 0),
(1753, 0, '2353-roliki-Action-PW-126B-37-40', '', ' ', 380.00, 0.00, 0, 0, 0, 0, NULL, 0, NULL, 0, NULL, '2013-01-12 06:20:50', 0, NULL, 0, 0, 0, 0, 2353, 'Ролики', 0, 0),
(1754, 0, '2362-roliki-Amigo-A-3600-30-33r-pink', '', ' ', 295.00, 0.00, 0, 0, 0, 0, NULL, 0, NULL, 0, NULL, '2013-01-12 06:20:50', 0, NULL, 0, 0, 0, 0, 2362, 'Ролики', 0, 0),
(1755, 0, '2363-roliki-Amigo-A-3600-34-37r', '', ' ', 295.00, 0.00, 0, 0, 0, 0, NULL, 0, NULL, 0, NULL, '2013-01-12 06:20:50', 0, NULL, 0, 0, 0, 0, 2363, 'Ролики', 0, 0),
(1756, 0, '3660-roliki-Amigo-A-3600-38-41r', '', ' ', 295.00, 0.00, 0, 0, 0, 0, NULL, 0, NULL, 0, NULL, '2013-01-12 06:20:50', 0, NULL, 0, 0, 0, 0, 3660, 'Ролики', 0, 0),
(1757, 0, '2365-roliki-Amigo-A-3700-34-37r', '', ' ', 340.00, 0.00, 0, 0, 0, 0, NULL, 0, NULL, 0, NULL, '2013-01-12 06:20:50', 0, NULL, 0, 0, 0, 0, 2365, 'Ролики', 0, 0),
(1758, 0, '2368-roliki-Amigo-A-4100-38r-goluboy', '', ' ', 650.00, 0.00, 0, 0, 0, 0, NULL, 0, NULL, 0, NULL, '2013-01-12 06:20:50', 0, NULL, 0, 0, 0, 0, 2368, 'Ролики', 0, 0),
(1759, 0, '4815-roliki-Amigo-A3800-PRO-35-38', '', ' ', 440.00, 0.00, 0, 0, 0, 0, NULL, 0, NULL, 0, NULL, '2013-01-12 06:20:50', 0, NULL, 0, 0, 0, 0, 4815, 'Ролики', 0, 0),
(1760, 0, '4816-roliki-Amigo-A3800-PRO-39-42', '', ' ', 440.00, 0.00, 0, 0, 0, 0, NULL, 0, NULL, 0, NULL, '2013-01-12 06:20:50', 0, NULL, 0, 0, 0, 0, 4816, 'Ролики', 0, 0),
(1761, 0, '4812-roliki-Amigo-Accent-38-41', '', ' ', 460.00, 0.00, 0, 0, 0, 0, NULL, 0, NULL, 0, NULL, '2013-01-12 06:20:50', 0, NULL, 0, 0, 0, 0, 4812, 'Ролики', 0, 0),
(1762, 0, '4458-roliki-Amigo-ASPEN-34-37', '', ' ', 560.00, 0.00, 0, 0, 0, 0, NULL, 0, NULL, 0, NULL, '2013-01-12 06:20:50', 0, NULL, 0, 0, 0, 0, 4458, 'Ролики', 0, 0),
(1763, 0, '4459-roliki-Amigo-ASPEN-38-41', '', ' ', 560.00, 0.00, 0, 0, 0, 0, NULL, 0, NULL, 0, NULL, '2013-01-12 06:20:50', 0, NULL, 0, 0, 0, 0, 4459, 'Ролики', 0, 0),
(1764, 0, '4461-roliki-Amigo-Bronco-PRO-new-35-38', '', ' ', 520.00, 0.00, 0, 0, 0, 0, NULL, 0, NULL, 0, NULL, '2013-01-12 06:20:50', 0, NULL, 0, 0, 0, 0, 4461, 'Ролики', 0, 0),
(1765, 0, '5544-roliki-Amigo-Comfort-Flex-40-43', '', ' ', 390.00, 0.00, 0, 0, 0, 0, NULL, 0, NULL, 0, NULL, '2013-01-12 06:20:50', 0, NULL, 0, 0, 0, 0, 5544, 'Ролики', 0, 0),
(1766, 0, '5476-roliki-Amigo-Concorde-32-35', '', ' ', 500.00, 0.00, 0, 0, 0, 0, NULL, 0, NULL, 0, NULL, '2013-01-12 06:20:50', 0, NULL, 0, 0, 0, 0, 5476, 'Ролики', 0, 0),
(1767, 0, '5477-roliki-Amigo-Concorde-36-39', '', ' ', 500.00, 0.00, 0, 0, 0, 0, NULL, 0, NULL, 0, NULL, '2013-01-12 06:20:50', 0, NULL, 0, 0, 0, 0, 5477, 'Ролики', 0, 0),
(1768, 0, '4806-roliki-Amigo-Dakota-36-39', '', ' ', 550.00, 0.00, 0, 0, 0, 0, NULL, 0, NULL, 0, NULL, '2013-01-12 06:20:50', 0, NULL, 0, 0, 0, 0, 4806, 'Ролики', 0, 0),
(1769, 0, '5526-roliki-Amigo-Eagle-34-37', '', ' ', 350.00, 0.00, 0, 0, 0, 0, NULL, 0, NULL, 0, NULL, '2013-01-12 06:20:50', 0, NULL, 0, 0, 0, 0, 5526, 'Ролики', 0, 0),
(1770, 0, '5527-roliki-Amigo-Eagle-38-41', '', ' ', 350.00, 0.00, 0, 0, 0, 0, NULL, 0, NULL, 0, NULL, '2013-01-12 06:20:50', 0, NULL, 0, 0, 0, 0, 5527, 'Ролики', 0, 0),
(1771, 0, '4464-roliki-Amigo-ECHO-new-36-39', '', ' ', 445.00, 0.00, 0, 0, 0, 0, NULL, 0, NULL, 0, NULL, '2013-01-12 06:20:50', 0, NULL, 0, 0, 0, 0, 4464, 'Ролики', 0, 0),
(1772, 0, '5540-roliki-Amigo-Eldorado-34-37', '', ' ', 450.00, 0.00, 0, 0, 0, 0, NULL, 0, NULL, 0, NULL, '2013-01-12 06:20:50', 0, NULL, 0, 0, 0, 0, 5540, 'Ролики', 0, 0),
(1773, 0, '5468-roliki-Amigo-Encore-pro-35-38', '', ' ', 440.00, 0.00, 0, 0, 0, 0, NULL, 0, NULL, 0, NULL, '2013-01-12 06:20:50', 0, NULL, 0, 0, 0, 0, 5468, 'Ролики', 0, 0),
(1774, 0, '5469-roliki-Amigo-Encore-pro-39-42', '', ' ', 440.00, 0.00, 0, 0, 0, 0, NULL, 0, NULL, 0, NULL, '2013-01-12 06:20:50', 0, NULL, 0, 0, 0, 0, 5469, 'Ролики', 0, 0),
(1775, 0, '5474-roliki-Amigo-Esteem-pro-31-34', '', ' ', 500.00, 0.00, 0, 0, 0, 0, NULL, 0, NULL, 0, NULL, '2013-01-12 06:20:50', 0, NULL, 0, 0, 0, 0, 5474, 'Ролики', 0, 0),
(1776, 0, '5475-roliki-Amigo-Esteem-pro-35-38', '', ' ', 500.00, 0.00, 0, 0, 0, 0, NULL, 0, NULL, 0, NULL, '2013-01-12 06:20:50', 0, NULL, 0, 0, 0, 0, 5475, 'Ролики', 0, 0),
(1777, 0, '5100-roliki-Amigo-Keddo-ICE-36-39', '', ' ', 475.00, 0.00, 0, 0, 0, 0, NULL, 0, NULL, 0, NULL, '2013-01-12 06:20:50', 0, NULL, 0, 0, 0, 0, 5100, 'Ролики', 0, 0),
(1778, 0, '2401-roliki-Amigo-Keddo-Printing-40-43', '', ' ', 400.00, 0.00, 0, 0, 0, 0, NULL, 0, NULL, 0, NULL, '2013-01-12 06:20:50', 0, NULL, 0, 0, 0, 0, 2401, 'Ролики', 0, 0),
(1779, 0, '4929-roliki-Amigo-Kodiac-34-37', '', ' ', 490.00, 0.00, 0, 0, 0, 0, NULL, 0, NULL, 0, NULL, '2013-01-12 06:20:50', 0, NULL, 0, 0, 0, 0, 4929, 'Ролики', 0, 0),
(1780, 0, '2403-roliki-Amigo-Laser-34-37', '', ' ', 335.00, 0.00, 0, 0, 0, 0, NULL, 0, NULL, 0, NULL, '2013-01-12 06:20:50', 0, NULL, 0, 0, 0, 0, 2403, 'Ролики', 0, 0),
(1781, 0, '2404-roliki-Amigo-Laser-38-41', '', ' ', 335.00, 0.00, 0, 0, 0, 0, NULL, 0, NULL, 0, NULL, '2013-01-12 06:20:50', 0, NULL, 0, 0, 0, 0, 2404, 'Ролики', 0, 0),
(1782, 0, '5479-roliki-Amigo-Mystique-35-38', '', ' ', 390.00, 0.00, 0, 0, 0, 0, NULL, 0, NULL, 0, NULL, '2013-01-12 06:20:50', 0, NULL, 0, 0, 0, 0, 5479, 'Ролики', 0, 0),
(1783, 0, '5471-roliki-Amigo-Phoenic-new-35-38', '', ' ', 480.00, 0.00, 0, 0, 0, 0, NULL, 0, NULL, 0, NULL, '2013-01-12 06:20:50', 0, NULL, 0, 0, 0, 0, 5471, 'Ролики', 0, 0),
(1784, 0, '5470-roliki-Amigo-Phoenic-new-39-42', '', ' ', 480.00, 0.00, 0, 0, 0, 0, NULL, 0, NULL, 0, NULL, '2013-01-12 06:20:50', 0, NULL, 0, 0, 0, 0, 5470, 'Ролики', 0, 0),
(1785, 0, '5166-roliki-Amigo-Regal-36-39', '', ' ', 435.00, 0.00, 0, 0, 0, 0, NULL, 0, NULL, 0, NULL, '2013-01-12 06:20:50', 0, NULL, 0, 0, 0, 0, 5166, 'Ролики', 0, 0),
(1786, 0, '5473-roliki-Amigo-Rocky-40-43', '', ' ', 450.00, 0.00, 0, 0, 0, 0, NULL, 0, NULL, 0, NULL, '2013-01-12 06:20:50', 0, NULL, 0, 0, 0, 0, 5473, 'Ролики', 0, 0),
(1787, 0, '5472-roliki-Amigo-Rocky-36-39', '', ' ', 450.00, 0.00, 0, 0, 0, 0, NULL, 0, NULL, 0, NULL, '2013-01-12 06:20:50', 0, NULL, 0, 0, 0, 0, 5472, 'Ролики', 0, 0),
(1788, 0, '5164-roliki-Amigo-Sienna-35-38', '', ' ', 665.00, 0.00, 0, 0, 0, 0, NULL, 0, NULL, 0, NULL, '2013-01-12 06:20:50', 0, NULL, 0, 0, 0, 0, 5164, 'Ролики', 0, 0),
(1789, 0, '4817-roliki-Amigo-Silverado-42', '', ' ', 630.00, 0.00, 0, 0, 0, 0, NULL, 0, NULL, 0, NULL, '2013-01-12 06:20:50', 0, NULL, 0, 0, 0, 0, 4817, 'Ролики', 0, 0),
(1790, 0, '4818-roliki-Amigo-Silverado-43', '', ' ', 630.00, 0.00, 0, 0, 0, 0, NULL, 0, NULL, 0, NULL, '2013-01-12 06:20:50', 0, NULL, 0, 0, 0, 0, 4818, 'Ролики', 0, 0),
(1791, 0, '5542-roliki-Amigo-Sportage-33-36', '', ' ', 380.00, 0.00, 0, 0, 0, 0, NULL, 0, NULL, 0, NULL, '2013-01-12 06:20:50', 0, NULL, 0, 0, 0, 0, 5542, 'Ролики', 0, 0),
(1792, 0, '4467-roliki-Amigo-TRACKER-35-38', '', ' ', 600.00, 0.00, 0, 0, 0, 0, NULL, 0, NULL, 0, NULL, '2013-01-12 06:20:50', 0, NULL, 0, 0, 0, 0, 4467, 'Ролики', 0, 0),
(1793, 0, '4805-roliki-Amigo-Trecker-35-38', '', ' ', 580.00, 0.00, 0, 0, 0, 0, NULL, 0, NULL, 0, NULL, '2013-01-12 06:20:50', 0, NULL, 0, 0, 0, 0, 4805, 'Ролики', 0, 0),
(1794, 0, '4469-roliki-Amigo-VENTURA-35-38', '', ' ', 645.00, 0.00, 0, 0, 0, 0, NULL, 0, NULL, 0, NULL, '2013-01-12 06:20:50', 0, NULL, 0, 0, 0, 0, 4469, 'Ролики', 0, 0),
(1795, 0, '4814-roliki-Amigo-Vision-New-35-38', '', ' ', 440.00, 0.00, 0, 0, 0, 0, NULL, 0, NULL, 0, NULL, '2013-01-12 06:20:50', 0, NULL, 0, 0, 0, 0, 4814, 'Ролики', 0, 0),
(1796, 0, '5173-roliki-Explore-Element-34-37', '', ' ', 365.00, 0.00, 0, 0, 0, 0, NULL, 0, NULL, 0, NULL, '2013-01-12 06:20:50', 0, NULL, 0, 0, 0, 0, 5173, 'Ролики', 0, 0),
(1797, 0, '2415-roliki-Explore-Element-38-41', '', ' ', 365.00, 0.00, 0, 0, 0, 0, NULL, 0, NULL, 0, NULL, '2013-01-12 06:20:50', 0, NULL, 0, 0, 0, 0, 2415, 'Ролики', 0, 0),
(1798, 0, '4293-roliki-Explore-Fiesta-40-43-blue', '', ' ', 490.00, 0.00, 0, 0, 0, 0, NULL, 0, NULL, 0, NULL, '2013-01-12 06:20:50', 0, NULL, 0, 0, 0, 0, 4293, 'Ролики', 0, 0),
(1799, 0, '2422-roliki-Explore-Quantum-37-40-red', '', ' ', 420.00, 0.00, 0, 0, 0, 0, NULL, 0, NULL, 0, NULL, '2013-01-12 06:20:50', 0, NULL, 0, 0, 0, 0, 2422, 'Ролики', 0, 0),
(1800, 0, '2429-roliki-Fila-10-PRIMO-WAVE-LADY-38-r', '', ' ', 1450.00, 0.00, 0, 0, 0, 0, NULL, 0, NULL, 0, NULL, '2013-01-12 06:20:50', 0, NULL, 0, 0, 0, 0, 2429, 'Ролики', 0, 0),
(1801, 0, '5258-roliki-30001', '', ' ', 90.00, 0.00, 0, 0, 0, 0, NULL, 0, NULL, 0, NULL, '2013-01-12 06:20:50', 0, NULL, 0, 0, 0, 0, 5258, 'Ролики', 0, 0),
(1802, 0, '5417-roliki-PW-117s-L-38-41-c-zaschitoy', '', ' ', 330.00, 0.00, 0, 0, 0, 0, NULL, 0, NULL, 0, NULL, '2013-01-12 06:20:50', 0, NULL, 0, 0, 0, 0, 5417, 'Ролики', 0, 0),
(1803, 0, '5416-roliki-PW-126-B-45-L-40-43', '', ' ', 350.00, 0.00, 0, 0, 0, 0, NULL, 0, NULL, 0, NULL, '2013-01-12 06:20:50', 0, NULL, 0, 0, 0, 0, 5416, 'Ролики', 0, 0),
(1804, 0, '5415-roliki-PW-126-B-45-L-40-43-zaschitoy', '', ' ', 350.00, 0.00, 0, 0, 0, 0, NULL, 0, NULL, 0, NULL, '2013-01-12 06:20:50', 0, NULL, 0, 0, 0, 0, 5415, 'Ролики', 0, 0),
(1805, 0, '4834-roliki-Talon-35-38', '', ' ', 575.00, 0.00, 0, 0, 0, 0, NULL, 0, NULL, 0, NULL, '2013-01-12 06:20:50', 0, NULL, 0, 0, 0, 0, 4834, 'Ролики', 0, 0),
(1806, 0, '2442-ryukzak-dlya-rolikov-AMB-060', '', ' ', 30.00, 0.00, 0, 0, 0, 0, NULL, 0, NULL, 0, NULL, '2013-01-12 06:20:50', 0, NULL, 0, 0, 0, 0, 2442, 'Ролики', 0, 0),
(1807, 0, '2509-samokat-eksployler-Stunt-Scoo', '', ' ', 550.00, 0.00, 0, 0, 0, 0, NULL, 0, NULL, 0, NULL, '2013-01-12 06:20:50', 0, NULL, 0, 0, 0, 0, 2509, 'Самокаты', 0, 0),
(1808, 0, '4078-samokat-120', '', ' ', 120.00, 0.00, 0, 0, 0, 0, NULL, 0, NULL, 0, NULL, '2013-01-12 06:20:50', 0, NULL, 0, 0, 0, 0, 4078, 'Самокаты', 0, 0),
(1809, 0, '3496-samokat-140', '', ' ', 140.00, 0.00, 0, 0, 0, 0, NULL, 0, NULL, 0, NULL, '2013-01-12 06:20:50', 0, NULL, 0, 0, 0, 0, 3496, 'Самокаты', 0, 0),
(1810, 0, '2513-samokat-150', '', ' ', 150.00, 0.00, 0, 0, 0, 0, NULL, 0, NULL, 0, NULL, '2013-01-12 06:20:50', 0, NULL, 0, 0, 0, 0, 2513, 'Самокаты', 0, 0),
(1811, 0, '2515-samokat-170', '', ' ', 170.00, 0.00, 0, 0, 0, 0, NULL, 0, NULL, 0, NULL, '2013-01-12 06:20:50', 0, NULL, 0, 0, 0, 0, 2515, 'Самокаты', 0, 0),
(1812, 0, '2517-samokat-180', '', ' ', 180.00, 0.00, 0, 0, 0, 0, NULL, 0, NULL, 0, NULL, '2013-01-12 06:20:50', 0, NULL, 0, 0, 0, 0, 2517, 'Самокаты', 0, 0),
(1813, 0, '2521-samokat-230', '', ' ', 230.00, 0.00, 0, 0, 0, 0, NULL, 0, NULL, 0, NULL, '2013-01-12 06:20:50', 0, NULL, 0, 0, 0, 0, 2521, 'Самокаты', 0, 0),
(1814, 0, '5290-samokat-250', '', ' ', 250.00, 0.00, 0, 0, 0, 0, NULL, 0, NULL, 0, NULL, '2013-01-12 06:20:50', 0, NULL, 0, 0, 0, 0, 5290, 'Самокаты', 0, 0),
(1815, 0, '3779-samokat-Exploler-Devile', '', ' ', 500.00, 0.00, 0, 0, 0, 0, NULL, 0, NULL, 0, NULL, '2013-01-12 06:20:50', 0, NULL, 0, 0, 0, 0, 3779, 'Самокаты', 0, 0),
(1816, 0, '5171-samokat-Exploler-Homre', '', ' ', 300.00, 0.00, 0, 0, 0, 0, NULL, 0, NULL, 0, NULL, '2013-01-12 06:20:50', 0, NULL, 0, 0, 0, 0, 5171, 'Самокаты', 0, 0),
(1817, 0, '4824-samokat-Exploler-Milano', '', ' ', 335.00, 0.00, 0, 0, 0, 0, NULL, 0, NULL, 0, NULL, '2013-01-12 06:20:50', 0, NULL, 0, 0, 0, 0, 4824, 'Самокаты', 0, 0),
(1818, 0, '5456-samokat-Exploler-Mirage', '', ' ', 360.00, 0.00, 0, 0, 0, 0, NULL, 0, NULL, 0, NULL, '2013-01-12 06:20:50', 0, NULL, 0, 0, 0, 0, 5456, 'Самокаты', 0, 0),
(1819, 0, '2528-samokat-Exploler-Omni', '', ' ', 330.00, 0.00, 0, 0, 0, 0, NULL, 0, NULL, 0, NULL, '2013-01-12 06:20:50', 0, NULL, 0, 0, 0, 0, 2528, 'Самокаты', 0, 0),
(1820, 0, '2530-samokat-Exploler-Robo-125', '', ' ', 390.00, 0.00, 0, 0, 0, 0, NULL, 0, NULL, 0, NULL, '2013-01-12 06:20:50', 0, NULL, 0, 0, 0, 0, 2530, 'Самокаты', 0, 0),
(1821, 0, '2531-samokat-Exploler-Robo-150', '', ' ', 500.00, 0.00, 0, 0, 0, 0, NULL, 0, NULL, 0, NULL, '2013-01-12 06:20:50', 0, NULL, 0, 0, 0, 0, 2531, 'Самокаты', 0, 0),
(1822, 0, '2533-samokat-Exploler-Shuttle', '', ' ', 550.00, 0.00, 0, 0, 0, 0, NULL, 0, NULL, 0, NULL, '2013-01-12 06:20:50', 0, NULL, 0, 0, 0, 0, 2533, 'Самокаты', 0, 0),
(1823, 0, '5457-samokat-Exploler-Torino', '', ' ', 480.00, 0.00, 0, 0, 0, 0, NULL, 0, NULL, 0, NULL, '2013-01-12 06:20:50', 0, NULL, 0, 0, 0, 0, 5457, 'Самокаты', 0, 0),
(1824, 0, '5172-samokat-Exploler-Tredia', '', ' ', 480.00, 0.00, 0, 0, 0, 0, NULL, 0, NULL, 0, NULL, '2013-01-12 06:20:50', 0, NULL, 0, 0, 0, 0, 5172, 'Самокаты', 0, 0),
(1825, 0, '5301-samokat-Mite', '', ' ', 435.00, 0.00, 0, 0, 0, 0, NULL, 0, NULL, 0, NULL, '2013-01-12 06:20:50', 0, NULL, 0, 0, 0, 0, 5301, 'Самокаты', 0, 0),
(1826, 0, '5669-ledyanka-Bingo', '', ' ', 20.00, 0.00, 0, 0, 0, 0, NULL, 0, NULL, 0, NULL, '2013-01-12 06:20:50', 0, NULL, 0, 0, 0, 0, 5669, 'Санки', 0, 0),
(1827, 0, '3675-ledyanka-disk-PLAST-KON-SUPER-STAR', '', ' ', 60.00, 0.00, 0, 0, 0, 0, NULL, 0, NULL, 0, NULL, '2013-01-12 06:20:50', 0, NULL, 0, 0, 0, 0, 3675, 'Санки', 0, 0),
(1828, 0, '5668-ledyanka-disk-Tornado-Super', '', ' ', 60.00, 0.00, 0, 0, 0, 0, NULL, 0, NULL, 0, NULL, '2013-01-12 06:20:50', 0, NULL, 0, 0, 0, 0, 5668, 'Санки', 0, 0),
(1829, 0, '3654-sanki-zaporoje', '', ' ', 100.00, 0.00, 0, 0, 0, 0, NULL, 0, NULL, 0, NULL, '2013-01-12 06:20:50', 0, NULL, 0, 0, 0, 0, 3654, 'Санки', 0, 0),
(1830, 0, '3655-sanki-fidjo-gerkules-Long', '', ' ', 330.00, 0.00, 0, 0, 0, 0, NULL, 0, NULL, 0, NULL, '2013-01-12 06:20:50', 0, NULL, 0, 0, 0, 0, 3655, 'Санки', 0, 0),
(1831, 0, '5724-sanki-fidjo-gerkules-kruglaya-truba', '', ' ', 330.00, 0.00, 0, 0, 0, 0, NULL, 0, NULL, 0, NULL, '2013-01-12 06:20:50', 0, NULL, 0, 0, 0, 0, 5724, 'Санки', 0, 0),
(1832, 0, '3491-sanki-fidjo-gerkules-ploskaya-truba', '', ' ', 290.00, 0.00, 0, 0, 0, 0, NULL, 0, NULL, 0, NULL, '2013-01-12 06:20:50', 0, NULL, 0, 0, 0, 0, 3491, 'Санки', 0, 0),
(1833, 0, '2536-sanki-fidjo-pioner-klassik', '', ' ', 250.00, 0.00, 0, 0, 0, 0, NULL, 0, NULL, 0, NULL, '2013-01-12 06:20:50', 0, NULL, 0, 0, 0, 0, 2536, 'Санки', 0, 0),
(1834, 0, '3680-sanki-fidjo-yunior-lyuks', '', ' ', 550.00, 0.00, 0, 0, 0, 0, NULL, 0, NULL, 0, NULL, '2013-01-12 06:20:50', 0, NULL, 0, 0, 0, 0, 3680, 'Санки', 0, 0),
(1835, 0, '3681-sanki-Fijo-gerkules-long-sanki-dlya-dvoih-maks-nagr', '', ' ', 620.00, 0.00, 0, 0, 0, 0, NULL, 0, NULL, 0, NULL, '2013-01-12 06:20:50', 0, NULL, 0, 0, 0, 0, 3681, 'Санки', 0, 0),
(1836, 0, '5721-sanki-vodan-sd-1', '', ' ', 140.00, 0.00, 0, 0, 0, 0, NULL, 0, NULL, 0, NULL, '2013-01-12 06:20:50', 0, NULL, 0, 0, 0, 0, 5721, 'Санки', 0, 0),
(1837, 0, '5723-sanki-vodan-sd-1-tolkatel', '', ' ', 180.00, 0.00, 0, 0, 0, 0, NULL, 0, NULL, 0, NULL, '2013-01-12 06:20:50', 0, NULL, 0, 0, 0, 0, 5723, 'Санки', 0, 0),
(1838, 0, '5722-sanki-vodan-sd-2', '', ' ', 140.00, 0.00, 0, 0, 0, 0, NULL, 0, NULL, 0, NULL, '2013-01-12 06:20:50', 0, NULL, 0, 0, 0, 0, 5722, 'Санки', 0, 0),
(1839, 0, '3656-sanki-kitay', '', ' ', 130.00, 0.00, 0, 0, 0, 0, NULL, 0, NULL, 0, NULL, '2013-01-12 06:20:50', 0, NULL, 0, 0, 0, 0, 3656, 'Санки', 0, 0),
(1840, 0, '2537-sanki-snegokat-480', '', ' ', 480.00, 0.00, 0, 0, 0, 0, NULL, 0, NULL, 0, NULL, '2013-01-12 06:20:50', 0, NULL, 0, 0, 0, 0, 2537, 'Санки', 0, 0),
(1841, 0, '5592-sanki-snegokat-MS-501', '', ' ', 520.00, 0.00, 0, 0, 0, 0, NULL, 0, NULL, 0, NULL, '2013-01-12 06:20:50', 0, NULL, 0, 0, 0, 0, 5592, 'Санки', 0, 0),
(1842, 0, '5670-sanki-PLAST-KON-Cyclone', '', ' ', 160.00, 0.00, 0, 0, 0, 0, NULL, 0, NULL, 0, NULL, '2013-01-12 06:20:50', 0, NULL, 0, 0, 0, 0, 5670, 'Санки', 0, 0),
(1843, 0, '3676-sanki-PLAST-KON-Simple', '', ' ', 100.00, 0.00, 0, 0, 0, 0, NULL, 0, NULL, 0, NULL, '2013-01-12 06:20:50', 0, NULL, 0, 0, 0, 0, 3676, 'Санки', 0, 0),
(1844, 0, '3677-sanki-PLAST-KON-TWISTER-krasn', '', ' ', 120.00, 0.00, 0, 0, 0, 0, NULL, 0, NULL, 0, NULL, '2013-01-12 06:20:50', 0, NULL, 0, 0, 0, 0, 3677, 'Санки', 0, 0),
(1845, 0, '3536-gabaritnyie-ogni-Cycle-Aware', '', ' ', 100.00, 0.00, 0, 0, 0, 0, NULL, 0, NULL, 0, NULL, '2013-01-12 06:20:50', 0, NULL, 0, 0, 0, 0, 3536, 'Свет', 0, 0),
(1846, 0, '2541-diodyi-na-nipel-7LED-2-sht-komplekt-2-sht', '', ' ', 45.00, 0.00, 0, 0, 0, 0, NULL, 0, NULL, 0, NULL, '2013-01-12 06:20:50', 0, NULL, 0, 0, 0, 0, 2541, 'Свет', 0, 0),
(1847, 0, '2545-komplekt-CatEye-svet-peredn-HL-EL010', '', ' ', 380.00, 0.00, 0, 0, 0, 0, NULL, 0, NULL, 0, NULL, '2013-01-12 06:20:50', 0, NULL, 0, 0, 0, 0, 2545, 'Свет', 0, 0),
(1848, 0, '2548-krepej-generatora-dinamo-na-vilku', '', ' ', 10.00, 0.00, 0, 0, 0, 0, NULL, 0, NULL, 0, NULL, '2013-01-12 06:20:50', 0, NULL, 0, 0, 0, 0, 2548, 'Свет', 0, 0),
(1849, 0, '2552-migalka-zadn-RHL-08', '', ' ', 75.00, 0.00, 0, 0, 0, 0, NULL, 0, NULL, 0, NULL, '2013-01-12 06:20:50', 0, NULL, 0, 0, 0, 0, 2552, 'Свет', 0, 0),
(1850, 0, '5842-migalka-zadnyaya-5-Led-2-Laser', '', ' ', 150.00, 0.00, 0, 0, 0, 0, NULL, 0, NULL, 0, NULL, '2013-01-12 06:20:50', 0, NULL, 0, 0, 0, 0, 5842, 'Свет', 0, 0),
(1851, 0, '2556-migalka-zadnyaya-KSL-305-krasnyiy', '', ' ', 45.00, 0.00, 0, 0, 0, 0, NULL, 0, NULL, 0, NULL, '2013-01-12 06:20:50', 0, NULL, 0, 0, 0, 0, 2556, 'Свет', 0, 0),
(1852, 0, '2557-migalka-zadnyaya-RHL-07', '', ' ', 65.00, 0.00, 0, 0, 0, 0, NULL, 0, NULL, 0, NULL, '2013-01-12 06:20:50', 0, NULL, 0, 0, 0, 0, 2557, 'Свет', 0, 0),
(1853, 0, '2559-migalka-peredn-Sigma-Quadro', '', ' ', 180.00, 0.00, 0, 0, 0, 0, NULL, 0, NULL, 0, NULL, '2013-01-12 06:20:50', 0, NULL, 0, 0, 0, 0, 2559, 'Свет', 0, 0),
(1854, 0, '2566-svet-peredniy-1belyiy-LED-3f-tsii-batar', '', ' ', 70.00, 0.00, 0, 0, 0, 0, NULL, 0, NULL, 0, NULL, '2013-01-12 06:20:50', 0, NULL, 0, 0, 0, 0, 2566, 'Свет', 0, 0),
(1855, 0, '2569-svet-peredniy-5LED-5-diod-2-f-tsii-bat', '', ' ', 168.00, 0.00, 0, 0, 0, 0, NULL, 0, NULL, 0, NULL, '2013-01-12 06:20:50', 0, NULL, 0, 0, 0, 0, 2569, 'Свет', 0, 0),
(1856, 0, '4756-svet-peredniy-MINI-1LED-3-f-tsii', '', ' ', 110.00, 0.00, 0, 0, 0, 0, NULL, 0, NULL, 0, NULL, '2013-01-12 06:20:50', 0, NULL, 0, 0, 0, 0, 4756, 'Свет', 0, 0),
(1857, 0, '2572-svetootrajayuschaya-polosa', '', ' ', 18.00, 0.00, 0, 0, 0, 0, NULL, 0, NULL, 0, NULL, '2013-01-12 06:20:50', 0, NULL, 0, 0, 0, 0, 2572, 'Свет', 0, 0),
(1858, 0, '2573-svetootrajayuschaya-polosa-4LED-3x42sm', '', ' ', 60.00, 0.00, 0, 0, 0, 0, NULL, 0, NULL, 0, NULL, '2013-01-12 06:20:50', 0, NULL, 0, 0, 0, 0, 2573, 'Свет', 0, 0),
(1859, 0, '4754-svetootrajayuschaya-polosa-Longus', '', ' ', 10.00, 0.00, 0, 0, 0, 0, NULL, 0, NULL, 0, NULL, '2013-01-12 06:20:50', 0, NULL, 0, 0, 0, 0, 4754, 'Свет', 0, 0),
(1860, 0, '2575-svetootrajayuschie-nakleyki-SMILE-komplekt', '', ' ', 15.00, 0.00, 0, 0, 0, 0, NULL, 0, NULL, 0, NULL, '2013-01-12 06:20:50', 0, NULL, 0, 0, 0, 0, 2575, 'Свет', 0, 0),
(1861, 0, '5803-fara-KLS-Gunner-seraya', '', ' ', 110.00, 0.00, 0, 0, 0, 0, NULL, 0, NULL, 0, NULL, '2013-01-12 06:20:50', 0, NULL, 0, 0, 0, 0, 5803, 'Свет', 0, 0),
(1862, 0, '5804-fara-KLS-Gunner-chernaya', '', ' ', 110.00, 0.00, 0, 0, 0, 0, NULL, 0, NULL, 0, NULL, '2013-01-12 06:20:50', 0, NULL, 0, 0, 0, 0, 5804, 'Свет', 0, 0),
(1863, 0, '2587-fara-TW-CG-107P1-1-vatt-s-krepleniem', '', ' ', 280.00, 0.00, 0, 0, 0, 0, NULL, 0, NULL, 0, NULL, '2013-01-12 06:20:50', 0, NULL, 0, 0, 0, 0, 2587, 'Свет', 0, 0),
(1864, 0, '5379-fara-i-migalka-FOCUS-nabor', '', ' ', 100.00, 0.00, 0, 0, 0, 0, NULL, 0, NULL, 0, NULL, '2013-01-12 06:20:50', 0, NULL, 0, 0, 0, 0, 5379, 'Свет', 0, 0),
(1865, 0, '2588-fara-i-migalka-Nightwatch-nabor', '', ' ', 100.00, 0.00, 0, 0, 0, 0, NULL, 0, NULL, 0, NULL, '2013-01-12 06:20:50', 0, NULL, 0, 0, 0, 0, 2588, 'Свет', 0, 0),
(1866, 0, '4109-fara-i-migalka-STRIKE-nabor', '', ' ', 120.00, 0.00, 0, 0, 0, 0, NULL, 0, NULL, 0, NULL, '2013-01-12 06:20:50', 0, NULL, 0, 0, 0, 0, 4109, 'Свет', 0, 0),
(1867, 0, '2591-fara-peredn-X17-dlya-dinamo-plastik', '', ' ', 20.00, 0.00, 0, 0, 0, 0, NULL, 0, NULL, 0, NULL, '2013-01-12 06:20:50', 0, NULL, 0, 0, 0, 0, 2591, 'Свет', 0, 0),
(1868, 0, '2592-fara-perednyaya-INFINI-I-111B-chern-1W-bel', '', ' ', 280.00, 0.00, 0, 0, 0, 0, NULL, 0, NULL, 0, NULL, '2013-01-12 06:20:50', 0, NULL, 0, 0, 0, 0, 2592, 'Свет', 0, 0),
(1869, 0, '4207-fara-perednyaya-INFINI-I-201W-chern-Amuse-2-bel-sve', '', ' ', 95.00, 0.00, 0, 0, 0, 0, NULL, 0, NULL, 0, NULL, '2013-01-12 06:20:50', 0, NULL, 0, 0, 0, 0, 4207, 'Свет', 0, 0),
(1870, 0, '4202-fonar-svetodiodn-zadn-batar-INFINI-I-203R-siniy-Wuk', '', ' ', 90.00, 0.00, 0, 0, 0, 0, NULL, 0, NULL, 0, NULL, '2013-01-12 06:20:50', 0, NULL, 0, 0, 0, 0, 4202, 'Свет', 0, 0),
(1871, 0, '2600-elektro-oborudovanie-dorojnik', '', ' ', 27.00, 0.00, 0, 0, 0, 0, NULL, 0, NULL, 0, NULL, '2013-01-12 06:20:50', 0, NULL, 0, 0, 0, 0, 2600, 'Свет', 0, 0),
(1872, 0, '5060-batut-39', '', ' ', 390.00, 0.00, 0, 0, 0, 0, NULL, 0, NULL, 0, NULL, '2013-01-12 06:20:50', 0, NULL, 0, 0, 0, 0, 5060, 'Спорттовары(VeLoX)', 0, 0),
(1873, 0, '5140-batut-40', '', ' ', 460.00, 0.00, 0, 0, 0, 0, NULL, 0, NULL, 0, NULL, '2013-01-12 06:20:50', 0, NULL, 0, 0, 0, 0, 5140, 'Спорттовары(VeLoX)', 0, 0),
(1874, 0, '5141-batut-45', '', ' ', 570.00, 0.00, 0, 0, 0, 0, NULL, 0, NULL, 0, NULL, '2013-01-12 06:20:50', 0, NULL, 0, 0, 0, 0, 5141, 'Спорттовары(VeLoX)', 0, 0),
(1875, 0, '5524-volanchik-4-5', '', ' ', 4.50, 0.00, 0, 0, 0, 0, NULL, 0, NULL, 0, NULL, '2013-01-12 06:20:50', 0, NULL, 0, 0, 0, 0, 5524, 'Спорттовары(VeLoX)', 0, 0),
(1876, 0, '5522-volanchik-Mavis-350', '', ' ', 4.00, 0.00, 0, 0, 0, 0, NULL, 0, NULL, 0, NULL, '2013-01-12 06:20:50', 0, NULL, 0, 0, 0, 0, 5522, 'Спорттовары(VeLoX)', 0, 0),
(1877, 0, '5194-volanchik-Yonex-350-M', '', ' ', 8.00, 0.00, 0, 0, 0, 0, NULL, 0, NULL, 0, NULL, '2013-01-12 06:20:50', 0, NULL, 0, 0, 0, 0, 5194, 'Спорттовары(VeLoX)', 0, 0),
(1878, 0, '3653-volanchik-vt-10', '', ' ', 5.00, 0.00, 0, 0, 0, 0, NULL, 0, NULL, 0, NULL, '2013-01-12 06:20:50', 0, NULL, 0, 0, 0, 0, 3653, 'Спорттовары(VeLoX)', 0, 0),
(1879, 0, '4295-zaschita-Explore-AMZ-140', '', ' ', 95.00, 0.00, 0, 0, 0, 0, NULL, 0, NULL, 0, NULL, '2013-01-12 06:20:50', 0, NULL, 0, 0, 0, 0, 4295, 'Спорттовары(VeLoX)', 0, 0),
(1880, 0, '5156-zaschita-Explore-AMZ-150', '', ' ', 145.00, 0.00, 0, 0, 0, 0, NULL, 0, NULL, 0, NULL, '2013-01-12 06:20:50', 0, NULL, 0, 0, 0, 0, 5156, 'Спорттовары(VeLoX)', 0, 0),
(1881, 0, '4455-zaschita-Explore-Racer', '', ' ', 125.00, 0.00, 0, 0, 0, 0, NULL, 0, NULL, 0, NULL, '2013-01-12 06:20:50', 0, NULL, 0, 0, 0, 0, 4455, 'Спорттовары(VeLoX)', 0, 0),
(1882, 0, '4456-zaschita-Explore-Ruby', '', ' ', 160.00, 0.00, 0, 0, 0, 0, NULL, 0, NULL, 0, NULL, '2013-01-12 06:20:50', 0, NULL, 0, 0, 0, 0, 4456, 'Спорттовары(VeLoX)', 0, 0),
(1883, 0, '4822-zaschita-Explore-X-Racer', '', ' ', 120.00, 0.00, 0, 0, 0, 0, NULL, 0, NULL, 0, NULL, '2013-01-12 06:20:50', 0, NULL, 0, 0, 0, 0, 4822, 'Спорттовары(VeLoX)', 0, 0),
(1884, 0, '4826-zaschita-Explore-X-Secure', '', ' ', 110.00, 0.00, 0, 0, 0, 0, NULL, 0, NULL, 0, NULL, '2013-01-12 06:20:50', 0, NULL, 0, 0, 0, 0, 4826, 'Спорттовары(VeLoX)', 0, 0),
(1885, 0, '4825-zaschita-Explore-X-Ultra', '', ' ', 120.00, 0.00, 0, 0, 0, 0, NULL, 0, NULL, 0, NULL, '2013-01-12 06:20:50', 0, NULL, 0, 0, 0, 0, 4825, 'Спорттовары(VeLoX)', 0, 0),
(1886, 0, '5157-zaschita-Explore-sindi', '', ' ', 150.00, 0.00, 0, 0, 0, 0, NULL, 0, NULL, 0, NULL, '2013-01-12 06:20:50', 0, NULL, 0, 0, 0, 0, 5157, 'Спорттовары(VeLoX)', 0, 0),
(1887, 0, '5595-zaschita-JASON', '', ' ', 70.00, 0.00, 0, 0, 0, 0, NULL, 0, NULL, 0, NULL, '2013-01-12 06:20:50', 0, NULL, 0, 0, 0, 0, 5595, 'Спорттовары(VeLoX)', 0, 0),
(1888, 0, '2707-zaschita-Protectors-85', '', ' ', 85.00, 0.00, 0, 0, 0, 0, NULL, 0, NULL, 0, NULL, '2013-01-12 06:20:50', 0, NULL, 0, 0, 0, 0, 2707, 'Спорттовары(VeLoX)', 0, 0),
(1889, 0, '5303-zaschita-Vadius-SP-10A', '', ' ', 160.00, 0.00, 0, 0, 0, 0, NULL, 0, NULL, 0, NULL, '2013-01-12 06:20:50', 0, NULL, 0, 0, 0, 0, 5303, 'Спорттовары(VeLoX)', 0, 0),
(1890, 0, '5304-zaschita-Vadius-SP-10K', '', ' ', 140.00, 0.00, 0, 0, 0, 0, NULL, 0, NULL, 0, NULL, '2013-01-12 06:20:50', 0, NULL, 0, 0, 0, 0, 5304, 'Спорттовары(VeLoX)', 0, 0),
(1891, 0, '2716-igla-dlya-myacha', '', ' ', 5.00, 0.00, 0, 0, 0, 0, NULL, 0, NULL, 0, NULL, '2013-01-12 06:20:50', 0, NULL, 0, 0, 0, 0, 2716, 'Спорттовары(VeLoX)', 0, 0),
(1892, 0, '2728-konki-280', '', ' ', 280.00, 0.00, 0, 0, 0, 0, NULL, 0, NULL, 0, NULL, '2013-01-12 06:20:50', 0, NULL, 0, 0, 0, 0, 2728, 'Спорттовары(VeLoX)', 0, 0),
(1893, 0, '5843-konki-40', '', ' ', 400.00, 0.00, 0, 0, 0, 0, NULL, 0, NULL, 0, NULL, '2013-01-12 06:20:50', 0, NULL, 0, 0, 0, 0, 5843, 'Спорттовары(VeLoX)', 0, 0),
(1894, 0, '2730-konki-42', '', ' ', 420.00, 0.00, 0, 0, 0, 0, NULL, 0, NULL, 0, NULL, '2013-01-12 06:20:50', 0, NULL, 0, 0, 0, 0, 2730, 'Спорттовары(VeLoX)', 0, 0),
(1895, 0, '2799-megafon-HQ-108', '', ' ', 110.00, 0.00, 0, 0, 0, 0, NULL, 0, NULL, 0, NULL, '2013-01-12 06:20:50', 0, NULL, 0, 0, 0, 0, 2799, 'Спорттовары(VeLoX)', 0, 0),
(1896, 0, '4134-megafon-HW-20B', '', ' ', 290.00, 0.00, 0, 0, 0, 0, NULL, 0, NULL, 0, NULL, '2013-01-12 06:20:50', 0, NULL, 0, 0, 0, 0, 4134, 'Спорттовары(VeLoX)', 0, 0),
(1897, 0, '4030-megafon-HW-8C', '', ' ', 160.00, 0.00, 0, 0, 0, 0, NULL, 0, NULL, 0, NULL, '2013-01-12 06:20:50', 0, NULL, 0, 0, 0, 0, 4030, 'Спорттовары(VeLoX)', 0, 0),
(1898, 0, '3649-myachik-dlya-nastolnogo-tennisa-1106', '', ' ', 4.00, 0.00, 0, 0, 0, 0, NULL, 0, NULL, 0, NULL, '2013-01-12 06:20:50', 0, NULL, 0, 0, 0, 0, 3649, 'Спорттовары(VeLoX)', 0, 0),
(1899, 0, '2866-myachik-dlya-nastolnogo-tennisa-4', '', ' ', 8.00, 0.00, 0, 0, 0, 0, NULL, 0, NULL, 0, NULL, '2013-01-12 06:20:50', 0, NULL, 0, 0, 0, 0, 2866, 'Спорттовары(VeLoX)', 0, 0),
(1900, 0, '3651-myachik-dlya-nastolnogo-tennisa-514506', '', ' ', 5.00, 0.00, 0, 0, 0, 0, NULL, 0, NULL, 0, NULL, '2013-01-12 06:20:50', 0, NULL, 0, 0, 0, 0, 3651, 'Спорттовары(VeLoX)', 0, 0),
(1901, 0, '3997-myachik-dlya-nastolnogo-tennisa-Schildkrot', '', ' ', 8.00, 0.00, 0, 0, 0, 0, NULL, 0, NULL, 0, NULL, '2013-01-12 06:20:50', 0, NULL, 0, 0, 0, 0, 3997, 'Спорттовары(VeLoX)', 0, 0),
(1902, 0, '3652-myachik-dlya-tennisa-122414', '', ' ', 28.00, 0.00, 0, 0, 0, 0, NULL, 0, NULL, 0, NULL, '2013-01-12 06:20:50', 0, NULL, 0, 0, 0, 0, 3652, 'Спорттовары(VeLoX)', 0, 0),
(1903, 0, '5297-myachik-dlya-tennisa-Dunlop-Fort', '', ' ', 36.00, 0.00, 0, 0, 0, 0, NULL, 0, NULL, 0, NULL, '2013-01-12 06:20:50', 0, NULL, 0, 0, 0, 0, 5297, 'Спорттовары(VeLoX)', 0, 0),
(1904, 0, '5296-myachik-dlya-tennisa-Dunlop-Sport', '', ' ', 27.00, 0.00, 0, 0, 0, 0, NULL, 0, NULL, 0, NULL, '2013-01-12 06:20:50', 0, NULL, 0, 0, 0, 0, 5296, 'Спорттовары(VeLoX)', 0, 0),
(1905, 0, '4502-nabor-dlya-nastolnogo-tennisa-GB983188', '', ' ', 155.00, 0.00, 0, 0, 0, 0, NULL, 0, NULL, 0, NULL, '2013-01-12 06:20:50', 0, NULL, 0, 0, 0, 0, 4502, 'Спорттовары(VeLoX)', 0, 0),
(1906, 0, '2890-obruch-metal', '', ' ', 45.00, 0.00, 0, 0, 0, 0, NULL, 0, NULL, 0, NULL, '2013-01-12 06:20:50', 0, NULL, 0, 0, 0, 0, 2890, 'Спорттовары(VeLoX)', 0, 0),
(1907, 0, '4187-obruch-massajnyiy-Profi', '', ' ', 100.00, 0.00, 0, 0, 0, 0, NULL, 0, NULL, 0, NULL, '2013-01-12 06:20:50', 0, NULL, 0, 0, 0, 0, 4187, 'Спорттовары(VeLoX)', 0, 0),
(1908, 0, '2896-obruch-massajnyiy-200', '', ' ', 200.00, 0.00, 0, 0, 0, 0, NULL, 0, NULL, 0, NULL, '2013-01-12 06:20:50', 0, NULL, 0, 0, 0, 0, 2896, 'Спорттовары(VeLoX)', 0, 0),
(1909, 0, '2897-obruch-massajnyiy-220', '', ' ', 220.00, 0.00, 0, 0, 0, 0, NULL, 0, NULL, 0, NULL, '2013-01-12 06:20:50', 0, NULL, 0, 0, 0, 0, 2897, 'Спорттовары(VeLoX)', 0, 0),
(1910, 0, '4299-obruch-massajnyiy-Profi-125-grn', '', ' ', 125.00, 0.00, 0, 0, 0, 0, NULL, 0, NULL, 0, NULL, '2013-01-12 06:20:50', 0, NULL, 0, 0, 0, 0, 4299, 'Спорттовары(VeLoX)', 0, 0),
(1911, 0, '4037-perchatki-dlya-sprotzala-BC-168', '', ' ', 80.00, 0.00, 0, 0, 0, 0, NULL, 0, NULL, 0, NULL, '2013-01-12 06:20:50', 0, NULL, 0, 0, 0, 0, 4037, 'Спорттовары(VeLoX)', 0, 0),
(1912, 0, '4038-perchatki-dlya-sprotzala-BC-356', '', ' ', 90.00, 0.00, 0, 0, 0, 0, NULL, 0, NULL, 0, NULL, '2013-01-12 06:20:50', 0, NULL, 0, 0, 0, 0, 4038, 'Спорттовары(VeLoX)', 0, 0),
(1913, 0, '4035-perchatki-dlya-sprotzala-Goldsgum-VL3059', '', ' ', 80.00, 0.00, 0, 0, 0, 0, NULL, 0, NULL, 0, NULL, '2013-01-12 06:20:50', 0, NULL, 0, 0, 0, 0, 4035, 'Спорттовары(VeLoX)', 0, 0),
(1914, 0, '2915-podshipniki-ABEC-7-unts', '', ' ', 100.00, 0.00, 0, 0, 0, 0, NULL, 0, NULL, 0, NULL, '2013-01-12 06:20:50', 0, NULL, 0, 0, 0, 0, 2915, 'Спорттовары(VeLoX)', 0, 0),
(1915, 0, '3582-podshipniki-JART-ABEC-3unts', '', ' ', 120.00, 0.00, 0, 0, 0, 0, NULL, 0, NULL, 0, NULL, '2013-01-12 06:20:50', 0, NULL, 0, 0, 0, 0, 3582, 'Спорттовары(VeLoX)', 0, 0),
(1916, 0, '4135-raketka-dlya-nastolnogo-tennisa-136301', '', ' ', 145.00, 0.00, 0, 0, 0, 0, NULL, 0, NULL, 0, NULL, '2013-01-12 06:20:50', 0, NULL, 0, 0, 0, 0, 4135, 'Спорттовары(VeLoX)', 0, 0),
(1917, 0, '2916-raketka-dlya-nastolnogo-tennisa-137801', '', ' ', 230.00, 0.00, 0, 0, 0, 0, NULL, 0, NULL, 0, NULL, '2013-01-12 06:20:50', 0, NULL, 0, 0, 0, 0, 2916, 'Спорттовары(VeLoX)', 0, 0),
(1918, 0, '2918-raketka-dlya-nastolnogo-tennisa-173801', '', ' ', 185.00, 0.00, 0, 0, 0, 0, NULL, 0, NULL, 0, NULL, '2013-01-12 06:20:50', 0, NULL, 0, 0, 0, 0, 2918, 'Спорттовары(VeLoX)', 0, 0),
(1919, 0, '2919-raketka-dlya-nastolnogo-tennisa-178334', '', ' ', 195.00, 0.00, 0, 0, 0, 0, NULL, 0, NULL, 0, NULL, '2013-01-12 06:20:50', 0, NULL, 0, 0, 0, 0, 2919, 'Спорттовары(VeLoX)', 0, 0),
(1920, 0, '2921-raketka-dlya-nastolnogo-tennisa-40', '', ' ', 40.00, 0.00, 0, 0, 0, 0, NULL, 0, NULL, 0, NULL, '2013-01-12 06:20:50', 0, NULL, 0, 0, 0, 0, 2921, 'Спорттовары(VeLoX)', 0, 0),
(1921, 0, '2923-raketka-dlya-nastolnogo-tennisa-50', '', ' ', 50.00, 0.00, 0, 0, 0, 0, NULL, 0, NULL, 0, NULL, '2013-01-12 06:20:50', 0, NULL, 0, 0, 0, 0, 2923, 'Спорттовары(VeLoX)', 0, 0),
(1922, 0, '5306-raketka-dlya-nastolnogo-tennisa-Bokai', '', ' ', 50.00, 0.00, 0, 0, 0, 0, NULL, 0, NULL, 0, NULL, '2013-01-12 06:20:51', 0, NULL, 0, 0, 0, 0, 5306, 'Спорттовары(VeLoX)', 0, 0),
(1923, 0, '5305-raketka-dlya-nastolnogo-tennisa-Kepai-KP-0236', '', ' ', 80.00, 0.00, 0, 0, 0, 0, NULL, 0, NULL, 0, NULL, '2013-01-12 06:20:51', 0, NULL, 0, 0, 0, 0, 5305, 'Спорттовары(VeLoX)', 0, 0),
(1924, 0, '4399-raketka-dlya-nastolnogo-tennisa-Stiga-Trophy', '', ' ', 140.00, 0.00, 0, 0, 0, 0, NULL, 0, NULL, 0, NULL, '2013-01-12 06:20:51', 0, NULL, 0, 0, 0, 0, 4399, 'Спорттовары(VeLoX)', 0, 0),
(1925, 0, '3588-setka-dlya-nastolnogo-tennisa-30', '', ' ', 30.00, 0.00, 0, 0, 0, 0, NULL, 0, NULL, 0, NULL, '2013-01-12 06:20:51', 0, NULL, 0, 0, 0, 0, 3588, 'Спорттовары(VeLoX)', 0, 0),
(1926, 0, '3591-setka-dlya-nastolnogo-tennisa-35', '', ' ', 35.00, 0.00, 0, 0, 0, 0, NULL, 0, NULL, 0, NULL, '2013-01-12 06:20:51', 0, NULL, 0, 0, 0, 0, 3591, 'Спорттовары(VeLoX)', 0, 0),
(1927, 0, '5193-setka-dlya-nastolnogo-tennisa-P203', '', ' ', 75.00, 0.00, 0, 0, 0, 0, NULL, 0, NULL, 0, NULL, '2013-01-12 06:20:51', 0, NULL, 0, 0, 0, 0, 5193, 'Спорттовары(VeLoX)', 0, 0),
(1928, 0, '2928-skakalka-20', '', ' ', 20.00, 0.00, 0, 0, 0, 0, NULL, 0, NULL, 0, NULL, '2013-01-12 06:20:51', 0, NULL, 0, 0, 0, 0, 2928, 'Спорттовары(VeLoX)', 0, 0),
(1929, 0, '5463-skakalka-7303', '', ' ', 20.00, 0.00, 0, 0, 0, 0, NULL, 0, NULL, 0, NULL, '2013-01-12 06:20:51', 0, NULL, 0, 0, 0, 0, 5463, 'Спорттовары(VeLoX)', 0, 0),
(1930, 0, '4046-skakalka-Fi-8008', '', ' ', 25.00, 0.00, 0, 0, 0, 0, NULL, 0, NULL, 0, NULL, '2013-01-12 06:20:51', 0, NULL, 0, 0, 0, 0, 4046, 'Спорттовары(VeLoX)', 0, 0),
(1931, 0, '5052-skakalka-so-schetchikom', '', ' ', 14.00, 0.00, 0, 0, 0, 0, NULL, 0, NULL, 0, NULL, '2013-01-12 06:20:51', 0, NULL, 0, 0, 0, 0, 5052, 'Спорттовары(VeLoX)', 0, 0),
(1932, 0, '4001-badminton-30', '', ' ', 30.00, 0.00, 0, 0, 0, 0, NULL, 0, NULL, 0, NULL, '2013-01-12 06:20:51', 0, NULL, 0, 0, 0, 0, 4001, 'Товары для отдыха(VeLoX)', 0, 0),
(1933, 0, '3017-badminton-40', '', ' ', 40.00, 0.00, 0, 0, 0, 0, NULL, 0, NULL, 0, NULL, '2013-01-12 06:20:51', 0, NULL, 0, 0, 0, 0, 3017, 'Товары для отдыха(VeLoX)', 0, 0),
(1934, 0, '4000-badminton-45', '', ' ', 45.00, 0.00, 0, 0, 0, 0, NULL, 0, NULL, 0, NULL, '2013-01-12 06:20:51', 0, NULL, 0, 0, 0, 0, 4000, 'Товары для отдыха(VeLoX)', 0, 0),
(1935, 0, '4694-badminton-W020-H300901', '', ' ', 25.00, 0.00, 0, 0, 0, 0, NULL, 0, NULL, 0, NULL, '2013-01-12 06:20:51', 0, NULL, 0, 0, 0, 0, 4694, 'Товары для отдыха(VeLoX)', 0, 0),
(1936, 0, '3021-badminton-nabor-370', '', ' ', 370.00, 0.00, 0, 0, 0, 0, NULL, 0, NULL, 0, NULL, '2013-01-12 06:20:51', 0, NULL, 0, 0, 0, 0, 3021, 'Товары для отдыха(VeLoX)', 0, 0),
(1937, 0, '3024-badminton-65', '', ' ', 65.00, 0.00, 0, 0, 0, 0, NULL, 0, NULL, 0, NULL, '2013-01-12 06:20:51', 0, NULL, 0, 0, 0, 0, 3024, 'Товары для отдыха(VeLoX)', 0, 0),
(1938, 0, '3028-badminton-Haotian', '', ' ', 75.00, 0.00, 0, 0, 0, 0, NULL, 0, NULL, 0, NULL, '2013-01-12 06:20:51', 0, NULL, 0, 0, 0, 0, 3028, 'Товары для отдыха(VeLoX)', 0, 0),
(1939, 0, '4407-badminton-pro328', '', ' ', 60.00, 0.00, 0, 0, 0, 0, NULL, 0, NULL, 0, NULL, '2013-01-12 06:20:51', 0, NULL, 0, 0, 0, 0, 4407, 'Товары для отдыха(VeLoX)', 0, 0),
(1940, 0, '3032-badminton-Victor-1880', '', ' ', 75.00, 0.00, 0, 0, 0, 0, NULL, 0, NULL, 0, NULL, '2013-01-12 06:20:51', 0, NULL, 0, 0, 0, 0, 3032, 'Товары для отдыха(VeLoX)', 0, 0),
(1941, 0, '3033-badminton-Yonex-507', '', ' ', 90.00, 0.00, 0, 0, 0, 0, NULL, 0, NULL, 0, NULL, '2013-01-12 06:20:51', 0, NULL, 0, 0, 0, 0, 3033, 'Товары для отдыха(VeLoX)', 0, 0),
(1942, 0, '3034-bebi-kar', '', ' ', 330.00, 0.00, 0, 0, 0, 0, NULL, 0, NULL, 0, NULL, '2013-01-12 06:20:51', 0, NULL, 0, 0, 0, 0, 3034, 'Товары для отдыха(VeLoX)', 0, 0),
(1943, 0, '3049-germomishok-PASSPORT-spring-green', '', ' ', 100.00, 0.00, 0, 0, 0, 0, NULL, 0, NULL, 0, NULL, '2013-01-12 06:20:51', 0, NULL, 0, 0, 0, 0, 3049, 'Товары для отдыха(VeLoX)', 0, 0),
(1944, 0, '3055-karimat-110', '', ' ', 110.00, 0.00, 0, 0, 0, 0, NULL, 0, NULL, 0, NULL, '2013-01-12 06:20:51', 0, NULL, 0, 0, 0, 0, 3055, 'Товары для отдыха(VeLoX)', 0, 0),
(1945, 0, '4310-karimat-70', '', ' ', 70.00, 0.00, 0, 0, 0, 0, NULL, 0, NULL, 0, NULL, '2013-01-12 06:20:51', 0, NULL, 0, 0, 0, 0, 4310, 'Товары для отдыха(VeLoX)', 0, 0),
(1946, 0, '3057-kompas-20', '', ' ', 20.00, 0.00, 0, 0, 0, 0, NULL, 0, NULL, 0, NULL, '2013-01-12 06:20:51', 0, NULL, 0, 0, 0, 0, 3057, 'Товары для отдыха(VeLoX)', 0, 0),
(1947, 0, '3058-kompas-35', '', ' ', 35.00, 0.00, 0, 0, 0, 0, NULL, 0, NULL, 0, NULL, '2013-01-12 06:20:51', 0, NULL, 0, 0, 0, 0, 3058, 'Товары для отдыха(VeLoX)', 0, 0),
(1948, 0, '3072-palatka-ARIZONA-temno-olivkoviy', '', ' ', 2290.00, 0.00, 0, 0, 0, 0, NULL, 0, NULL, 0, NULL, '2013-01-12 06:20:51', 0, NULL, 0, 0, 0, 0, 3072, 'Товары для отдыха(VeLoX)', 0, 0),
(1949, 0, '3073-palatka-Coleman-1001', '', ' ', 325.00, 0.00, 0, 0, 0, 0, NULL, 0, NULL, 0, NULL, '2013-01-12 06:20:51', 0, NULL, 0, 0, 0, 0, 3073, 'Товары для отдыха(VeLoX)', 0, 0),
(1950, 0, '4266-palatka-Coleman-1004', '', ' ', 735.00, 0.00, 0, 0, 0, 0, NULL, 0, NULL, 0, NULL, '2013-01-12 06:20:51', 0, NULL, 0, 0, 0, 0, 4266, 'Товары для отдыха(VeLoX)', 0, 0),
(1951, 0, '3074-palatka-Coleman-1008', '', ' ', 325.00, 0.00, 0, 0, 0, 0, NULL, 0, NULL, 0, NULL, '2013-01-12 06:20:51', 0, NULL, 0, 0, 0, 0, 3074, 'Товары для отдыха(VeLoX)', 0, 0),
(1952, 0, '3075-palatka-Coleman-1009', '', ' ', 690.00, 0.00, 0, 0, 0, 0, NULL, 0, NULL, 0, NULL, '2013-01-12 06:20:51', 0, NULL, 0, 0, 0, 0, 3075, 'Товары для отдыха(VeLoX)', 0, 0),
(1953, 0, '3077-palatka-Coleman-1014', '', ' ', 475.00, 0.00, 0, 0, 0, 0, NULL, 0, NULL, 0, NULL, '2013-01-12 06:20:51', 0, NULL, 0, 0, 0, 0, 3077, 'Товары для отдыха(VeLoX)', 0, 0),
(1954, 0, '3080-palatka-Coleman-1500', '', ' ', 1500.00, 0.00, 0, 0, 0, 0, NULL, 0, NULL, 0, NULL, '2013-01-12 06:20:51', 0, NULL, 0, 0, 0, 0, 3080, 'Товары для отдыха(VeLoX)', 0, 0),
(1955, 0, '3081-palatka-Coleman-1503', '', ' ', 315.00, 0.00, 0, 0, 0, 0, NULL, 0, NULL, 0, NULL, '2013-01-12 06:20:51', 0, NULL, 0, 0, 0, 0, 3081, 'Товары для отдыха(VeLoX)', 0, 0),
(1956, 0, '3082-palatka-Coleman-1910', '', ' ', 1150.00, 0.00, 0, 0, 0, 0, NULL, 0, NULL, 0, NULL, '2013-01-12 06:20:51', 0, NULL, 0, 0, 0, 0, 3082, 'Товары для отдыха(VeLoX)', 0, 0),
(1957, 0, '3083-palatka-Coleman-2908', '', ' ', 1190.00, 0.00, 0, 0, 0, 0, NULL, 0, NULL, 0, NULL, '2013-01-12 06:20:51', 0, NULL, 0, 0, 0, 0, 3083, 'Товары для отдыха(VeLoX)', 0, 0),
(1958, 0, '3084-palatka-Coleman-3004', '', ' ', 170.00, 0.00, 0, 0, 0, 0, NULL, 0, NULL, 0, NULL, '2013-01-12 06:20:51', 0, NULL, 0, 0, 0, 0, 3084, 'Товары для отдыха(VeLoX)', 0, 0),
(1959, 0, '3085-palatka-Coleman-3005', '', ' ', 260.00, 0.00, 0, 0, 0, 0, NULL, 0, NULL, 0, NULL, '2013-01-12 06:20:51', 0, NULL, 0, 0, 0, 0, 3085, 'Товары для отдыха(VeLoX)', 0, 0),
(1960, 0, '3087-palatka-Coleman-3017', '', ' ', 1930.00, 0.00, 0, 0, 0, 0, NULL, 0, NULL, 0, NULL, '2013-01-12 06:20:51', 0, NULL, 0, 0, 0, 0, 3087, 'Товары для отдыха(VeLoX)', 0, 0),
(1961, 0, '3088-palatka-Coleman-950', '', ' ', 950.00, 0.00, 0, 0, 0, 0, NULL, 0, NULL, 0, NULL, '2013-01-12 06:20:51', 0, NULL, 0, 0, 0, 0, 3088, 'Товары для отдыха(VeLoX)', 0, 0),
(1962, 0, '3090-palatka-Freetime-Fidji-3', '', ' ', 980.00, 0.00, 0, 0, 0, 0, NULL, 0, NULL, 0, NULL, '2013-01-12 06:20:51', 0, NULL, 0, 0, 0, 0, 3090, 'Товары для отдыха(VeLoX)', 0, 0),
(1963, 0, '3092-palatka-HUDSON-temno-olivkoviy', '', ' ', 1010.00, 0.00, 0, 0, 0, 0, NULL, 0, NULL, 0, NULL, '2013-01-12 06:20:51', 0, NULL, 0, 0, 0, 0, 3092, 'Товары для отдыха(VeLoX)', 0, 0),
(1964, 0, '5063-palatka-Spo8000-2', '', ' ', 160.00, 0.00, 0, 0, 0, 0, NULL, 0, NULL, 0, NULL, '2013-01-12 06:20:51', 0, NULL, 0, 0, 0, 0, 5063, 'Товары для отдыха(VeLoX)', 0, 0),
(1965, 0, '4689-palatka-Trimm-COMET-dark-olive-olivkoviy', '', ' ', 890.00, 0.00, 0, 0, 0, 0, NULL, 0, NULL, 0, NULL, '2013-01-12 06:20:51', 0, NULL, 0, 0, 0, 0, 4689, 'Товары для отдыха(VeLoX)', 0, 0),
(1966, 0, '4691-palatka-Trimm-OHIO-camouflage-kamuflyajniy', '', ' ', 1080.00, 0.00, 0, 0, 0, 0, NULL, 0, NULL, 0, NULL, '2013-01-12 06:20:51', 0, NULL, 0, 0, 0, 0, 4691, 'Товары для отдыха(VeLoX)', 0, 0),
(1967, 0, '4690-palatka-Trimm-OHIO-dark-olive-olivkoviy', '', ' ', 1080.00, 0.00, 0, 0, 0, 0, NULL, 0, NULL, 0, NULL, '2013-01-12 06:20:51', 0, NULL, 0, 0, 0, 0, 4690, 'Товары для отдыха(VeLoX)', 0, 0),
(1968, 0, '5152-raketka-dlya-tennisa-Wilson', '', ' ', 125.00, 0.00, 0, 0, 0, 0, NULL, 0, NULL, 0, NULL, '2013-01-12 06:20:51', 0, NULL, 0, 0, 0, 0, 5152, 'Товары для отдыха(VeLoX)', 0, 0),
(1969, 0, '4268-spalnik-Coleman-komuflyaj', '', ' ', 175.00, 0.00, 0, 0, 0, 0, NULL, 0, NULL, 0, NULL, '2013-01-12 06:20:51', 0, NULL, 0, 0, 0, 0, 4268, 'Товары для отдыха(VeLoX)', 0, 0),
(1970, 0, '4267-spalnik-Coleman-chernyiy', '', ' ', 235.00, 0.00, 0, 0, 0, 0, NULL, 0, NULL, 0, NULL, '2013-01-12 06:20:51', 0, NULL, 0, 0, 0, 0, 4267, 'Товары для отдыха(VeLoX)', 0, 0),
(1971, 0, '4386-spalnik-Trimm-BALANCE-kiwi-green-dark-grey-zeleniy-', '', ' ', 560.00, 0.00, 0, 0, 0, 0, NULL, 0, NULL, 0, NULL, '2013-01-12 06:20:51', 0, NULL, 0, 0, 0, 0, 4386, 'Товары для отдыха(VeLoX)', 0, 0),
(1972, 0, '3117-stol-4-stula-utsenka', '', ' ', 590.00, 0.00, 0, 0, 0, 0, NULL, 0, NULL, 0, NULL, '2013-01-12 06:20:51', 0, NULL, 0, 0, 0, 0, 3117, 'Товары для отдыха(VeLoX)', 0, 0),
(1973, 0, '4297-velosipednoe-kreplenie', '', ' ', 30.00, 0.00, 0, 0, 0, 0, NULL, 0, NULL, 0, NULL, '2013-01-12 06:20:51', 0, NULL, 0, 0, 0, 0, 4297, 'Фонари', 0, 0),
(1974, 0, '3139-lampa-YD-268c', '', ' ', 90.00, 0.00, 0, 0, 0, 0, NULL, 0, NULL, 0, NULL, '2013-01-12 06:20:51', 0, NULL, 0, 0, 0, 0, 3139, 'Фонари', 0, 0),
(1975, 0, '4173-lampa-dlya-kempinga', '', ' ', 35.00, 0.00, 0, 0, 0, 0, NULL, 0, NULL, 0, NULL, '2013-01-12 06:20:51', 0, NULL, 0, 0, 0, 0, 4173, 'Фонари', 0, 0),
(1976, 0, '5582-lampa-dlya-kempinga-FA-977', '', ' ', 75.00, 0.00, 0, 0, 0, 0, NULL, 0, NULL, 0, NULL, '2013-01-12 06:20:51', 0, NULL, 0, 0, 0, 0, 5582, 'Фонари', 0, 0),
(1977, 0, '5455-lampa-dlya-kempinga-TJLED-8068', '', ' ', 30.00, 0.00, 0, 0, 0, 0, NULL, 0, NULL, 0, NULL, '2013-01-12 06:20:51', 0, NULL, 0, 0, 0, 0, 5455, 'Фонари', 0, 0),
(1978, 0, '3141-fonarik-MINI-MAGLITE-AA-fonarik-i-2-bat', '', ' ', 240.00, 0.00, 0, 0, 0, 0, NULL, 0, NULL, 0, NULL, '2013-01-12 06:20:51', 0, NULL, 0, 0, 0, 0, 3141, 'Фонари', 0, 0),
(1979, 0, '3143-fonarik-kosmos-akb', '', ' ', 25.00, 0.00, 0, 0, 0, 0, NULL, 0, NULL, 0, NULL, '2013-01-12 06:20:51', 0, NULL, 0, 0, 0, 0, 3143, 'Фонари', 0, 0),
(1980, 0, '3144-fonarik-3D-v-blistere-kamuflyaj', '', ' ', 480.00, 0.00, 0, 0, 0, 0, NULL, 0, NULL, 0, NULL, '2013-01-12 06:20:51', 0, NULL, 0, 0, 0, 0, 3144, 'Фонари', 0, 0),
(1981, 0, '3147-fonar-Duracell-Led-traveller-2R6', '', ' ', 40.00, 0.00, 0, 0, 0, 0, NULL, 0, NULL, 0, NULL, '2013-01-12 06:20:51', 0, NULL, 0, 0, 0, 0, 3147, 'Фонари', 0, 0),
(1982, 0, '4191-fonar-Bailong-1003', '', ' ', 80.00, 0.00, 0, 0, 0, 0, NULL, 0, NULL, 0, NULL, '2013-01-12 06:20:51', 0, NULL, 0, 0, 0, 0, 4191, 'Фонари', 0, 0),
(1983, 0, '3765-fonar-Bailong-100W-65', '', ' ', 65.00, 0.00, 0, 0, 0, 0, NULL, 0, NULL, 0, NULL, '2013-01-12 06:20:51', 0, NULL, 0, 0, 0, 0, 3765, 'Фонари', 0, 0),
(1984, 0, '5451-fonar-Bailong-podvodnyiy-BL-8771', '', ' ', 280.00, 0.00, 0, 0, 0, 0, NULL, 0, NULL, 0, NULL, '2013-01-12 06:20:51', 0, NULL, 0, 0, 0, 0, 5451, 'Фонари', 0, 0),
(1985, 0, '3156-fonar-Batlong-BL-8035-na-ruje', '', ' ', 190.00, 0.00, 0, 0, 0, 0, NULL, 0, NULL, 0, NULL, '2013-01-12 06:20:51', 0, NULL, 0, 0, 0, 0, 3156, 'Фонари', 0, 0),
(1986, 0, '3157-fonar-Energizer-2R20', '', ' ', 150.00, 0.00, 0, 0, 0, 0, NULL, 0, NULL, 0, NULL, '2013-01-12 06:20:51', 0, NULL, 0, 0, 0, 0, 3157, 'Фонари', 0, 0),
(1987, 0, '3158-fonar-Energizer-2R6', '', ' ', 110.00, 0.00, 0, 0, 0, 0, NULL, 0, NULL, 0, NULL, '2013-01-12 06:20:51', 0, NULL, 0, 0, 0, 0, 3158, 'Фонари', 0, 0),
(1988, 0, '3159-fonar-Energizer-X215', '', ' ', 100.00, 0.00, 0, 0, 0, 0, NULL, 0, NULL, 0, NULL, '2013-01-12 06:20:51', 0, NULL, 0, 0, 0, 0, 3159, 'Фонари', 0, 0),
(1989, 0, '3166-fonar-Nishica-ns-5942', '', ' ', 160.00, 0.00, 0, 0, 0, 0, NULL, 0, NULL, 0, NULL, '2013-01-12 06:20:51', 0, NULL, 0, 0, 0, 0, 3166, 'Фонари', 0, 0),
(1990, 0, '3168-fonar-Noroz-akb-55', '', ' ', 55.00, 0.00, 0, 0, 0, 0, NULL, 0, NULL, 0, NULL, '2013-01-12 06:20:51', 0, NULL, 0, 0, 0, 0, 3168, 'Фонари', 0, 0),
(1991, 0, '3170-fonar-Panasonic-BF-240', '', ' ', 98.00, 0.00, 0, 0, 0, 0, NULL, 0, NULL, 0, NULL, '2013-01-12 06:20:51', 0, NULL, 0, 0, 0, 0, 3170, 'Фонари', 0, 0),
(1992, 0, '3171-fonar-Panasonic-BF-241', '', ' ', 110.00, 0.00, 0, 0, 0, 0, NULL, 0, NULL, 0, NULL, '2013-01-12 06:20:51', 0, NULL, 0, 0, 0, 0, 3171, 'Фонари', 0, 0),
(1993, 0, '3175-fonar-Police-20w', '', ' ', 50.00, 0.00, 0, 0, 0, 0, NULL, 0, NULL, 0, NULL, '2013-01-12 06:20:51', 0, NULL, 0, 0, 0, 0, 3175, 'Фонари', 0, 0),
(1994, 0, '5523-fonar-Police-BL-8400', '', ' ', 50.00, 0.00, 0, 0, 0, 0, NULL, 0, NULL, 0, NULL, '2013-01-12 06:20:51', 0, NULL, 0, 0, 0, 0, 5523, 'Фонари', 0, 0),
(1995, 0, '5460-fonar-Police-BL-8801', '', ' ', 35.00, 0.00, 0, 0, 0, 0, NULL, 0, NULL, 0, NULL, '2013-01-12 06:20:51', 0, NULL, 0, 0, 0, 0, 5460, 'Фонари', 0, 0),
(1996, 0, '5529-fonar-Qingda', '', ' ', 28.00, 0.00, 0, 0, 0, 0, NULL, 0, NULL, 0, NULL, '2013-01-12 06:20:51', 0, NULL, 0, 0, 0, 0, 5529, 'Фонари', 0, 0),
(1997, 0, '3753-fonar-Sonex-222', '', ' ', 45.00, 0.00, 0, 0, 0, 0, NULL, 0, NULL, 0, NULL, '2013-01-12 06:20:51', 0, NULL, 0, 0, 0, 0, 3753, 'Фонари', 0, 0);
INSERT INTO `catalog_product` (`product_id`, `manufacturer_id`, `ident`, `name`, `article`, `price`, `new_price`, `discountPercent`, `taxable`, `quantity`, `newest`, `newest_date`, `hit`, `hit_date`, `special`, `special_date`, `lastmod`, `viewed`, `video`, `in_stock`, `sort_order`, `publication_review_id`, `status`, `code_1c`, `group_1c`, `author_id`, `last_edit_id`) VALUES
(1998, 0, '3188-fonar-Sonex-HB-160', '', ' ', 25.00, 0.00, 0, 0, 0, 0, NULL, 0, NULL, 0, NULL, '2013-01-12 06:20:51', 0, NULL, 0, 0, 0, 0, 3188, 'Фонари', 0, 0),
(1999, 0, '4074-fonar-Sonex-HB-179', '', ' ', 30.00, 0.00, 0, 0, 0, 0, NULL, 0, NULL, 0, NULL, '2013-01-12 06:20:51', 0, NULL, 0, 0, 0, 0, 4074, 'Фонари', 0, 0),
(2000, 0, '4278-fonar-Sonex-HB-222', '', ' ', 45.00, 0.00, 0, 0, 0, 0, NULL, 0, NULL, 0, NULL, '2013-01-12 06:20:51', 0, NULL, 0, 0, 0, 0, 4278, 'Фонари', 0, 0),
(2001, 0, '4276-fonar-Sonex-HB-223', '', ' ', 50.00, 0.00, 0, 0, 0, 0, NULL, 0, NULL, 0, NULL, '2013-01-12 06:20:51', 0, NULL, 0, 0, 0, 0, 4276, 'Фонари', 0, 0),
(2002, 0, '5312-fonar-Sonex-HB-225', '', ' ', 55.00, 0.00, 0, 0, 0, 0, NULL, 0, NULL, 0, NULL, '2013-01-12 06:20:51', 0, NULL, 0, 0, 0, 0, 5312, 'Фонари', 0, 0),
(2003, 0, '4701-fonar-Supra-BL-1LW', '', ' ', 90.00, 0.00, 0, 0, 0, 0, NULL, 0, NULL, 0, NULL, '2013-01-12 06:20:51', 0, NULL, 0, 0, 0, 0, 4701, 'Фонари', 0, 0),
(2004, 0, '5672-fonar-Supra-BL-1LW-kreplenie-na-velosiped', '', ' ', 95.00, 0.00, 0, 0, 0, 0, NULL, 0, NULL, 0, NULL, '2013-01-12 06:20:51', 0, NULL, 0, 0, 0, 0, 5672, 'Фонари', 0, 0),
(2005, 0, '5844-fonar-Supra-BL-9L', '', ' ', 45.00, 0.00, 0, 0, 0, 0, NULL, 0, NULL, 0, NULL, '2013-01-12 06:20:51', 0, NULL, 0, 0, 0, 0, 5844, 'Фонари', 0, 0),
(2006, 0, '3195-fonar-akk-GD-2-700000', '', ' ', 175.00, 0.00, 0, 0, 0, 0, NULL, 0, NULL, 0, NULL, '2013-01-12 06:20:51', 0, NULL, 0, 0, 0, 0, 3195, 'Фонари', 0, 0),
(2007, 0, '3196-fonar-akk-GD-3-500-000', '', ' ', 140.00, 0.00, 0, 0, 0, 0, NULL, 0, NULL, 0, NULL, '2013-01-12 06:20:51', 0, NULL, 0, 0, 0, 0, 3196, 'Фонари', 0, 0),
(2008, 0, '3198-fonar-akk-GD-4-000000', '', ' ', 165.00, 0.00, 0, 0, 0, 0, NULL, 0, NULL, 0, NULL, '2013-01-12 06:20:51', 0, NULL, 0, 0, 0, 0, 3198, 'Фонари', 0, 0),
(2009, 0, '5211-fonar-na-golovu-1829', '', ' ', 50.00, 0.00, 0, 0, 0, 0, NULL, 0, NULL, 0, NULL, '2013-01-12 06:20:51', 0, NULL, 0, 0, 0, 0, 5211, 'Фонари', 0, 0),
(2010, 0, '5210-fonar-na-golovu-1898', '', ' ', 55.00, 0.00, 0, 0, 0, 0, NULL, 0, NULL, 0, NULL, '2013-01-12 06:20:51', 0, NULL, 0, 0, 0, 0, 5210, 'Фонари', 0, 0),
(2011, 0, '5618-fonar-na-golovu-Bailong-BL-603', '', ' ', 40.00, 0.00, 0, 0, 0, 0, NULL, 0, NULL, 0, NULL, '2013-01-12 06:20:51', 0, NULL, 0, 0, 0, 0, 5618, 'Фонари', 0, 0),
(2012, 0, '5453-fonar-na-golovu-Bailong-BL-6631', '', ' ', 140.00, 0.00, 0, 0, 0, 0, NULL, 0, NULL, 0, NULL, '2013-01-12 06:20:51', 0, NULL, 0, 0, 0, 0, 5453, 'Фонари', 0, 0),
(2013, 0, '5685-fonar-na-golovu-Bailong-BL-6658', '', ' ', 150.00, 0.00, 0, 0, 0, 0, NULL, 0, NULL, 0, NULL, '2013-01-12 06:20:51', 0, NULL, 0, 0, 0, 0, 5685, 'Фонари', 0, 0),
(2014, 0, '5528-fonar-na-golovu-DS-312', '', ' ', 40.00, 0.00, 0, 0, 0, 0, NULL, 0, NULL, 0, NULL, '2013-01-12 06:20:51', 0, NULL, 0, 0, 0, 0, 5528, 'Фонари', 0, 0),
(2015, 0, '4837-fonar-na-lob-svetod-Supra-12L', '', ' ', 55.00, 0.00, 0, 0, 0, 0, NULL, 0, NULL, 0, NULL, '2013-01-12 06:20:51', 0, NULL, 0, 0, 0, 0, 4837, 'Фонари', 0, 0),
(2016, 0, '3205-fonar-na-lob-svetodiodnyiy-ak-rnyiy-SY-501', '', ' ', 40.00, 0.00, 0, 0, 0, 0, NULL, 0, NULL, 0, NULL, '2013-01-12 06:20:51', 0, NULL, 0, 0, 0, 0, 3205, 'Фонари', 0, 0),
(2017, 0, '3207-fonar-na-lob-svetodiodnyiy-25', '', ' ', 25.00, 0.00, 0, 0, 0, 0, NULL, 0, NULL, 0, NULL, '2013-01-12 06:20:51', 0, NULL, 0, 0, 0, 0, 3207, 'Фонари', 0, 0),
(2018, 0, '3208-fonar-na-lob-svetodiodnyiy-30', '', ' ', 30.00, 0.00, 0, 0, 0, 0, NULL, 0, NULL, 0, NULL, '2013-01-12 06:20:51', 0, NULL, 0, 0, 0, 0, 3208, 'Фонари', 0, 0),
(2019, 0, '5768-fonar-podvodnyiy-BL-6800', '', ' ', 230.00, 0.00, 0, 0, 0, 0, NULL, 0, NULL, 0, NULL, '2013-01-12 06:20:51', 0, NULL, 0, 0, 0, 0, 5768, 'Фонари', 0, 0),
(2020, 0, '5619-fonar-svetodiodnyiy-Empalux', '', ' ', 30.00, 0.00, 0, 0, 0, 0, NULL, 0, NULL, 0, NULL, '2013-01-12 06:20:51', 0, NULL, 0, 0, 0, 0, 5619, 'Фонари', 0, 0),
(2021, 0, '5420-fonar-serebro-40', '', ' ', 40.00, 0.00, 0, 0, 0, 0, NULL, 0, NULL, 0, NULL, '2013-01-12 06:20:51', 0, NULL, 0, 0, 0, 0, 5420, 'Фонари', 0, 0),
(2022, 0, '-Disk-2proma-36H-KT-SR6F-pered', '', '', 295.00, 0.00, 0, 0, 0, 0, '2013-01-12 06:27:19', 0, '2013-01-12 06:27:19', 0, '2013-01-12 06:27:19', '2013-01-12 06:28:51', 0, '', 1, 2022, 0, 1, NULL, NULL, 0, 0),
(2024, 5, 'Gary-Fisher-Wahoo', '', '', 5150.00, 4980.00, 0, 0, 0, 1, '2013-01-12 08:06:28', 0, '2013-01-12 08:06:28', 0, '2013-01-12 08:06:28', '2013-01-12 08:08:58', 0, '', 1, 2023, 0, 1, NULL, NULL, 0, 0),
(2025, 5, 'Trek-3500', '', '', 3185.00, 3100.00, 0, 0, 0, 0, '2013-01-12 11:02:42', 1, '2013-01-12 11:02:42', 0, '2013-01-12 11:02:42', '2013-01-12 11:06:00', 0, '', 1, 2025, 0, 1, NULL, NULL, 0, 0),
(2028, 5, 'Trek-2012-3700', '', '', 3815.00, 3243.00, 0, 0, 0, 0, '2013-01-13 02:35:18', 1, '2013-01-13 02:35:18', 1, '2013-01-13 02:35:18', '2013-01-13 02:37:28', 0, '', 1, 2028, 0, 1, NULL, NULL, 0, 0),
(2027, 5, 'Trek-2013-3700-Disc', '', '', 4440.00, 4218.00, 0, 0, 0, 1, '2013-01-13 02:00:50', 1, '2013-01-13 02:00:50', 1, '2013-01-13 02:00:50', '2013-01-13 02:02:43', 0, '', 1, 2027, 0, 1, NULL, NULL, 0, 0),
(2029, 5, 'Trek-2012-4300', '', '', 5455.00, 4637.00, 0, 0, 0, 0, '2013-01-13 02:44:17', 0, '2013-01-13 02:44:17', 1, '2013-01-13 02:44:17', '2013-01-13 02:46:42', 0, '', 1, 2029, 0, 1, NULL, NULL, 0, 0),
(2030, 5, 'Trek-2012-4300-Disc', '', '', 6505.00, 5529.00, 0, 0, 0, 0, '2013-01-13 02:55:43', 0, '2013-01-13 02:55:43', 1, '2013-01-13 02:55:43', '2013-01-13 02:57:28', 0, '', 1, 2030, 0, 1, NULL, NULL, 0, 0),
(2031, 5, 'Trek-2012-4500-Disc', '', '', 7120.00, 5763.00, 0, 0, 0, 0, '2013-01-13 03:04:24', 0, '2013-01-13 03:04:24', 1, '2013-01-13 03:04:24', '2013-01-13 03:05:45', 0, '', 1, 2031, 0, 1, NULL, NULL, 0, 0),
(2032, 5, 'Trek-2012-4900-Disc', '', '', 8500.00, 7225.00, 0, 0, 0, 0, '2013-01-13 03:17:11', 0, '2013-01-13 03:17:11', 1, '2013-01-13 03:17:11', '2013-01-16 12:58:37', 0, '', 1, 2032, 0, 1, 0, NULL, 0, 0),
(2033, 5, 'Trek-2012-6000', '', '', 9650.00, 8200.00, 0, 0, 0, 0, '2013-01-13 03:58:38', 0, '2013-01-13 03:58:38', 1, '2013-01-13 03:58:38', '2013-01-13 04:02:58', 0, '', 1, 2033, 0, 1, NULL, NULL, 0, 0),
(2034, 5, 'Trek-2012-MT-220-Boys', '', '', 2760.00, 0.00, 0, 0, 0, 0, '2013-01-13 04:09:55', 0, '2013-01-13 04:09:55', 0, '2013-01-13 04:09:55', '2013-01-18 06:16:25', 0, '', 1, 2034, 0, 1, 0, NULL, 0, 0),
(2035, 5, 'Trek-2012-Mystic-20', '', '', 1896.00, 0.00, 0, 0, 0, 0, '2013-01-13 04:18:35', 0, '2013-01-13 04:18:35', 0, '2013-01-13 04:18:35', '2013-01-18 06:17:09', 0, '', 1, 2035, 0, 1, 0, NULL, 0, 0),
(2038, 0, 'Disk-2SB-belaya-36H-KT-SR6R-zad', '', '', 415.00, 0.00, 0, 0, 0, 0, '2013-01-13 11:17:45', 0, '2013-01-13 11:17:45', 0, '2013-01-13 11:17:45', '2013-01-18 09:28:35', 0, '', 1, 2036, 0, 1, 5335, NULL, 0, 0),
(2039, 0, 'Disk-2SB-belaya-36H-KT-SR6F-per', '', '', 315.00, 0.00, 0, 0, 0, 0, '2013-01-13 11:36:07', 0, '2013-01-13 11:36:07', 0, '2013-01-13 11:36:07', '2013-01-18 09:29:24', 0, '', 1, 2039, 0, 1, 5334, NULL, 0, 0),
(2040, 0, '-Disk-2-proma-32H-KT-SR6R-zad', '', '', 390.00, 0.00, 0, 0, 0, 0, '2013-01-13 11:40:35', 0, '2013-01-13 11:40:35', 0, '2013-01-13 11:40:35', '2013-01-18 09:30:21', 0, '', 1, 2040, 0, 1, 5337, NULL, 0, 0),
(2041, 0, '-Disk-2-proma-36H-KT-SR6F-pered', '', '', 295.00, 0.00, 0, 0, 0, 0, '2013-01-13 11:43:32', 0, '2013-01-13 11:43:32', 0, '2013-01-13 11:43:32', '2013-01-18 09:30:48', 0, '', 1, 2041, 0, 1, 5338, NULL, 0, 0),
(2042, 0, '-Disk-20mm-KT-TW2F-32H', '', '', 390.00, 0.00, 0, 0, 0, 0, '2013-01-13 12:03:18', 0, '2013-01-13 12:03:18', 0, '2013-01-13 12:03:18', '2013-01-18 09:31:19', 0, '', 1, 2042, 0, 1, 576, NULL, 0, 0),
(2043, 0, '-FireEye-Excelerant-F520-belaya-32-spitsyi', '', '', 495.00, 0.00, 0, 0, 0, 0, '2013-01-13 12:49:17', 0, '2013-01-13 12:49:17', 0, '2013-01-13 12:49:17', '2013-01-18 09:32:27', 0, '', 1, 2043, 0, 1, 3799, NULL, 0, 0),
(2142, 0, '-COMP-ELBOW-WHITE-M', '', '', 260.00, 0.00, 0, 0, 0, 0, '2013-01-15 17:23:47', 0, '2013-01-15 17:23:47', 0, '2013-01-15 17:23:47', '2013-01-18 09:25:38', 0, '', 1, 2142, 0, 1, 4637, NULL, 0, 0),
(2045, 0, '-FireEye-Excelerant-RS10-chernaya-32', '', '', 560.00, 0.00, 0, 0, 0, 0, '2013-01-14 05:16:57', 0, '2013-01-14 05:16:57', 0, '2013-01-14 05:16:57', '2013-01-18 09:33:29', 0, '', 1, 2045, 0, 1, 578, NULL, 0, 0),
(2046, 0, '-KT-C99F-per-2SB-36H-prom-podshipnik-na-36-spits', '', '', 220.00, 0.00, 0, 0, 0, 0, '2013-01-14 05:19:44', 0, '2013-01-14 05:19:44', 0, '2013-01-14 05:19:44', '2013-01-18 09:34:08', 0, '', 1, 2046, 0, 1, 5339, NULL, 0, 0),
(2047, 0, '-KT-CT1R-zad-2SB-36H-prom-podshipnik-zad-pod-kassetu-na', '', '', 330.00, 0.00, 0, 0, 0, 0, '2013-01-14 05:23:21', 0, '2013-01-14 05:23:21', 0, '2013-01-14 05:23:21', '2013-01-18 09:34:36', 0, '', 1, 2047, 0, 1, 5340, NULL, 0, 0),
(2048, 0, '-MTB-X-9-6B-Disc-zad-32H-135-9mm', '', '', 670.00, 0.00, 0, 0, 0, 0, '2013-01-14 05:29:26', 0, '2013-01-14 05:29:26', 0, '2013-01-14 05:29:26', '2013-01-18 09:35:20', 0, '', 1, 2048, 0, 1, 5483, NULL, 0, 0),
(2049, 0, 'vtulka-MTB-X-9-6B-Disc-per-32H-100-9mm', '', '', 530.00, 0.00, 0, 0, 0, 0, '2013-01-14 05:35:52', 0, '2013-01-14 05:35:52', 0, '2013-01-14 05:35:52', '2013-01-18 09:35:48', 0, '', 1, 2049, 0, 1, 5484, NULL, 0, 0),
(2050, 0, '-MTB-X-9-6B-Disc-per-32H20x110', '', '', 810.00, 0.00, 0, 0, 0, 0, '2013-01-14 05:38:18', 0, '2013-01-14 05:38:18', 0, '2013-01-14 05:38:18', '2013-01-18 09:36:15', 0, '', 1, 2050, 0, 1, 5485, NULL, 0, 0),
(2051, 0, '-MTB-zadnyaya-AtomLab-10mm', '', '', 674.00, 0.00, 0, 0, 0, 0, '2013-01-14 05:42:08', 0, '2013-01-14 05:42:08', 0, '2013-01-14 05:42:08', '2013-01-18 09:36:43', 0, '', 1, 2051, 0, 1, 581, NULL, 0, 0),
(2052, 5, 'Trek-2013-3500-Disc', '', '', 3590.00, 3500.00, 0, 0, 0, 0, '2013-01-14 07:27:03', 0, '2013-01-14 07:27:03', 0, '2013-01-14 07:27:03', '2013-01-14 07:31:29', 0, '', 1, 2052, 0, 1, NULL, NULL, 0, 0),
(2053, 5, 'Trek-2013-3700', '', '', 4045.00, 3843.00, 0, 0, 0, 0, '2013-01-14 07:42:27', 1, '2013-01-14 07:42:27', 0, '2013-01-14 07:42:27', '2013-01-14 07:44:16', 0, '', 1, 2053, 0, 1, NULL, NULL, 0, 0),
(2054, 5, 'Trek-2013-3900', '', '', 4370.00, 4152.00, 0, 0, 0, 0, '2013-01-14 07:51:33', 1, '2013-01-14 07:51:33', 0, '2013-01-14 07:51:33', '2013-01-14 07:54:29', 0, '', 1, 2054, 0, 1, NULL, NULL, 0, 0),
(2055, 5, 'Trek-2013-3900-Disc', '', '', 4740.00, 4503.00, 0, 0, 0, 1, '2013-01-14 08:02:31', 1, '2013-01-14 08:02:31', 0, '2013-01-14 08:02:31', '2013-01-14 08:04:18', 0, '', 1, 2055, 0, 1, NULL, NULL, 0, 0),
(2056, 0, 'Trek-2013-4300-Disc', '', '', 6705.00, 6370.00, 0, 0, 0, 1, '2013-01-14 08:58:30', 0, '2013-01-14 08:58:30', 1, '2013-01-14 08:58:30', '2013-01-14 09:03:04', 0, '', 1, 2056, 0, 1, NULL, NULL, 0, 0),
(2057, 5, 'Trek-2013-Cobia', '', '', 10110.00, 9900.00, 0, 0, 0, 1, '2013-01-14 09:07:50', 0, '2013-01-14 09:07:50', 0, '2013-01-14 09:07:50', '2013-01-14 09:10:58', 0, '<iframe width="560" height="315" src="http://www.youtube.com/embed/PwR0T5a4uuM" frameborder="0" allowfullscreen></iframe>', 1, 2057, 0, 1, NULL, NULL, 0, 0),
(2058, 5, 'Trek-2013-Marlin', '', '', 5535.00, 5350.00, 0, 0, 0, 1, '2013-01-14 09:17:21', 0, '2013-01-14 09:17:21', 0, '2013-01-14 09:17:21', '2013-01-14 09:19:09', 0, '<iframe width="560" height="315" src="http://www.youtube.com/embed/PwR0T5a4uuM" frameborder="0" allowfullscreen></iframe>', 1, 2058, 0, 1, NULL, NULL, 0, 0),
(2059, 5, 'Trek-2013-Jet-16', '', '', 1570.00, 1550.00, 0, 0, 0, 1, '2013-01-14 09:25:23', 0, '2013-01-14 09:25:23', 0, '2013-01-14 09:25:23', '2013-01-14 09:27:16', 0, '', 1, 2059, 0, 1, NULL, NULL, 0, 0),
(2060, 5, 'Trek-2013-MT-220-Boys', '', '', 2830.00, 2780.00, 0, 0, 0, 1, '2013-01-14 09:44:58', 0, '2013-01-14 09:44:58', 0, '2013-01-14 09:44:58', '2013-01-18 06:18:06', 0, '', 1, 2060, 0, 1, 0, NULL, 0, 0),
(2061, 5, 'Trek-2013-MT-220-Girls', '', '', 2830.00, 2780.00, 0, 0, 0, 1, '2013-01-14 10:00:59', 0, '2013-01-14 10:00:59', 0, '2013-01-14 10:00:59', '2013-01-18 06:18:33', 0, '', 1, 2061, 0, 1, 0, NULL, 0, 0),
(2062, 5, 'Trek-2013-Mystic-16', '', '', 1570.00, 1550.00, 0, 0, 0, 1, '2013-01-14 10:07:07', 0, '2013-01-14 10:07:07', 0, '2013-01-14 10:07:07', '2013-01-18 06:21:09', 0, '', 1, 2062, 0, 1, 0, NULL, 0, 0),
(2063, 5, 'Trek-2013-Skye', '', '', 3470.00, 3297.00, 0, 0, 0, 0, '2013-01-14 10:12:38', 0, '2013-01-14 10:12:38', 0, '2013-01-14 10:12:38', '2013-01-14 10:15:12', 0, '', 1, 2063, 0, 1, NULL, NULL, 0, 0),
(2064, 5, 'Trek-2013-Skye-S', '', '', 4095.00, 3890.00, 0, 0, 0, 1, '2013-01-14 10:20:04', 0, '2013-01-14 10:20:04', 0, '2013-01-14 10:20:04', '2013-01-18 07:19:34', 0, '', 1, 2064, 0, 1, 0, NULL, 0, 0),
(2065, 5, 'Trek-2013-Skye-SL', '', '', 5550.00, 5273.00, 0, 0, 0, 0, '2013-01-14 10:27:22', 0, '2013-01-14 10:27:22', 0, '2013-01-14 10:27:22', '2013-01-14 11:20:36', 0, '', 1, 2065, 0, 1, NULL, NULL, 0, 0),
(2066, 6, 'Merida-Dakar-620-2012', '', '', 2749.00, 2740.00, 0, 0, 0, 0, '2013-01-14 11:31:39', 0, '2013-01-14 11:31:39', 0, '2013-01-14 11:31:39', '2013-01-18 06:19:25', 0, '', 1, 2066, 0, 1, 0, NULL, 0, 0),
(2067, 6, 'Merida-Juliet-10-V-2012', '', '', 3605.00, 3138.00, 0, 0, 0, 0, '2013-01-14 11:39:33', 0, '2013-01-14 11:39:33', 0, '2013-01-14 11:39:33', '2013-01-15 04:21:43', 0, '', 1, 2067, 0, 1, NULL, NULL, 0, 0),
(2068, 0, '-QUANDO-BMX-KT-D1-TF-per-36H', '', '', 80.00, 0.00, 0, 0, 0, 0, '2013-01-14 13:52:53', 0, '2013-01-14 13:52:53', 0, '2013-01-14 13:52:53', '2013-01-18 09:37:05', 0, '', 1, 2068, 0, 1, 584, NULL, 0, 0),
(2069, 0, '-TATU-BIKE-zadn-32H-shosse-krasnaya', '', '', 393.00, 0.00, 0, 0, 0, 0, '2013-01-14 13:56:04', 0, '2013-01-14 13:56:04', 0, '2013-01-14 13:56:04', '2013-01-18 09:37:27', 0, '', 1, 2069, 0, 1, 3508, NULL, 0, 0),
(2070, 0, '-TATU-BIKE-zadn-vmh-36n-4-prom-podsh-chernaya-524g-os-14', '', '', 560.00, 0.00, 0, 0, 0, 0, '2013-01-14 13:59:58', 0, '2013-01-14 13:59:58', 0, '2013-01-14 13:59:58', '2013-01-18 09:38:01', 0, '', 1, 2070, 0, 1, 5767, NULL, 0, 0),
(2071, 0, '-TATU-BIKE-zadn-vmh-48n-chernaya-58', '', '', 250.00, 0.00, 0, 0, 0, 0, '2013-01-14 14:03:49', 0, '2013-01-14 14:03:49', 0, '2013-01-14 14:03:49', '2013-01-18 09:38:29', 0, '', 1, 2071, 0, 1, 586, NULL, 0, 0),
(2072, 0, '-TATU-BIKE-zadn-disk-36n-4-prom-podsh-DH-12h150-chernaya', '', '', 670.00, 0.00, 0, 0, 0, 0, '2013-01-14 14:07:32', 0, '2013-01-14 14:07:32', 0, '2013-01-14 14:07:32', '2013-01-18 09:39:01', 0, '', 1, 2072, 0, 1, 5760, NULL, 0, 0),
(2073, 0, '-TATU-BIKE-zadn-disk-36n-4-prom-podsh-zolotistaya-491g', '', '', 520.00, 0.00, 0, 0, 0, 0, '2013-01-14 14:21:55', 0, '2013-01-14 14:21:55', 0, '2013-01-14 14:21:55', '2013-01-18 09:39:52', 0, '', 1, 2073, 0, 1, 587, NULL, 0, 0),
(2074, 0, '-TATU-BIKE-zadn-disk-36n-4-prom-podsh-krasnaya-491g', '', '', 520.00, 0.00, 0, 0, 0, 0, '2013-01-14 14:26:16', 0, '2013-01-14 14:26:16', 0, '2013-01-14 14:26:16', '2013-01-18 09:40:13', 0, '', 1, 2074, 0, 1, 5759, NULL, 0, 0),
(2075, 0, '-TATU-BIKE-zadn-disk-36n-SINGLE-S', '', '', 265.00, 0.00, 0, 0, 0, 0, '2013-01-14 14:29:20', 0, '2013-01-14 14:29:20', 0, '2013-01-14 14:29:20', '2013-01-18 09:40:34', 0, '', 1, 2075, 0, 1, 588, NULL, 0, 0),
(2076, 0, 'TATU-BIKE-peredn-disk-32n-2-prom-podsh-zolotistaya-141g', '', '', 475.00, 0.00, 0, 0, 0, 0, '2013-01-14 14:46:06', 0, '2013-01-14 14:46:06', 0, '2013-01-14 14:46:06', '2013-01-18 09:41:04', 0, '', 1, 2076, 0, 1, 5753, NULL, 0, 0),
(2077, 0, 'TATU-BIKE-peredn-disk-32n-20mm-2-prom-podsh-belaya-215g', '', '', 360.00, 0.00, 0, 0, 0, 0, '2013-01-14 14:50:53', 0, '2013-01-14 14:50:53', 0, '2013-01-14 14:50:53', '2013-01-18 09:41:26', 0, '', 1, 2077, 0, 1, 5755, NULL, 0, 0),
(2143, 0, 'Barbieri-Coolmax-Nero-ABB-GA', '', '', 110.00, 0.00, 0, 0, 0, 0, '2013-01-15 17:32:21', 0, '2013-01-15 17:32:21', 0, '2013-01-15 17:32:21', '2013-01-17 14:20:24', 0, '', 1, 2143, 0, 1, 0, NULL, 0, 0),
(2079, 0, '-TATU-BIKE-peredn-disk-36n-2-prom-podsh-krasnaya-213g', '', '', 325.00, 0.00, 0, 0, 0, 0, '2013-01-14 15:00:17', 0, '2013-01-14 15:00:17', 0, '2013-01-14 15:00:17', '2013-01-18 09:42:33', 0, '', 1, 2079, 0, 1, 5752, NULL, 0, 0),
(2080, 0, '-TATU-BIKE-peredn-disk-36n-2-prom-podsh-chernaya-213g', '', '', 310.00, 0.00, 0, 0, 0, 0, '2013-01-14 15:07:24', 0, '2013-01-14 15:07:24', 0, '2013-01-14 15:07:24', '2013-01-18 09:43:09', 0, '', 1, 2080, 0, 1, 590, NULL, 0, 0),
(2081, 0, '-TATU-BIKE-peredn-disk-36n-20mm-2-prom-podsh-zolotistaya', '', '', 320.00, 0.00, 0, 0, 0, 0, '2013-01-14 15:09:49', 0, '2013-01-14 15:09:49', 0, '2013-01-14 15:09:49', '2013-01-18 09:43:33', 0, '', 1, 2081, 0, 1, 5758, NULL, 0, 0),
(2082, 0, '-TATU-BIKE-peredn-disk-36n-20mm-2-prom-podsh-krasnaya-21', '', '', 315.00, 0.00, 0, 0, 0, 0, '2013-01-14 15:16:46', 0, '2013-01-14 15:16:46', 0, '2013-01-14 15:16:46', '2013-01-18 09:44:03', 0, '', 1, 2082, 0, 1, 5757, NULL, 0, 0),
(2083, 0, '-TATU-BIKE-peredn-disk-36n-20mm-2-prom-podsh-chernaya-21', '', '', 310.00, 0.00, 0, 0, 0, 0, '2013-01-14 15:22:02', 0, '2013-01-14 15:22:02', 0, '2013-01-14 15:22:02', '2013-01-18 09:42:08', 0, '', 1, 2083, 0, 1, 5754, NULL, 0, 0),
(2084, 0, '-TATU-BIKE-peredn-disk-36n-belaya', '', '', 215.00, 0.00, 0, 0, 0, 0, '2013-01-14 15:26:49', 0, '2013-01-14 15:26:49', 0, '2013-01-14 15:26:49', '2013-01-18 09:45:11', 0, '', 1, 2084, 0, 1, 591, NULL, 0, 0),
(2085, 0, '-zadn-FH-M770-XT-32sp-serebr', '', '', 420.00, 0.00, 0, 0, 0, 0, '2013-01-14 15:34:36', 0, '2013-01-14 15:34:36', 0, '2013-01-14 15:34:36', '2013-01-18 09:46:28', 0, '', 1, 2085, 0, 1, 595, NULL, 0, 0),
(2086, 0, '-zadn-Shimano-FH-M600-Hone-32H', '', '', 335.00, 0.00, 0, 0, 0, 0, '2013-01-14 15:38:55', 0, '2013-01-14 15:38:55', 0, '2013-01-14 15:38:55', '2013-01-18 09:46:52', 0, '', 1, 2086, 0, 1, 599, NULL, 0, 0),
(2087, 0, 'TATU-BIKE-MTB-alyu-32h-chern-kasetn-8-9zv', '', '', 130.00, 0.00, 0, 0, 0, 0, '2013-01-14 15:46:05', 0, '2013-01-14 15:46:05', 0, '2013-01-14 15:46:05', '2013-01-18 09:47:18', 0, '', 1, 2087, 0, 1, 5762, NULL, 0, 0),
(2088, 0, '-TATU-BIKE-disk-alyu-32h-chern-ekstsentrik-453g-8-9zv', '', '', 180.00, 0.00, 0, 0, 0, 0, '2013-01-14 15:50:46', 0, '2013-01-14 15:50:46', 0, '2013-01-14 15:50:46', '2013-01-18 09:47:47', 0, '', 1, 2088, 0, 1, 5763, NULL, 0, 0),
(2089, 0, '-zadn-X17-BMX-Dual-alyum', '', '', 240.00, 0.00, 0, 0, 0, 0, '2013-01-14 16:11:42', 0, '2013-01-14 16:11:42', 0, '2013-01-14 16:11:42', '2013-01-18 09:48:16', 0, '', 1, 2089, 0, 1, 600, NULL, 0, 0),
(2090, 0, '-CHOSEN-vmh-48-spits-promyi', '', '', 410.00, 0.00, 0, 0, 0, 0, '2013-01-14 16:18:20', 0, '2013-01-14 16:18:20', 0, '2013-01-14 16:18:20', '2013-01-18 09:48:39', 0, '', 1, 2090, 0, 1, 607, NULL, 0, 0),
(2091, 0, '-Formula-DC22LW-32-spitsyi-chernaya-pod-disk-6-boltov', '', '', 220.00, 0.00, 0, 0, 0, 0, '2013-01-14 16:26:38', 0, '2013-01-14 16:26:38', 0, '2013-01-14 16:26:38', '2013-01-18 09:49:11', 0, '', 1, 2091, 0, 1, 5559, NULL, 0, 0),
(2092, 0, '-Formula-DC22LW-36-spits-chernaya-pod-disk-6-boltov', '', '', 220.00, 0.00, 0, 0, 0, 0, '2013-01-14 16:28:53', 0, '2013-01-14 16:28:53', 0, '2013-01-14 16:28:53', '2013-01-18 09:49:37', 0, '', 1, 2092, 0, 1, 5560, NULL, 0, 0),
(2093, 0, '-Formula-OV32', '', '', 90.00, 0.00, 0, 0, 0, 0, '2013-01-14 16:31:38', 0, '2013-01-14 16:31:38', 0, '2013-01-14 16:31:38', '2013-01-18 09:50:00', 0, '', 1, 2093, 0, 1, 609, NULL, 0, 0),
(2094, 0, '-BMX-alyu-48h-14mm-425g', '', '', 65.00, 0.00, 0, 0, 0, 0, '2013-01-14 16:36:57', 0, '2013-01-14 16:36:57', 0, '2013-01-14 16:36:57', '2013-01-18 09:50:30', 0, '', 1, 2094, 0, 1, 612, NULL, 0, 0),
(2095, 0, '-TATU-BIKE-disk-alyu-32h-chern-ekstsentrik-251g', '', '', 100.00, 0.00, 0, 0, 0, 0, '2013-01-14 16:41:18', 0, '2013-01-14 16:41:18', 0, '2013-01-14 16:41:18', '2013-01-19 12:05:04', 0, '', 1, 2095, 0, 1, 0, NULL, 0, 0),
(2096, 0, '-TATU-BIKE-disk-alyu-36h-chern-22151136', '', '', 88.00, 0.00, 0, 0, 0, 0, '2013-01-14 16:47:14', 0, '2013-01-14 16:47:14', 0, '2013-01-14 16:47:14', '2013-01-18 09:51:45', 0, '', 1, 2096, 0, 1, 5766, NULL, 0, 0),
(2097, 0, '-HB-M495-36sp-disk', '', '', 100.00, 0.00, 0, 0, 0, 0, '2013-01-14 16:55:34', 0, '2013-01-14 16:55:34', 0, '2013-01-14 16:55:34', '2013-01-18 09:53:13', 0, '', 1, 2097, 0, 1, 614, NULL, 0, 0),
(2098, 0, '-HB-M525-Deore-disk', '', '', 230.00, 0.00, 0, 0, 0, 0, '2013-01-14 16:59:13', 0, '2013-01-14 16:59:13', 0, '2013-01-14 16:59:13', '2013-01-18 09:53:41', 0, '', 1, 2098, 0, 1, 615, NULL, 0, 0),
(2099, 0, '-HB-M801-Saint-36sp', '', '', 525.00, 0.00, 0, 0, 0, 0, '2013-01-14 17:01:55', 0, '2013-01-14 17:01:55', 0, '2013-01-14 17:01:55', '2013-01-18 09:54:08', 0, '', 1, 2099, 0, 1, 616, NULL, 0, 0),
(2100, 0, '-HB-RM65-36sp-disk', '', '', 102.00, 0.00, 0, 0, 0, 0, '2013-01-14 17:05:09', 0, '2013-01-14 17:05:09', 0, '2013-01-14 17:05:09', '2013-01-18 09:54:36', 0, '', 1, 2100, 0, 1, 617, NULL, 0, 0),
(2101, 0, '-nv-M770-XT-32sp-serebr', '', '', 350.00, 0.00, 0, 0, 0, 0, '2013-01-14 17:09:27', 0, '2013-01-14 17:09:27', 0, '2013-01-14 17:09:27', '2013-01-18 09:55:00', 0, '', 1, 2101, 0, 1, 618, NULL, 0, 0),
(2102, 0, '-nv-RM40-36sp-chern', '', '', 92.00, 0.00, 0, 0, 0, 0, '2013-01-14 17:12:11', 0, '2013-01-14 17:12:11', 0, '2013-01-14 17:12:11', '2013-01-18 09:55:24', 0, '', 1, 2102, 0, 1, 619, NULL, 0, 0),
(2103, 0, '-Shimano-HB-M600-Hone-36ot', '', '', 220.00, 0.00, 0, 0, 0, 0, '2013-01-14 17:14:20', 0, '2013-01-14 17:14:20', 0, '2013-01-14 17:14:20', '2013-01-18 09:56:54', 0, '', 1, 2103, 0, 1, 623, NULL, 0, 0),
(2104, 0, 'X17-BMX-alyum-na-prom', '', '', 180.00, 0.00, 0, 0, 0, 0, '2013-01-14 17:19:31', 0, '2013-01-14 17:19:31', 0, '2013-01-14 17:19:31', '2013-01-18 09:57:20', 0, '', 1, 2104, 0, 1, 624, NULL, 0, 0),
(2105, 0, '-X17-DH-alyum-pod-Disk-9m', '', '', 290.00, 0.00, 0, 0, 0, 0, '2013-01-14 17:22:22', 0, '2013-01-14 17:22:22', 0, '2013-01-14 17:22:22', '2013-01-18 09:57:40', 0, '', 1, 2105, 0, 1, 625, NULL, 0, 0),
(2106, 0, '-CHOSEN-A2023BN-dlya-vmh', '', '', 175.00, 0.00, 0, 0, 0, 0, '2013-01-14 17:30:06', 0, '2013-01-14 17:30:06', 0, '2013-01-14 17:30:06', '2013-01-18 09:58:06', 0, '', 1, 2106, 0, 1, 630, NULL, 0, 0),
(2107, 0, '-Formula-Centerlock-XDH51', '', '', 385.00, 0.00, 0, 0, 0, 0, '2013-01-14 17:33:19', 0, '2013-01-14 17:33:19', 0, '2013-01-14 17:33:19', '2013-01-18 09:58:31', 0, '', 1, 2107, 0, 1, 631, NULL, 0, 0),
(2108, 0, 'Formula-CL21-32-spitsyi', '', '', 115.00, 0.00, 0, 0, 0, 0, '2013-01-14 17:36:08', 0, '2013-01-14 17:36:08', 0, '2013-01-14 17:36:08', '2013-01-18 09:58:52', 0, '', 1, 2108, 0, 1, 632, NULL, 0, 0),
(2109, 0, '-Formula-DC20-LW-32-36-spitsyi-chernaya-pod-disk-6-bolto', '', '', 120.00, 0.00, 0, 0, 0, 0, '2013-01-14 17:40:06', 0, '2013-01-14 17:40:06', 0, '2013-01-14 17:40:06', '2013-01-18 09:59:25', 0, '', 1, 2109, 0, 1, 5561, NULL, 0, 0),
(2110, 6, 'Merida-Juliet-20-V-2012', '', '', 4020.00, 3562.00, 0, 0, 0, 0, '2013-01-15 02:57:58', 0, '2013-01-15 02:57:58', 0, '2013-01-15 02:57:58', '2013-01-15 04:22:04', 0, '', 1, 2110, 0, 1, NULL, NULL, 0, 0),
(2111, 6, 'Merida-Matts-15-V-2012', '', '', 3815.00, 3467.00, 0, 0, 0, 0, '2013-01-15 03:04:08', 0, '2013-01-15 03:04:08', 0, '2013-01-15 03:04:08', '2013-01-15 04:22:26', 0, '', 1, 2111, 0, 1, NULL, NULL, 0, 0),
(2112, 6, 'Merida-Matts-20-V-2012', '', '', 3960.00, 3610.00, 0, 0, 0, 0, '2013-01-15 03:14:13', 0, '2013-01-15 03:14:13', 0, '2013-01-15 03:14:13', '2013-01-15 04:22:51', 0, '', 1, 2112, 0, 1, NULL, NULL, 0, 0),
(2113, 6, 'Merida-Matts-TFS-100-D-2012', '', '', 5690.00, 5210.00, 0, 0, 0, 0, '2013-01-15 03:22:18', 1, '2013-01-15 03:22:18', 0, '2013-01-15 03:22:18', '2013-01-15 04:23:09', 0, '', 1, 2113, 0, 1, NULL, NULL, 0, 0),
(2114, 6, 'Merida-Matts-TFS-100-V-2012', '', '', 4780.00, 4420.00, 0, 0, 0, 0, '2013-01-15 03:31:26', 1, '2013-01-15 03:31:26', 0, '2013-01-15 03:31:26', '2013-01-15 04:23:32', 0, '', 1, 2114, 0, 1, NULL, NULL, 0, 0),
(2115, 6, 'Merida-Matts-TFS-300-D-2012', '', '', 6835.00, 6280.00, 0, 0, 0, 0, '2013-01-15 03:46:25', 0, '2013-01-15 03:46:25', 0, '2013-01-15 03:46:25', '2013-01-15 04:23:55', 0, '', 1, 2115, 0, 1, NULL, NULL, 0, 0),
(2116, 6, 'Merida-Matts-TFS-900-D-2012', '', '', 11585.00, 10780.00, 0, 0, 0, 0, '2013-01-15 03:58:25', 0, '2013-01-15 03:58:25', 0, '2013-01-15 03:58:25', '2013-01-15 04:24:14', 0, '', 1, 2116, 0, 1, NULL, NULL, 0, 0),
(2117, 6, 'Merida-Crossway-20-V-2012', '', '', 4070.00, 4050.00, 0, 0, 0, 0, '2013-01-15 04:25:02', 0, '2013-01-15 04:25:02', 0, '2013-01-15 04:25:02', '2013-01-15 04:28:25', 0, '', 1, 2117, 0, 1, NULL, NULL, 0, 0),
(2118, 6, 'Merida-MATTS-10-2013', '', '', 3785.00, 0.00, 0, 0, 0, 1, '2013-01-15 05:26:48', 0, '2013-01-15 05:26:48', 0, '2013-01-15 05:26:48', '2013-01-15 05:30:42', 0, '', 1, 2118, 0, 1, NULL, NULL, 0, 0),
(2119, 6, 'Merida-MATTS-20-V-2013', '', '', 4265.00, 0.00, 0, 0, 0, 1, '2013-01-15 05:38:23', 0, '2013-01-15 05:38:23', 0, '2013-01-15 05:38:23', '2013-01-15 05:40:53', 0, '', 1, 2119, 0, 1, NULL, NULL, 0, 0),
(2120, 6, 'Merida-MATTS-20-MD-2013', '', '', 4515.00, 0.00, 0, 0, 0, 1, '2013-01-15 05:45:38', 0, '2013-01-15 05:45:38', 0, '2013-01-15 05:45:38', '2013-01-15 05:48:25', 0, '', 1, 2120, 0, 1, NULL, NULL, 0, 0),
(2121, 6, 'Merida-Matts-40-D-2013', '', '', 5420.00, 0.00, 0, 0, 0, 1, '2013-01-15 05:53:19', 0, '2013-01-15 05:53:19', 0, '2013-01-15 05:53:19', '2013-01-15 05:56:18', 0, '', 1, 2121, 0, 1, NULL, NULL, 0, 0),
(2122, 6, 'Merida-MATTS-70-2013', '', '', 6145.00, 0.00, 0, 0, 0, 1, '2013-01-15 06:08:57', 0, '2013-01-15 06:08:57', 0, '2013-01-15 06:08:57', '2013-01-15 06:10:50', 0, '', 1, 2122, 0, 1, NULL, NULL, 0, 0),
(2123, 6, 'Merida-MATTS-TFS-100-2013', '', '', 5955.00, 0.00, 0, 0, 0, 1, '2013-01-15 06:21:22', 0, '2013-01-15 06:21:22', 0, '2013-01-15 06:21:22', '2013-01-15 06:24:28', 0, '', 1, 2123, 0, 1, NULL, NULL, 0, 0),
(2124, 6, 'Merida-JULIET-10-2013', '', '', 3785.00, 0.00, 0, 0, 0, 0, '2013-01-15 06:31:44', 0, '2013-01-15 06:31:44', 0, '2013-01-15 06:31:44', '2013-01-15 06:33:11', 0, '', 1, 2124, 0, 1, NULL, NULL, 0, 0),
(2125, 6, 'Merida-Crossway-20-V-2013', '', '', 4425.00, 0.00, 0, 0, 0, 0, '2013-01-15 06:46:51', 0, '2013-01-15 06:46:51', 0, '2013-01-15 06:46:51', '2013-01-15 06:48:24', 0, '', 1, 2125, 0, 1, NULL, NULL, 0, 0),
(2126, 6, 'Merida-CROSSWAY-100-2013', '', '', 6375.00, 0.00, 0, 0, 0, 0, '2013-01-15 06:54:42', 0, '2013-01-15 06:54:42', 0, '2013-01-15 06:54:42', '2013-01-15 06:57:19', 0, '', 1, 2126, 0, 1, NULL, NULL, 0, 0),
(2127, 6, 'Merida-Dakar-624-2013', '', '', 3115.00, 0.00, 0, 0, 0, 0, '2013-01-15 07:02:05', 0, '2013-01-15 07:02:05', 0, '2013-01-15 07:02:05', '2013-01-18 06:19:55', 0, '', 1, 2127, 0, 1, 0, NULL, 0, 0),
(2128, 6, 'Merida-DAKAR-620-GIRL-2013', '', '', 2840.00, 0.00, 0, 0, 0, 0, '2013-01-15 07:06:43', 0, '2013-01-15 07:06:43', 0, '2013-01-15 07:06:43', '2013-01-18 06:20:33', 0, '', 1, 2128, 0, 1, 0, NULL, 0, 0),
(2129, 6, 'Merida-DAKAR-620-BOY-2013', '', '', 2840.00, 0.00, 0, 0, 0, 0, '2013-01-15 07:18:59', 0, '2013-01-15 07:18:59', 0, '2013-01-15 07:18:59', '2013-01-18 06:21:32', 0, '', 1, 2129, 0, 1, 0, NULL, 0, 0),
(2130, 6, 'Merida-Race-Lite-900-2013', '', '', 7425.00, 0.00, 0, 0, 0, 0, '2013-01-15 07:29:42', 0, '2013-01-15 07:29:42', 0, '2013-01-15 07:29:42', '2013-01-15 07:32:21', 0, '', 1, 2130, 0, 1, NULL, NULL, 0, 0),
(2131, 3, 'CUBE-AIM-26-2013', '', '', 5988.00, 0.00, 0, 0, 0, 1, '2013-01-15 08:11:13', 1, '2013-01-15 08:11:13', 0, '2013-01-15 08:11:13', '2013-01-15 08:20:36', 0, '', 1, 2131, 0, 1, NULL, NULL, 0, 0),
(2132, 3, 'Cube-Aim-29-2013', '', '', 6588.00, 0.00, 0, 0, 0, 1, '2013-01-15 08:23:03', 1, '2013-01-15 08:23:03', 0, '2013-01-15 08:23:03', '2013-01-15 08:25:58', 0, '', 1, 2132, 0, 1, NULL, NULL, 0, 0),
(2133, 3, 'Cube-Aim-Disc-26-2013', '', '', 7188.00, 0.00, 0, 0, 0, 1, '2013-01-15 08:53:39', 1, '2013-01-15 08:53:39', 0, '2013-01-15 08:53:39', '2013-01-15 08:59:59', 0, '', 1, 2133, 0, 1, NULL, NULL, 0, 0),
(2134, 0, '-FOX-Revert-Knee-Guards-Black-L-XL', '', '', 215.00, 0.00, 0, 0, 0, 0, '2013-01-15 13:42:50', 0, '2013-01-15 13:42:50', 0, '2013-01-15 13:42:50', '2013-01-18 09:20:36', 0, '', 1, 2134, 0, 1, 1619, NULL, 0, 0),
(2135, 0, '-VIGGGIE-SHIN-GUARD-M', '', '', 430.00, 0.00, 0, 0, 0, 0, '2013-01-15 14:17:34', 0, '2013-01-15 14:17:34', 0, '2013-01-15 14:17:34', '2013-01-18 09:21:28', 0, '', 1, 2135, 0, 1, 1622, NULL, 0, 0),
(2136, 0, '-COMP-KNEE-WHITE-L', '', '', 350.00, 0.00, 0, 0, 0, 0, '2013-01-15 14:25:39', 0, '2013-01-15 14:25:39', 0, '2013-01-15 14:25:39', '2013-01-18 09:21:57', 0, '', 1, 2136, 0, 1, 4635, NULL, 0, 0),
(2137, 0, '-PRO-KNEE-SHIN-GUARD-LG-SM', '', '', 530.00, 0.00, 0, 0, 0, 0, '2013-01-15 14:42:01', 0, '2013-01-15 14:42:01', 0, '2013-01-15 14:42:01', '2013-01-15 14:48:43', 0, '', 1, 2137, 0, 1, NULL, NULL, 0, 0),
(2138, 0, 'zaschita-golen-koleno-RACE-KNEE-SHIN-LIME-GRAY-L-M', '', '', 490.00, 0.00, 0, 0, 0, 0, '2013-01-15 14:55:24', 0, '2013-01-15 14:55:24', 0, '2013-01-15 14:55:24', '2013-01-18 09:22:47', 0, '', 1, 2138, 0, 1, 3521, NULL, 0, 0),
(2139, 0, '-RACELITE-LG', '', '', 360.00, 0.00, 0, 0, 0, 0, '2013-01-15 14:59:19', 0, '2013-01-15 14:59:19', 0, '2013-01-15 14:59:19', '2013-01-18 09:23:28', 0, '', 1, 2139, 0, 1, 1625, NULL, 0, 0),
(2140, 0, '-kolena-golen-cherepaha-2', '', '', 330.00, 0.00, 0, 0, 0, 0, '2013-01-15 15:07:52', 0, '2013-01-15 15:07:52', 0, '2013-01-15 15:07:52', '2013-01-18 09:24:18', 0, '', 1, 2140, 0, 1, 1628, NULL, 0, 0),
(2141, 0, 'koleno-golen-Lizard-Skins-L-XL', '', '', 540.00, 0.00, 0, 0, 0, 0, '2013-01-15 15:14:56', 0, '2013-01-15 15:14:56', 0, '2013-01-15 15:14:56', '2013-01-18 09:24:50', 0, '', 1, 2141, 0, 1, 1632, NULL, 0, 0),
(2144, 3, 'CUBE-AIM-Disc-29-2013', '', '', 7788.00, 0.00, 0, 0, 0, 1, '2013-01-16 03:21:15', 0, '2013-01-16 03:21:15', 0, '2013-01-16 03:21:15', '2013-01-16 03:28:57', 0, '', 1, 2144, 0, 1, NULL, NULL, 0, 0),
(2145, 3, 'Cube-Analog-26-2013', '', '', 8568.00, 0.00, 0, 0, 0, 1, '2013-01-16 03:41:23', 1, '2013-01-16 03:41:23', 0, '2013-01-16 03:41:23', '2013-01-16 03:47:24', 0, '', 1, 2145, 0, 1, NULL, NULL, 0, 0),
(2146, 3, 'Cube-Analog-29-2013', '', '', 9168.00, 0.00, 0, 0, 0, 1, '2013-01-16 03:58:59', 1, '2013-01-16 03:58:59', 0, '2013-01-16 03:58:59', '2013-01-16 04:15:14', 0, '', 1, 2146, 0, 1, NULL, NULL, 0, 0),
(2147, 3, 'Cube-Attention-26-2013', '', '', 9710.00, 0.00, 0, 0, 0, 1, '2013-01-16 04:28:55', 0, '2013-01-16 04:28:55', 0, '2013-01-16 04:28:55', '2013-01-16 04:32:58', 0, '', 1, 2147, 0, 1, NULL, NULL, 0, 0),
(2148, 3, 'Cube-Attention-29-2013', '', '', 10320.00, 0.00, 0, 0, 0, 1, '2013-01-16 04:40:50', 0, '2013-01-16 04:40:50', 0, '2013-01-16 04:40:50', '2013-01-16 04:49:15', 0, '', 1, 2148, 0, 1, NULL, NULL, 0, 0),
(2149, 3, 'Cube-Acid-26-2013', '', '', 10788.00, 0.00, 0, 0, 0, 1, '2013-01-16 04:55:03', 0, '2013-01-16 04:55:03', 0, '2013-01-16 04:55:03', '2013-01-16 05:01:49', 0, '', 1, 2149, 0, 1, NULL, NULL, 0, 0),
(2151, 3, 'Cube-Acid-29-2013', '', '', 11388.00, 0.00, 0, 0, 0, 0, '2013-01-16 05:21:22', 0, '2013-01-16 05:21:22', 0, '2013-01-16 05:21:22', '2013-01-16 05:23:03', 0, '', 1, 2150, 0, 1, NULL, NULL, 0, 0),
(2152, 3, 'Cube-LTD-26-2013', '', '', 12324.00, 0.00, 0, 0, 0, 0, '2013-01-16 05:30:54', 0, '2013-01-16 05:30:54', 0, '2013-01-16 05:30:54', '2013-01-16 05:38:17', 0, '', 1, 2152, 0, 1, NULL, NULL, 0, 0),
(2153, 3, 'Cube-LTD-29-2013', '', '', 12948.00, 0.00, 0, 0, 0, 1, '2013-01-16 05:44:14', 0, '2013-01-16 05:44:14', 0, '2013-01-16 05:44:14', '2013-01-16 05:47:28', 0, '', 1, 2153, 0, 1, NULL, NULL, 0, 0),
(2154, 0, '-BMX-alyum-KT-M18F-per-36H', '', '', 75.00, 0.00, 0, 0, 0, 0, '2013-01-16 05:54:00', 0, '2013-01-16 05:54:00', 0, '2013-01-16 05:54:00', '2013-01-18 09:27:38', 0, '', 1, 2154, 0, 1, 573, NULL, 0, 0),
(2155, 3, 'Cube-LTD-Pro-26-2013', '', '', 13320.00, 0.00, 0, 0, 0, 0, '2013-01-16 05:54:17', 0, '2013-01-16 05:54:17', 0, '2013-01-16 05:54:17', '2013-01-16 05:58:36', 0, '', 1, 2155, 0, 1, NULL, NULL, 0, 0),
(2156, 0, '-BMX-drayver-4SB-KT-M9R-36H-9t-14mm', '', '', 425.00, 0.00, 0, 0, 0, 0, '2013-01-16 06:03:48', 0, '2013-01-16 06:03:48', 0, '2013-01-16 06:03:48', '2013-01-18 09:28:06', 0, '', 1, 2156, 0, 1, 574, NULL, 0, 0),
(2157, 3, 'Cube-LTD-Pro-29-2013', '', '', 13920.00, 0.00, 0, 0, 0, 0, '2013-01-16 06:08:59', 0, '2013-01-16 06:08:59', 0, '2013-01-16 06:08:59', '2013-01-16 06:11:25', 0, '', 1, 2157, 0, 1, NULL, NULL, 0, 0),
(2159, 3, 'Cube-LTD-Race-26-2013', '', '', 14508.00, 0.00, 0, 0, 0, 0, '2013-01-16 06:20:05', 0, '2013-01-16 06:20:05', 0, '2013-01-16 06:20:05', '2013-01-16 06:21:18', 0, '', 1, 2158, 0, 1, NULL, NULL, 0, 0),
(2160, 0, '-TATU-BIKE-peredn-disk-36n-belaya-250g', '', '', 300.00, 0.00, 0, 0, 0, 0, '2013-01-16 06:20:29', 0, '2013-01-16 06:20:29', 0, '2013-01-16 06:20:29', '2013-01-16 06:21:39', 0, '', 1, 2160, 0, 1, NULL, NULL, 0, 0),
(2161, 0, '-Ventura-tormoznaya-20-otv', '', '', 95.00, 0.00, 0, 0, 0, 0, '2013-01-16 06:22:54', 0, '2013-01-16 06:22:54', 0, '2013-01-16 06:22:54', '2013-01-18 09:46:04', 0, '', 1, 2161, 0, 1, 592, NULL, 0, 0),
(2162, 0, '-TATU-BIKE-disk-alyu-36h-chern-eksts-frezer', '', '', 100.00, 0.00, 0, 0, 0, 0, '2013-01-16 06:27:54', 0, '2013-01-16 06:27:54', 0, '2013-01-16 06:27:54', '2013-01-18 09:52:23', 0, '', 1, 2162, 0, 1, 5765, NULL, 0, 0),
(2163, 0, '-Onza-Trial-alyum-na-gayka', '', '', 65.00, 0.00, 0, 0, 0, 0, '2013-01-16 06:32:41', 0, '2013-01-16 06:32:41', 0, '2013-01-16 06:32:41', '2013-01-18 09:55:50', 0, '', 1, 2163, 0, 1, 621, NULL, 0, 0),
(2164, 3, 'Cube-LTD-Race-29-2013', '', '', 15108.00, 0.00, 0, 0, 0, 0, '2013-01-16 06:35:12', 0, '2013-01-16 06:35:12', 0, '2013-01-16 06:35:12', '2013-01-16 06:36:36', 0, '', 1, 2164, 0, 1, NULL, NULL, 0, 0),
(2165, 0, '-Quando-BMX-alyum-na-prom', '', '', 180.00, 0.00, 0, 0, 0, 0, '2013-01-16 06:37:12', 0, '2013-01-16 06:37:12', 0, '2013-01-16 06:37:12', '2013-01-18 09:56:27', 0, '', 1, 2165, 0, 1, 622, NULL, 0, 0),
(2166, 3, 'Cube-LTD-SL-29-2013', '', '', 16188.00, 0.00, 0, 0, 0, 0, '2013-01-16 06:41:19', 0, '2013-01-16 06:41:19', 0, '2013-01-16 06:41:19', '2013-01-16 06:43:56', 0, '', 1, 2166, 0, 1, NULL, NULL, 0, 0),
(2167, 0, '-DK-macho-pered-vmh-alyu-48n', '', '', 75.00, 0.00, 0, 0, 0, 0, '2013-01-16 06:50:20', 0, '2013-01-16 06:50:20', 0, '2013-01-16 06:50:20', '2013-01-18 09:31:56', 0, '', 1, 2167, 0, 1, 577, NULL, 0, 0),
(2168, 0, '-TATU-BIKE-pered-disk-alyu-32h-chern-ekstsent', '', '', 110.00, 0.00, 0, 0, 0, 0, '2013-01-16 07:02:02', 0, '2013-01-16 07:02:02', 0, '2013-01-16 07:02:02', '2013-01-18 09:52:46', 0, '', 1, 2168, 0, 1, 613, NULL, 0, 0),
(2169, 3, 'Cube-Reaction-GTC-pro-29-2013', '', '', 19188.00, 0.00, 0, 0, 0, 1, '2013-01-16 08:14:12', 1, '2013-01-16 08:14:12', 0, '2013-01-16 08:14:12', '2013-01-16 08:25:19', 0, '', 1, 2169, 0, 1, NULL, NULL, 0, 0),
(2171, 3, 'Cube-Reaction-GTC-Race-29-2013', '', '', 21588.00, 0.00, 0, 0, 0, 1, '2013-01-16 08:27:43', 1, '2013-01-16 08:27:43', 0, '2013-01-16 08:27:43', '2013-01-16 08:30:10', 0, '', 1, 2170, 0, 1, NULL, NULL, 0, 0),
(2172, 3, 'Cube-Reaction-GTC-SL-26-2013', '', '', 23988.00, 0.00, 0, 0, 0, 1, '2013-01-16 08:34:57', 1, '2013-01-16 08:34:57', 0, '2013-01-16 08:34:57', '2013-01-16 08:41:43', 0, '', 1, 2172, 0, 1, NULL, NULL, 0, 0),
(2173, 3, 'Cube-Reaction-GTC-SL-29-2013', '', '', 25188.00, 0.00, 0, 0, 0, 1, '2013-01-16 08:47:10', 1, '2013-01-16 08:47:10', 0, '2013-01-16 08:47:10', '2013-01-16 08:53:24', 0, '', 1, 2173, 0, 1, NULL, NULL, 0, 0),
(2178, 3, 'Cube-Access-WLS-2013', '', '', 7188.00, 0.00, 0, 0, 0, 1, '2013-01-16 09:37:08', 0, '2013-01-16 09:37:08', 0, '2013-01-16 09:37:08', '2013-01-16 09:42:09', 0, '', 1, 2178, 0, 1, NULL, NULL, 0, 0),
(2179, 3, 'Cube-Access-WLS-SL-2013', '', '', 14388.00, 0.00, 0, 0, 0, 0, '2013-01-16 09:49:06', 0, '2013-01-16 09:49:06', 0, '2013-01-16 09:49:06', '2013-01-16 09:52:14', 0, '', 1, 2179, 0, 1, NULL, NULL, 0, 0),
(2182, 3, 'Cube-Elite-Super-HPC-26-2013', '', '', 35988.00, 0.00, 0, 0, 0, 1, '2013-01-17 07:29:39', 0, '2013-01-17 07:29:39', 0, '2013-01-17 07:29:39', '2013-01-17 07:32:03', 0, '', 1, 2180, 0, 1, 0, NULL, 0, 0),
(2183, 3, 'Cube-Delhi-2013', '', '', 12588.00, 0.00, 0, 0, 0, 1, '2013-01-17 07:40:35', 0, '2013-01-17 07:40:35', 0, '2013-01-17 07:40:35', '2013-01-17 07:43:44', 0, '', 1, 2183, 0, 1, 0, NULL, 0, 0),
(2184, 3, 'Cube-Nature-Pro-2013', '', '', 10788.00, 0.00, 0, 0, 0, 0, '2013-01-17 07:55:33', 0, '2013-01-17 07:55:33', 0, '2013-01-17 07:55:33', '2013-01-17 07:58:02', 0, '', 1, 2184, 0, 1, 0, NULL, 0, 0),
(2185, 3, 'Cube-Nature-2013', '', '', 9768.00, 0.00, 0, 0, 0, 0, '2013-01-17 08:04:04', 0, '2013-01-17 08:04:04', 0, '2013-01-17 08:04:04', '2013-01-17 08:06:41', 0, '', 1, 2185, 0, 1, 0, NULL, 0, 0),
(2186, 3, 'Cube-Town-2013', '', '', 7788.00, 0.00, 0, 0, 0, 0, '2013-01-17 08:11:59', 0, '2013-01-17 08:11:59', 0, '2013-01-17 08:11:59', '2013-01-17 08:14:27', 0, '', 1, 2186, 0, 1, 0, NULL, 0, 0),
(2187, 3, 'Cube-Travel-2013', '', '', 8868.00, 0.00, 0, 0, 0, 1, '2013-01-17 09:29:45', 0, '2013-01-17 09:29:45', 0, '2013-01-17 09:29:45', '2013-01-17 09:33:03', 0, '', 1, 2187, 0, 1, 0, NULL, 0, 0),
(2188, 3, 'Cube-Travel-Pro-2013', '', '', 9780.00, 0.00, 0, 0, 0, 1, '2013-01-17 09:40:12', 0, '2013-01-17 09:40:12', 0, '2013-01-17 09:40:12', '2013-01-17 09:42:29', 0, '', 1, 2188, 0, 1, 0, NULL, 0, 0),
(2189, 3, 'Cube-Touring-2013', '', '', 10920.00, 0.00, 0, 0, 0, 1, '2013-01-17 09:47:40', 0, '2013-01-17 09:47:40', 0, '2013-01-17 09:47:40', '2013-01-17 09:52:43', 0, '', 1, 2189, 0, 1, 0, NULL, 0, 0),
(2190, 3, 'Cube-Touring-Pro-2013', '', '', 11988.00, 0.00, 0, 0, 0, 1, '2013-01-17 09:58:07', 0, '2013-01-17 09:58:07', 0, '2013-01-17 09:58:07', '2013-01-17 10:01:48', 0, '', 1, 2190, 0, 1, 0, NULL, 0, 0),
(2191, 3, 'Cube-LTD-CLS-Pro-2013', '', '', 7668.00, 0.00, 0, 0, 0, 0, '2013-01-17 10:07:10', 0, '2013-01-17 10:07:10', 0, '2013-01-17 10:07:10', '2013-01-17 10:09:28', 0, '', 1, 2191, 0, 1, 0, NULL, 0, 0),
(2192, 3, 'Cube-Agree-GTC-2013', '', '', 16788.00, 0.00, 0, 0, 0, 1, '2013-01-17 10:15:00', 1, '2013-01-17 10:15:00', 0, '2013-01-17 10:15:00', '2013-01-17 10:19:09', 0, '', 1, 2192, 0, 1, 0, NULL, 0, 0),
(2193, 3, 'Cube-XMS-120-2013', '', '', 17148.00, 0.00, 0, 0, 0, 1, '2013-01-17 11:34:43', 1, '2013-01-17 11:34:43', 1, '2013-01-17 11:34:43', '2013-01-17 11:48:28', 0, '', 1, 2193, 0, 1, 0, NULL, 0, 0),
(2194, 3, 'Cube-TWO-15-SL-2013', '', '', 59988.00, 0.00, 0, 0, 0, 1, '2013-01-17 11:59:57', 1, '2013-01-17 11:59:57', 1, '2013-01-17 11:59:57', '2013-01-17 12:09:13', 0, '', 1, 2194, 0, 1, 0, NULL, 0, 0),
(2195, 3, 'Cube-260-WLS-2013', '', '', 5268.00, 0.00, 0, 0, 0, 1, '2013-01-17 12:21:31', 0, '2013-01-17 12:21:31', 0, '2013-01-17 12:21:31', '2013-01-17 12:24:07', 0, '', 1, 2195, 0, 1, 0, NULL, 0, 0),
(2196, 3, 'Cube-260-Race-2013', '', '', 5268.00, 0.00, 0, 0, 0, 0, '2013-01-18 01:38:39', 1, '2013-01-18 01:38:39', 0, '2013-01-18 01:38:39', '2013-01-18 02:00:10', 0, '', 1, 2196, 0, 1, 0, NULL, 0, 0),
(2197, 3, 'Cube-Kid-240-2013', '', '', 4740.00, 0.00, 0, 0, 0, 1, '2013-01-18 02:06:20', 0, '2013-01-18 02:06:20', 0, '2013-01-18 02:06:20', '2013-01-18 02:11:22', 0, '', 1, 2197, 0, 1, 0, NULL, 0, 0),
(2198, 3, 'Cube-Kid-200-2013', '', '', 3684.00, 0.00, 0, 0, 0, 0, '2013-01-18 03:07:39', 1, '2013-01-18 03:07:39', 0, '2013-01-18 03:07:39', '2013-01-18 03:13:07', 0, '', 1, 2198, 0, 1, 0, NULL, 0, 0),
(2199, 3, 'Cube-Kid-160-2013', '', '', 3024.00, 0.00, 0, 0, 0, 0, '2013-01-18 03:23:42', 0, '2013-01-18 03:23:42', 0, '2013-01-18 03:23:42', '2013-01-18 03:37:04', 0, '', 1, 2199, 0, 1, 0, NULL, 0, 0),
(2200, 3, 'Cube-Access-WLS-Pro-2012', '', '', 9228.00, 0.00, 0, 0, 0, 0, '2013-01-18 03:45:34', 0, '2013-01-18 03:45:34', 0, '2013-01-18 03:45:34', '2013-01-18 03:47:43', 0, '', 1, 2200, 0, 1, 0, NULL, 0, 0),
(2201, 3, 'Cube-Acid-2012', '', '', 10548.00, 0.00, 0, 0, 0, 0, '2013-01-18 03:53:18', 0, '2013-01-18 03:53:18', 0, '2013-01-18 03:53:18', '2013-01-18 03:55:42', 0, '', 1, 2201, 0, 1, 0, NULL, 0, 0),
(2202, 3, 'Cube-Acid-2011', '', '', 8799.00, 0.00, 0, 0, 0, 1, '2013-01-18 04:00:27', 0, '2013-01-18 04:00:27', 0, '2013-01-18 04:00:27', '2013-01-18 04:02:14', 0, '', 1, 2202, 0, 1, 0, NULL, 0, 0),
(2203, 3, 'Cube-AIM-2012', '', '', 5664.00, 0.00, 0, 0, 0, 0, '2013-01-18 04:10:06', 0, '2013-01-18 04:10:06', 0, '2013-01-18 04:10:06', '2013-01-18 04:12:21', 0, '', 1, 2203, 0, 1, 0, NULL, 0, 0),
(2204, 3, 'Cube-Attention-2012', '', '', 9228.00, 0.00, 0, 0, 0, 0, '2013-01-18 04:16:38', 0, '2013-01-18 04:16:38', 0, '2013-01-18 04:16:38', '2013-01-18 04:25:27', 0, '', 1, 2204, 0, 1, 0, NULL, 0, 0),
(2205, 3, 'Cube-Cubie-120-Girl-2012', '', '', 1836.00, 0.00, 0, 0, 0, 0, '2013-01-18 04:54:56', 0, '2013-01-18 04:54:56', 0, '2013-01-18 04:54:56', '2013-01-18 08:52:15', 0, '', 1, 2205, 0, 1, 0, NULL, 0, 0),
(2206, 3, 'Cube-Cubie-120-Boy-2013', '', '', 2100.00, 0.00, 0, 0, 0, 1, '2013-01-18 05:03:48', 1, '2013-01-18 05:03:48', 0, '2013-01-18 05:03:48', '2013-01-18 05:05:40', 0, '', 1, 2206, 0, 1, 0, NULL, 0, 0),
(2207, 3, 'Cube-LTD-2012', '', '', 11868.00, 0.00, 0, 0, 0, 0, '2013-01-18 05:12:40', 0, '2013-01-18 05:12:40', 0, '2013-01-18 05:12:40', '2013-01-18 05:24:22', 0, '', 1, 2207, 0, 1, 0, NULL, 0, 0),
(2208, 3, 'Cube-Team-Kid-160-2012', '', '', 2299.00, 0.00, 0, 0, 0, 0, '2013-01-18 05:32:39', 0, '2013-01-18 05:32:39', 0, '2013-01-18 05:32:39', '2013-01-18 05:37:27', 0, '', 1, 2208, 0, 1, 0, NULL, 0, 0),
(2209, 3, 'Cube-Team-kid-240-2011', '', '', 3975.00, 0.00, 0, 0, 0, 0, '2013-01-18 05:48:35', 0, '2013-01-18 05:48:35', 0, '2013-01-18 05:48:35', '2013-01-18 05:50:03', 0, '', 1, 2209, 0, 1, 0, NULL, 0, 0),
(2210, 3, 'Cube-XMS-2012', '', '', 17148.00, 0.00, 0, 0, 0, 0, '2013-01-18 05:54:48', 0, '2013-01-18 05:54:48', 0, '2013-01-18 05:54:48', '2013-01-18 06:01:13', 0, '', 1, 2210, 0, 1, 0, NULL, 0, 0),
(2211, 4, 'Kellys-VIPER-2-0-2012', '', '', 3150.00, 0.00, 0, 0, 0, 0, '2013-01-18 08:28:41', 0, '2013-01-18 08:28:41', 0, '2013-01-18 08:28:41', '2013-01-18 08:31:36', 0, '', 1, 2211, 0, 1, 0, NULL, 0, 0),
(2212, 4, 'Kellys-VIPER-3-0-2012', '', '', 3310.00, 0.00, 0, 0, 0, 0, '2013-01-18 08:40:13', 0, '2013-01-18 08:40:13', 0, '2013-01-18 08:40:13', '2013-01-18 08:43:26', 0, '', 1, 2212, 0, 1, 0, NULL, 0, 0),
(2213, 4, 'Kellys-VIPER-20', '', '', 0.00, 0.00, 0, 0, 0, 1, '2013-01-18 09:21:41', 0, '2013-01-18 09:21:41', 0, '2013-01-18 09:21:41', '2013-01-18 09:24:05', 0, '', 1, 2213, 0, 1, 0, NULL, 0, 0),
(2214, 4, 'Kellys-VIPER-30-2013', '', '', 3770.00, 0.00, 0, 0, 0, 1, '2013-01-18 09:30:27', 0, '2013-01-18 09:30:27', 0, '2013-01-18 09:30:27', '2013-01-18 09:31:55', 0, '', 1, 2214, 0, 1, 0, NULL, 0, 0),
(2215, 4, 'Kellys-VIPER-50-2013', '', '', 4290.00, 0.00, 0, 0, 0, 1, '2013-01-18 09:37:46', 0, '2013-01-18 09:37:46', 0, '2013-01-18 09:37:46', '2013-01-18 09:39:56', 0, '', 1, 2215, 0, 1, 0, NULL, 0, 0),
(2216, 4, 'Kellys-VIPER-60-2013', '', '', 4890.00, 0.00, 0, 0, 0, 1, '2013-01-18 09:44:36', 0, '2013-01-18 09:44:36', 0, '2013-01-18 09:44:36', '2013-01-18 09:46:07', 0, '', 1, 2216, 0, 1, 0, NULL, 0, 0),
(2217, 0, 'Kellys-NEOPRENE', '', '', 60.00, 0.00, 0, 0, 0, 0, '2013-01-18 14:36:55', 0, '2013-01-18 14:36:55', 0, '2013-01-18 14:36:55', '2013-01-18 14:41:10', 0, '', 1, 2217, 0, 1, 4100, NULL, 0, 0),
(2218, 0, '-SKS-max-46-48-zubev-black', '', '', 250.00, 0.00, 0, 0, 0, 0, '2013-01-19 12:11:44', 0, '2013-01-19 12:11:44', 0, '2013-01-19 12:11:44', '2013-01-19 12:15:40', 0, '', 1, 2218, 0, 1, 4093, NULL, 0, 0),
(2219, 0, 'Lizard-Skins', '', '', 30.00, 0.00, 0, 0, 0, 0, '2013-01-19 12:23:06', 0, '2013-01-19 12:23:06', 0, '2013-01-19 12:23:06', '2013-01-19 12:24:49', 0, '', 1, 2219, 0, 1, 730, NULL, 0, 0),
(2220, 0, '-Setlaz-Protector', '', '', 68.00, 0.00, 0, 0, 0, 0, '2013-01-19 12:33:30', 0, '2013-01-19 12:33:30', 0, '2013-01-19 12:33:30', '2013-01-19 12:39:28', 0, '', 1, 2220, 0, 1, 4793, NULL, 0, 0),
(2221, 0, '-Lizard-Skins-Leather-Carbon', '', '', 65.00, 0.00, 0, 0, 0, 0, '2013-01-19 12:43:30', 0, '2013-01-19 12:43:30', 0, '2013-01-19 12:43:30', '2013-01-19 12:45:52', 0, '', 1, 2221, 0, 1, 1640, NULL, 0, 0),
(2222, 0, '-Exustar-BCP02-ot-tsepi-krasn', '', '', 75.00, 0.00, 0, 0, 0, 0, '2013-01-19 12:46:57', 0, '2013-01-19 12:46:57', 0, '2013-01-19 12:46:57', '2013-01-19 12:48:13', 0, '', 1, 2222, 0, 1, 1639, NULL, 0, 0),
(2223, 0, 'Lizard-Skins-Jumbo', '', '', 55.00, 0.00, 0, 0, 0, 0, '2013-01-19 12:49:02', 0, '2013-01-19 12:49:02', 0, '2013-01-19 12:49:02', '2013-01-19 12:50:31', 0, '', 1, 2223, 0, 1, 729, NULL, 0, 0),
(2224, 0, '-SCOTT-NEOPREN-REFLEX', '', '', 125.00, 0.00, 0, 0, 0, 0, '2013-01-19 12:51:16', 0, '2013-01-19 12:51:16', 0, '2013-01-19 12:51:16', '2013-01-19 12:52:34', 0, '', 1, 2224, 0, 1, 4287, NULL, 0, 0),
(2225, 0, '-SKS-neopren', '', '', 60.00, 0.00, 0, 0, 0, 0, '2013-01-19 12:53:55', 0, '2013-01-19 12:53:55', 0, '2013-01-19 12:53:55', '2013-01-19 12:55:43', 0, '', 1, 2225, 0, 1, 4100, NULL, 0, 0),
(2226, 5, 'Trek-2012-3900-Disc', '', '', 4495.00, 3821.00, 0, 0, 0, 0, '2013-01-21 02:01:00', 1, '2013-01-21 02:01:00', 1, '2013-01-21 02:01:00', '2013-01-21 02:02:46', 0, '', 1, 2226, 0, 1, 0, NULL, 0, 0),
(2227, 5, 'Trek-2012-3500-Disc', '', '', 3290.00, 0.00, 0, 0, 0, 0, '2013-01-21 02:11:17', 1, '2013-01-21 02:11:17', 1, '2013-01-21 02:11:17', '2013-01-21 02:18:23', 0, '', 1, 2227, 0, 1, 0, NULL, 0, 0),
(2228, 5, 'Trek-2013-4500-Disc', '', '', 7370.00, 7000.00, 0, 0, 0, 0, '2013-01-21 02:35:56', 0, '2013-01-21 02:35:56', 1, '2013-01-21 02:35:56', '2013-01-21 02:41:30', 0, '', 1, 2228, 0, 1, 0, NULL, 0, 0),
(2260, 0, 'wer1', '', '', 0.00, 0.00, 0, 0, 0, 0, '2013-07-15 13:18:45', 0, '2013-07-15 13:18:45', 0, '2013-07-15 13:18:45', '2013-07-15 13:21:43', 0, '', 0, 3, 0, 1, 0, NULL, 3, 3),
(2261, 0, 'wer2', '', '', 0.00, 0.00, 0, 0, 0, 0, '2013-07-15 13:31:31', 0, '2013-07-15 13:31:31', 0, '2013-07-15 13:31:31', '2013-07-15 13:32:14', 0, '', 0, 1, 0, 1, 0, NULL, 3, 3);

-- --------------------------------------------------------

--
-- Структура таблицы `catalog_products_categories`
--

DROP TABLE IF EXISTS `catalog_products_categories`;
CREATE TABLE IF NOT EXISTS `catalog_products_categories` (
  `product_id` mediumint(8) unsigned NOT NULL DEFAULT '0',
  `category_id` mediumint(8) unsigned NOT NULL DEFAULT '0',
  `link_type` char(1) NOT NULL DEFAULT 'M',
  PRIMARY KEY (`category_id`,`product_id`),
  KEY `link_type` (`link_type`),
  KEY `pt` (`product_id`,`link_type`)
) ENGINE=MyISAM DEFAULT CHARSET=utf8;

--
-- Дамп данных таблицы `catalog_products_categories`
--

INSERT INTO `catalog_products_categories` (`product_id`, `category_id`, `link_type`) VALUES
(4, 0, 'M'),
(1, 0, 'M'),
(3, 0, 'M'),
(2, 0, 'M'),
(5, 0, 'M'),
(6, 0, 'M'),
(7, 0, 'M'),
(8, 0, 'M'),
(9, 0, 'M'),
(10, 0, 'M'),
(11, 0, 'M'),
(12, 0, 'M'),
(13, 0, 'M'),
(14, 0, 'M'),
(15, 0, 'M'),
(16, 0, 'M'),
(17, 0, 'M'),
(18, 0, 'M'),
(19, 0, 'M'),
(20, 0, 'M'),
(21, 0, 'M'),
(22, 0, 'M'),
(23, 0, 'M'),
(24, 0, 'M'),
(25, 0, 'M'),
(26, 0, 'M'),
(27, 0, 'M'),
(28, 0, 'M'),
(29, 0, 'M'),
(30, 0, 'M'),
(31, 0, 'M'),
(32, 0, 'M'),
(33, 0, 'M'),
(34, 0, 'M'),
(35, 0, 'M'),
(36, 0, 'M'),
(37, 0, 'M'),
(38, 0, 'M'),
(39, 0, 'M'),
(40, 0, 'M'),
(41, 0, 'M'),
(42, 0, 'M'),
(43, 0, 'M'),
(44, 0, 'M'),
(45, 0, 'M'),
(46, 0, 'M'),
(47, 0, 'M'),
(48, 0, 'M'),
(49, 0, 'M'),
(50, 0, 'M'),
(51, 0, 'M'),
(52, 0, 'M'),
(53, 0, 'M'),
(54, 0, 'M'),
(55, 0, 'M'),
(56, 0, 'M'),
(57, 0, 'M'),
(58, 0, 'M'),
(59, 0, 'M'),
(60, 0, 'M'),
(61, 0, 'M'),
(62, 0, 'M'),
(63, 0, 'M'),
(64, 0, 'M'),
(65, 0, 'M'),
(66, 0, 'M'),
(67, 0, 'M'),
(68, 0, 'M'),
(69, 0, 'M'),
(70, 0, 'M'),
(71, 0, 'M'),
(72, 0, 'M'),
(73, 0, 'M'),
(74, 0, 'M'),
(75, 0, 'M'),
(76, 0, 'M'),
(77, 0, 'M'),
(78, 0, 'M'),
(79, 0, 'M'),
(80, 0, 'M'),
(81, 0, 'M'),
(82, 0, 'M'),
(83, 0, 'M'),
(84, 0, 'M'),
(85, 0, 'M'),
(86, 0, 'M'),
(87, 0, 'M'),
(88, 0, 'M'),
(89, 0, 'M'),
(90, 0, 'M'),
(91, 0, 'M'),
(92, 0, 'M'),
(93, 0, 'M'),
(94, 0, 'M'),
(95, 0, 'M'),
(96, 0, 'M'),
(97, 0, 'M'),
(98, 0, 'M'),
(99, 0, 'M'),
(100, 0, 'M'),
(101, 0, 'M'),
(102, 0, 'M'),
(103, 0, 'M'),
(104, 0, 'M'),
(105, 0, 'M'),
(106, 0, 'M'),
(107, 0, 'M'),
(108, 0, 'M'),
(109, 0, 'M'),
(110, 0, 'M'),
(111, 0, 'M'),
(112, 0, 'M'),
(113, 0, 'M'),
(114, 0, 'M'),
(115, 0, 'M'),
(116, 0, 'M'),
(117, 0, 'M'),
(118, 0, 'M'),
(119, 0, 'M'),
(120, 0, 'M'),
(121, 0, 'M'),
(122, 0, 'M'),
(123, 0, 'M'),
(124, 0, 'M'),
(125, 0, 'M'),
(126, 0, 'M'),
(127, 0, 'M'),
(128, 0, 'M'),
(129, 0, 'M'),
(130, 0, 'M'),
(131, 0, 'M'),
(132, 0, 'M'),
(133, 0, 'M'),
(134, 0, 'M'),
(135, 0, 'M'),
(136, 0, 'M'),
(137, 0, 'M'),
(138, 0, 'M'),
(139, 0, 'M'),
(140, 0, 'M'),
(141, 0, 'M'),
(142, 0, 'M'),
(143, 0, 'M'),
(144, 0, 'M'),
(145, 0, 'M'),
(146, 0, 'M'),
(147, 0, 'M'),
(148, 0, 'M'),
(149, 0, 'M'),
(150, 0, 'M'),
(151, 0, 'M'),
(152, 0, 'M'),
(153, 0, 'M'),
(154, 0, 'M'),
(155, 0, 'M'),
(156, 0, 'M'),
(157, 0, 'M'),
(158, 0, 'M'),
(159, 0, 'M'),
(160, 0, 'M'),
(161, 0, 'M'),
(162, 0, 'M'),
(163, 0, 'M'),
(164, 0, 'M'),
(165, 0, 'M'),
(166, 0, 'M'),
(167, 0, 'M'),
(168, 0, 'M'),
(169, 0, 'M'),
(170, 0, 'M'),
(171, 0, 'M'),
(172, 0, 'M'),
(173, 0, 'M'),
(174, 0, 'M'),
(175, 0, 'M'),
(176, 0, 'M'),
(177, 0, 'M'),
(178, 0, 'M'),
(179, 0, 'M'),
(180, 0, 'M'),
(181, 0, 'M'),
(182, 0, 'M'),
(183, 0, 'M'),
(184, 0, 'M'),
(185, 0, 'M'),
(186, 0, 'M'),
(187, 0, 'M'),
(188, 0, 'M'),
(189, 0, 'M'),
(190, 0, 'M'),
(191, 0, 'M'),
(192, 0, 'M'),
(193, 0, 'M'),
(194, 0, 'M'),
(195, 0, 'M'),
(196, 0, 'M'),
(197, 0, 'M'),
(198, 0, 'M'),
(199, 0, 'M'),
(200, 0, 'M'),
(201, 0, 'M'),
(202, 0, 'M'),
(203, 0, 'M'),
(204, 0, 'M'),
(205, 0, 'M'),
(206, 0, 'M'),
(207, 0, 'M'),
(208, 0, 'M'),
(209, 0, 'M'),
(210, 0, 'M'),
(211, 0, 'M'),
(212, 0, 'M'),
(213, 0, 'M'),
(214, 0, 'M'),
(215, 0, 'M'),
(216, 0, 'M'),
(217, 0, 'M'),
(218, 0, 'M'),
(219, 0, 'M'),
(220, 0, 'M'),
(221, 0, 'M'),
(222, 0, 'M'),
(223, 0, 'M'),
(224, 0, 'M'),
(225, 0, 'M'),
(226, 0, 'M'),
(227, 0, 'M'),
(228, 0, 'M'),
(229, 0, 'M'),
(230, 0, 'M'),
(231, 0, 'M'),
(232, 0, 'M'),
(233, 0, 'M'),
(234, 0, 'M'),
(235, 0, 'M'),
(236, 0, 'M'),
(237, 0, 'M'),
(238, 0, 'M'),
(239, 0, 'M'),
(240, 0, 'M'),
(241, 0, 'M'),
(242, 0, 'M'),
(243, 0, 'M'),
(244, 0, 'M'),
(245, 0, 'M'),
(246, 0, 'M'),
(247, 0, 'M'),
(248, 0, 'M'),
(249, 0, 'M'),
(250, 0, 'M'),
(251, 0, 'M'),
(252, 0, 'M'),
(253, 0, 'M'),
(254, 0, 'M'),
(255, 0, 'M'),
(256, 0, 'M'),
(257, 0, 'M'),
(258, 0, 'M'),
(259, 0, 'M'),
(260, 0, 'M'),
(261, 0, 'M'),
(262, 0, 'M'),
(263, 0, 'M'),
(264, 0, 'M'),
(265, 0, 'M'),
(266, 0, 'M'),
(267, 0, 'M'),
(268, 0, 'M'),
(269, 0, 'M'),
(270, 0, 'M'),
(271, 0, 'M'),
(272, 0, 'M'),
(273, 0, 'M'),
(274, 0, 'M'),
(275, 0, 'M'),
(276, 0, 'M'),
(277, 0, 'M'),
(278, 0, 'M'),
(279, 0, 'M'),
(280, 0, 'M'),
(281, 0, 'M'),
(282, 0, 'M'),
(283, 0, 'M'),
(284, 0, 'M'),
(285, 0, 'M'),
(286, 0, 'M'),
(287, 0, 'M'),
(288, 0, 'M'),
(289, 0, 'M'),
(290, 0, 'M'),
(291, 0, 'M'),
(292, 0, 'M'),
(293, 0, 'M'),
(294, 0, 'M'),
(295, 0, 'M'),
(296, 0, 'M'),
(297, 0, 'M'),
(298, 0, 'M'),
(299, 0, 'M'),
(300, 0, 'M'),
(301, 0, 'M'),
(302, 0, 'M'),
(303, 0, 'M'),
(304, 0, 'M'),
(305, 0, 'M'),
(306, 0, 'M'),
(307, 0, 'M'),
(308, 0, 'M'),
(309, 0, 'M'),
(310, 0, 'M'),
(311, 0, 'M'),
(312, 0, 'M'),
(313, 0, 'M'),
(314, 0, 'M'),
(315, 0, 'M'),
(316, 0, 'M'),
(317, 0, 'M'),
(318, 0, 'M'),
(319, 0, 'M'),
(320, 0, 'M'),
(321, 0, 'M'),
(322, 0, 'M'),
(323, 0, 'M'),
(324, 0, 'M'),
(325, 0, 'M'),
(326, 0, 'M'),
(327, 0, 'M'),
(328, 0, 'M'),
(329, 0, 'M'),
(330, 0, 'M'),
(331, 0, 'M'),
(332, 0, 'M'),
(333, 0, 'M'),
(334, 0, 'M'),
(335, 0, 'M'),
(336, 0, 'M'),
(337, 0, 'M'),
(338, 0, 'M'),
(339, 0, 'M'),
(340, 0, 'M'),
(341, 0, 'M'),
(342, 0, 'M'),
(343, 0, 'M'),
(344, 0, 'M'),
(345, 0, 'M'),
(346, 0, 'M'),
(347, 0, 'M'),
(348, 0, 'M'),
(349, 0, 'M'),
(350, 0, 'M'),
(351, 0, 'M'),
(352, 0, 'M'),
(353, 0, 'M'),
(354, 0, 'M'),
(355, 0, 'M'),
(356, 0, 'M'),
(357, 0, 'M'),
(358, 0, 'M'),
(359, 0, 'M'),
(360, 0, 'M'),
(361, 0, 'M'),
(362, 0, 'M'),
(363, 0, 'M'),
(364, 0, 'M'),
(365, 0, 'M'),
(366, 0, 'M'),
(367, 0, 'M'),
(368, 0, 'M'),
(369, 0, 'M'),
(370, 0, 'M'),
(371, 0, 'M'),
(372, 0, 'M'),
(373, 0, 'M'),
(374, 0, 'M'),
(375, 0, 'M'),
(376, 0, 'M'),
(377, 0, 'M'),
(378, 0, 'M'),
(379, 0, 'M'),
(380, 0, 'M'),
(381, 0, 'M'),
(382, 0, 'M'),
(383, 0, 'M'),
(384, 0, 'M'),
(385, 0, 'M'),
(386, 0, 'M'),
(387, 0, 'M'),
(388, 0, 'M'),
(389, 0, 'M'),
(390, 0, 'M'),
(391, 0, 'M'),
(392, 0, 'M'),
(393, 0, 'M'),
(394, 0, 'M'),
(395, 0, 'M'),
(396, 0, 'M'),
(397, 0, 'M'),
(398, 0, 'M'),
(399, 0, 'M'),
(400, 0, 'M'),
(401, 0, 'M'),
(402, 0, 'M'),
(403, 0, 'M'),
(404, 0, 'M'),
(405, 0, 'M'),
(406, 0, 'M'),
(407, 0, 'M'),
(408, 0, 'M'),
(409, 0, 'M'),
(410, 0, 'M'),
(411, 0, 'M'),
(412, 0, 'M'),
(413, 0, 'M'),
(414, 0, 'M'),
(415, 0, 'M'),
(416, 0, 'M'),
(417, 0, 'M'),
(418, 0, 'M'),
(419, 0, 'M'),
(420, 0, 'M'),
(421, 0, 'M'),
(422, 0, 'M'),
(423, 0, 'M'),
(424, 0, 'M'),
(425, 0, 'M'),
(426, 0, 'M'),
(427, 0, 'M'),
(428, 0, 'M'),
(429, 0, 'M'),
(430, 0, 'M'),
(431, 0, 'M'),
(432, 0, 'M'),
(433, 0, 'M'),
(434, 0, 'M'),
(435, 0, 'M'),
(436, 0, 'M'),
(437, 0, 'M'),
(438, 0, 'M'),
(439, 0, 'M'),
(440, 0, 'M'),
(441, 0, 'M'),
(442, 0, 'M'),
(443, 0, 'M'),
(444, 0, 'M'),
(445, 0, 'M'),
(446, 0, 'M'),
(447, 0, 'M'),
(448, 0, 'M'),
(449, 0, 'M'),
(450, 0, 'M'),
(451, 0, 'M'),
(452, 0, 'M'),
(453, 0, 'M'),
(454, 0, 'M'),
(455, 0, 'M'),
(456, 0, 'M'),
(457, 0, 'M'),
(458, 0, 'M'),
(459, 0, 'M'),
(460, 0, 'M'),
(461, 0, 'M'),
(462, 0, 'M'),
(463, 0, 'M'),
(464, 0, 'M'),
(465, 0, 'M'),
(466, 0, 'M'),
(467, 0, 'M'),
(468, 0, 'M'),
(469, 0, 'M'),
(470, 0, 'M'),
(471, 0, 'M'),
(472, 0, 'M'),
(473, 0, 'M'),
(474, 0, 'M'),
(475, 0, 'M'),
(476, 0, 'M'),
(477, 0, 'M'),
(478, 0, 'M'),
(479, 0, 'M'),
(480, 0, 'M'),
(481, 0, 'M'),
(482, 0, 'M'),
(483, 0, 'M'),
(484, 0, 'M'),
(485, 0, 'M'),
(486, 0, 'M'),
(487, 0, 'M'),
(488, 0, 'M'),
(489, 0, 'M'),
(490, 0, 'M'),
(491, 0, 'M'),
(492, 0, 'M'),
(493, 0, 'M'),
(494, 0, 'M'),
(495, 0, 'M'),
(496, 0, 'M'),
(497, 0, 'M'),
(498, 0, 'M'),
(499, 0, 'M'),
(500, 0, 'M'),
(501, 0, 'M'),
(502, 0, 'M'),
(503, 0, 'M'),
(504, 0, 'M'),
(505, 0, 'M'),
(506, 0, 'M'),
(507, 0, 'M'),
(508, 0, 'M'),
(509, 0, 'M'),
(510, 0, 'M'),
(511, 0, 'M'),
(512, 0, 'M'),
(513, 0, 'M'),
(514, 0, 'M'),
(515, 0, 'M'),
(516, 0, 'M'),
(517, 0, 'M'),
(518, 0, 'M'),
(519, 0, 'M'),
(520, 0, 'M'),
(521, 0, 'M'),
(522, 0, 'M'),
(523, 0, 'M'),
(524, 0, 'M'),
(525, 0, 'M'),
(526, 0, 'M'),
(527, 0, 'M'),
(528, 0, 'M'),
(529, 0, 'M'),
(530, 0, 'M'),
(531, 0, 'M'),
(532, 0, 'M'),
(533, 0, 'M'),
(534, 0, 'M'),
(535, 0, 'M'),
(536, 0, 'M'),
(537, 0, 'M'),
(538, 0, 'M'),
(539, 0, 'M'),
(540, 0, 'M'),
(541, 0, 'M'),
(542, 0, 'M'),
(543, 0, 'M'),
(544, 0, 'M'),
(545, 0, 'M'),
(546, 0, 'M'),
(547, 0, 'M'),
(548, 0, 'M'),
(549, 0, 'M'),
(550, 0, 'M'),
(551, 0, 'M'),
(552, 0, 'M'),
(553, 0, 'M'),
(554, 0, 'M'),
(555, 0, 'M'),
(556, 0, 'M'),
(557, 0, 'M'),
(558, 0, 'M'),
(559, 0, 'M'),
(560, 0, 'M'),
(561, 0, 'M'),
(562, 0, 'M'),
(563, 0, 'M'),
(564, 0, 'M'),
(565, 0, 'M'),
(566, 0, 'M'),
(567, 0, 'M'),
(568, 0, 'M'),
(569, 0, 'M'),
(570, 0, 'M'),
(571, 0, 'M'),
(572, 0, 'M'),
(573, 0, 'M'),
(574, 0, 'M'),
(575, 0, 'M'),
(576, 0, 'M'),
(577, 0, 'M'),
(578, 0, 'M'),
(579, 0, 'M'),
(580, 0, 'M'),
(581, 0, 'M'),
(582, 0, 'M'),
(583, 0, 'M'),
(584, 0, 'M'),
(585, 0, 'M'),
(586, 0, 'M'),
(587, 0, 'M'),
(588, 0, 'M'),
(589, 0, 'M'),
(590, 0, 'M'),
(591, 0, 'M'),
(592, 0, 'M'),
(593, 0, 'M'),
(594, 0, 'M'),
(595, 0, 'M'),
(596, 0, 'M'),
(597, 0, 'M'),
(598, 0, 'M'),
(599, 0, 'M'),
(600, 0, 'M'),
(601, 0, 'M'),
(602, 0, 'M'),
(603, 0, 'M'),
(604, 0, 'M'),
(605, 0, 'M'),
(606, 0, 'M'),
(607, 0, 'M'),
(608, 0, 'M'),
(609, 0, 'M'),
(610, 0, 'M'),
(611, 0, 'M'),
(612, 0, 'M'),
(613, 0, 'M'),
(614, 0, 'M'),
(615, 0, 'M'),
(616, 0, 'M'),
(617, 0, 'M'),
(618, 0, 'M'),
(619, 0, 'M'),
(620, 0, 'M'),
(621, 0, 'M'),
(622, 0, 'M'),
(623, 0, 'M'),
(624, 0, 'M'),
(625, 0, 'M'),
(626, 0, 'M'),
(627, 0, 'M'),
(628, 0, 'M'),
(629, 0, 'M'),
(630, 0, 'M'),
(631, 0, 'M'),
(632, 0, 'M'),
(633, 0, 'M'),
(634, 0, 'M'),
(635, 0, 'M'),
(636, 0, 'M'),
(637, 0, 'M'),
(638, 0, 'M'),
(639, 0, 'M'),
(640, 0, 'M'),
(641, 0, 'M'),
(642, 0, 'M'),
(643, 0, 'M'),
(644, 0, 'M'),
(645, 0, 'M'),
(646, 0, 'M'),
(647, 0, 'M'),
(648, 0, 'M'),
(649, 0, 'M'),
(650, 0, 'M'),
(651, 0, 'M'),
(652, 0, 'M'),
(653, 0, 'M'),
(654, 0, 'M'),
(655, 0, 'M'),
(656, 0, 'M'),
(657, 0, 'M'),
(658, 0, 'M'),
(659, 0, 'M'),
(660, 0, 'M'),
(661, 0, 'M'),
(662, 0, 'M'),
(663, 0, 'M'),
(664, 0, 'M'),
(665, 0, 'M'),
(666, 0, 'M'),
(667, 0, 'M'),
(668, 0, 'M'),
(669, 0, 'M'),
(670, 0, 'M'),
(671, 0, 'M'),
(672, 0, 'M'),
(673, 0, 'M'),
(674, 0, 'M'),
(675, 0, 'M'),
(676, 0, 'M'),
(677, 0, 'M'),
(678, 0, 'M'),
(679, 0, 'M'),
(680, 0, 'M'),
(681, 0, 'M'),
(682, 0, 'M'),
(683, 0, 'M'),
(684, 0, 'M'),
(685, 0, 'M'),
(686, 0, 'M'),
(687, 0, 'M'),
(688, 0, 'M'),
(689, 0, 'M'),
(690, 0, 'M'),
(691, 0, 'M'),
(692, 0, 'M'),
(693, 0, 'M'),
(694, 0, 'M'),
(695, 0, 'M'),
(696, 0, 'M'),
(697, 0, 'M'),
(698, 0, 'M'),
(699, 0, 'M'),
(700, 0, 'M'),
(701, 0, 'M'),
(702, 0, 'M'),
(703, 0, 'M'),
(704, 0, 'M'),
(705, 0, 'M'),
(706, 0, 'M'),
(707, 0, 'M'),
(708, 0, 'M'),
(709, 0, 'M'),
(710, 0, 'M'),
(711, 0, 'M'),
(712, 0, 'M'),
(713, 0, 'M'),
(714, 0, 'M'),
(715, 0, 'M'),
(716, 0, 'M'),
(717, 0, 'M'),
(718, 0, 'M'),
(719, 0, 'M'),
(720, 0, 'M'),
(721, 0, 'M'),
(722, 0, 'M'),
(723, 0, 'M'),
(724, 0, 'M'),
(725, 0, 'M'),
(726, 0, 'M'),
(727, 0, 'M'),
(728, 0, 'M'),
(729, 0, 'M'),
(730, 0, 'M'),
(731, 0, 'M'),
(732, 0, 'M'),
(733, 0, 'M'),
(734, 0, 'M'),
(735, 0, 'M'),
(736, 0, 'M'),
(737, 0, 'M'),
(738, 0, 'M'),
(739, 0, 'M'),
(740, 0, 'M'),
(741, 0, 'M'),
(742, 0, 'M'),
(743, 0, 'M'),
(744, 0, 'M'),
(745, 0, 'M'),
(746, 0, 'M'),
(747, 0, 'M'),
(748, 0, 'M'),
(749, 0, 'M'),
(750, 0, 'M'),
(751, 0, 'M'),
(752, 0, 'M'),
(753, 0, 'M'),
(754, 0, 'M'),
(755, 0, 'M'),
(756, 0, 'M'),
(757, 0, 'M'),
(758, 0, 'M'),
(759, 0, 'M'),
(760, 0, 'M'),
(761, 0, 'M'),
(762, 0, 'M'),
(763, 0, 'M'),
(764, 0, 'M'),
(765, 0, 'M'),
(766, 0, 'M'),
(767, 0, 'M'),
(768, 0, 'M'),
(769, 0, 'M'),
(770, 0, 'M'),
(771, 0, 'M'),
(772, 0, 'M'),
(773, 0, 'M'),
(774, 0, 'M'),
(775, 0, 'M'),
(776, 0, 'M'),
(777, 0, 'M'),
(778, 0, 'M'),
(779, 0, 'M'),
(780, 0, 'M'),
(781, 0, 'M'),
(782, 0, 'M'),
(783, 0, 'M'),
(784, 0, 'M'),
(785, 0, 'M'),
(786, 0, 'M'),
(787, 0, 'M'),
(788, 0, 'M'),
(789, 0, 'M'),
(790, 0, 'M'),
(791, 0, 'M'),
(792, 0, 'M'),
(793, 0, 'M'),
(794, 0, 'M'),
(795, 0, 'M'),
(796, 0, 'M'),
(797, 0, 'M'),
(798, 0, 'M'),
(799, 0, 'M'),
(800, 0, 'M'),
(801, 0, 'M'),
(802, 0, 'M'),
(803, 0, 'M'),
(804, 0, 'M'),
(805, 0, 'M'),
(806, 0, 'M'),
(807, 0, 'M'),
(808, 0, 'M'),
(809, 0, 'M'),
(810, 0, 'M'),
(811, 0, 'M'),
(812, 0, 'M'),
(813, 0, 'M'),
(814, 0, 'M'),
(815, 0, 'M'),
(816, 0, 'M'),
(817, 0, 'M'),
(818, 0, 'M'),
(819, 0, 'M'),
(820, 0, 'M'),
(821, 0, 'M'),
(822, 0, 'M'),
(823, 0, 'M'),
(824, 0, 'M'),
(825, 0, 'M'),
(826, 0, 'M'),
(827, 0, 'M'),
(828, 0, 'M'),
(829, 0, 'M'),
(830, 0, 'M'),
(831, 0, 'M'),
(832, 0, 'M'),
(833, 0, 'M'),
(834, 0, 'M'),
(835, 0, 'M'),
(836, 0, 'M'),
(837, 0, 'M'),
(838, 0, 'M'),
(839, 0, 'M'),
(840, 0, 'M'),
(841, 0, 'M'),
(842, 0, 'M'),
(843, 0, 'M'),
(844, 0, 'M'),
(845, 0, 'M'),
(846, 0, 'M'),
(847, 0, 'M'),
(848, 0, 'M'),
(849, 0, 'M'),
(850, 0, 'M'),
(851, 0, 'M'),
(852, 0, 'M'),
(853, 0, 'M'),
(854, 0, 'M'),
(855, 0, 'M'),
(856, 0, 'M'),
(857, 0, 'M'),
(858, 0, 'M'),
(859, 0, 'M'),
(860, 0, 'M'),
(861, 0, 'M'),
(862, 0, 'M'),
(863, 0, 'M'),
(864, 0, 'M'),
(865, 0, 'M'),
(866, 0, 'M'),
(867, 0, 'M'),
(868, 0, 'M'),
(869, 0, 'M'),
(870, 0, 'M'),
(871, 0, 'M'),
(872, 0, 'M'),
(873, 0, 'M'),
(874, 0, 'M'),
(875, 0, 'M'),
(876, 0, 'M'),
(877, 0, 'M'),
(878, 0, 'M'),
(879, 0, 'M'),
(880, 0, 'M'),
(881, 0, 'M'),
(882, 0, 'M'),
(883, 0, 'M'),
(884, 0, 'M'),
(885, 0, 'M'),
(886, 0, 'M'),
(887, 0, 'M'),
(888, 0, 'M'),
(889, 0, 'M'),
(890, 0, 'M'),
(891, 0, 'M'),
(892, 0, 'M'),
(893, 0, 'M'),
(894, 0, 'M'),
(895, 0, 'M'),
(896, 0, 'M'),
(897, 0, 'M'),
(898, 0, 'M'),
(899, 0, 'M'),
(900, 0, 'M'),
(901, 0, 'M'),
(902, 0, 'M'),
(903, 0, 'M'),
(904, 0, 'M'),
(905, 0, 'M'),
(906, 0, 'M'),
(907, 0, 'M'),
(908, 0, 'M'),
(909, 0, 'M'),
(910, 0, 'M'),
(911, 0, 'M'),
(912, 0, 'M'),
(913, 0, 'M'),
(914, 0, 'M'),
(915, 0, 'M'),
(916, 0, 'M'),
(917, 0, 'M'),
(918, 0, 'M'),
(919, 0, 'M'),
(920, 0, 'M'),
(921, 0, 'M'),
(922, 0, 'M'),
(923, 0, 'M'),
(924, 0, 'M'),
(925, 0, 'M'),
(926, 0, 'M'),
(927, 0, 'M'),
(928, 0, 'M'),
(929, 0, 'M'),
(930, 0, 'M'),
(931, 0, 'M'),
(932, 0, 'M'),
(933, 0, 'M'),
(934, 0, 'M'),
(935, 0, 'M'),
(936, 0, 'M'),
(937, 0, 'M'),
(938, 0, 'M'),
(939, 0, 'M'),
(940, 0, 'M'),
(941, 0, 'M'),
(942, 0, 'M'),
(943, 0, 'M'),
(944, 0, 'M'),
(945, 0, 'M'),
(946, 0, 'M'),
(947, 0, 'M'),
(948, 0, 'M'),
(949, 0, 'M'),
(950, 0, 'M'),
(951, 0, 'M'),
(952, 0, 'M'),
(953, 0, 'M'),
(954, 0, 'M'),
(955, 0, 'M'),
(956, 0, 'M'),
(957, 0, 'M'),
(958, 0, 'M'),
(959, 0, 'M'),
(960, 0, 'M'),
(961, 0, 'M'),
(962, 0, 'M'),
(963, 0, 'M'),
(964, 0, 'M'),
(965, 0, 'M'),
(966, 0, 'M'),
(967, 0, 'M'),
(968, 0, 'M'),
(969, 0, 'M'),
(970, 0, 'M'),
(971, 0, 'M'),
(972, 0, 'M'),
(973, 0, 'M'),
(974, 0, 'M'),
(975, 0, 'M'),
(976, 0, 'M'),
(977, 0, 'M'),
(978, 0, 'M'),
(979, 0, 'M'),
(980, 0, 'M'),
(981, 0, 'M'),
(982, 0, 'M'),
(983, 0, 'M'),
(984, 0, 'M'),
(985, 0, 'M'),
(986, 0, 'M'),
(987, 0, 'M'),
(988, 0, 'M'),
(989, 0, 'M'),
(990, 0, 'M'),
(991, 0, 'M'),
(992, 0, 'M'),
(993, 0, 'M'),
(994, 0, 'M'),
(995, 0, 'M'),
(996, 0, 'M'),
(997, 0, 'M'),
(998, 0, 'M'),
(999, 0, 'M'),
(1000, 0, 'M'),
(1001, 0, 'M'),
(1002, 0, 'M'),
(1003, 0, 'M'),
(1004, 0, 'M'),
(1005, 0, 'M'),
(1006, 0, 'M'),
(1007, 0, 'M'),
(1008, 0, 'M'),
(1009, 0, 'M'),
(1010, 0, 'M'),
(1011, 0, 'M'),
(1012, 0, 'M'),
(1013, 0, 'M'),
(1014, 0, 'M'),
(1015, 0, 'M'),
(1016, 0, 'M'),
(1017, 0, 'M'),
(1018, 0, 'M'),
(1019, 0, 'M'),
(1020, 0, 'M'),
(1021, 0, 'M'),
(1022, 0, 'M'),
(1023, 0, 'M'),
(1024, 0, 'M'),
(1025, 0, 'M'),
(1026, 0, 'M'),
(1027, 0, 'M'),
(1028, 0, 'M'),
(1029, 0, 'M'),
(1030, 0, 'M'),
(1031, 0, 'M'),
(1032, 0, 'M'),
(1033, 0, 'M'),
(1034, 0, 'M'),
(1035, 0, 'M'),
(1036, 0, 'M'),
(1037, 0, 'M'),
(1038, 0, 'M'),
(1039, 0, 'M'),
(1040, 0, 'M'),
(1041, 0, 'M'),
(1042, 0, 'M'),
(1043, 0, 'M'),
(1044, 0, 'M'),
(1045, 0, 'M'),
(1046, 0, 'M'),
(1047, 0, 'M'),
(1048, 0, 'M'),
(1049, 0, 'M'),
(1050, 0, 'M'),
(1051, 0, 'M'),
(1052, 0, 'M'),
(1053, 0, 'M'),
(1054, 0, 'M'),
(1055, 0, 'M'),
(1056, 0, 'M'),
(1057, 0, 'M'),
(1058, 0, 'M'),
(1059, 0, 'M'),
(1060, 0, 'M'),
(1061, 0, 'M'),
(1062, 0, 'M'),
(1063, 0, 'M'),
(1064, 0, 'M'),
(1065, 0, 'M'),
(1066, 0, 'M'),
(1067, 0, 'M'),
(1068, 0, 'M'),
(1069, 0, 'M'),
(1070, 0, 'M'),
(1071, 0, 'M'),
(1072, 0, 'M'),
(1073, 0, 'M'),
(1074, 0, 'M'),
(1075, 0, 'M'),
(1076, 0, 'M'),
(1077, 0, 'M'),
(1078, 0, 'M'),
(1079, 0, 'M'),
(1080, 0, 'M'),
(1081, 0, 'M'),
(1082, 0, 'M'),
(1083, 0, 'M'),
(1084, 0, 'M'),
(1085, 0, 'M'),
(1086, 0, 'M'),
(1087, 0, 'M'),
(1088, 0, 'M'),
(1089, 0, 'M'),
(1090, 0, 'M'),
(1091, 0, 'M'),
(1092, 0, 'M'),
(1093, 0, 'M'),
(1094, 0, 'M'),
(1095, 0, 'M'),
(1096, 0, 'M'),
(1097, 0, 'M'),
(1098, 0, 'M'),
(1099, 0, 'M'),
(1100, 0, 'M'),
(1101, 0, 'M'),
(1102, 0, 'M'),
(1103, 0, 'M'),
(1104, 0, 'M'),
(1105, 0, 'M'),
(1106, 0, 'M'),
(1107, 0, 'M'),
(1108, 0, 'M'),
(1109, 0, 'M'),
(1110, 0, 'M'),
(1111, 0, 'M'),
(1112, 0, 'M'),
(1113, 0, 'M'),
(1114, 0, 'M'),
(1115, 0, 'M'),
(1116, 0, 'M'),
(1117, 0, 'M'),
(1118, 0, 'M'),
(1119, 0, 'M'),
(1120, 0, 'M'),
(1121, 0, 'M'),
(1122, 0, 'M'),
(1123, 0, 'M'),
(1124, 0, 'M'),
(1125, 0, 'M'),
(1126, 0, 'M'),
(1127, 0, 'M'),
(1128, 0, 'M'),
(1129, 0, 'M'),
(1130, 0, 'M'),
(1131, 0, 'M'),
(1132, 0, 'M'),
(1133, 0, 'M'),
(1134, 0, 'M'),
(1135, 0, 'M'),
(1136, 0, 'M'),
(1137, 0, 'M'),
(1138, 0, 'M'),
(1139, 0, 'M'),
(1140, 0, 'M'),
(1141, 0, 'M'),
(1142, 0, 'M'),
(1143, 0, 'M'),
(1144, 0, 'M'),
(1145, 0, 'M'),
(1146, 0, 'M'),
(1147, 0, 'M'),
(1148, 0, 'M'),
(1149, 0, 'M'),
(1150, 0, 'M'),
(1151, 0, 'M'),
(1152, 0, 'M'),
(1153, 0, 'M'),
(1154, 0, 'M'),
(1155, 0, 'M'),
(1156, 0, 'M'),
(1157, 0, 'M'),
(1158, 0, 'M'),
(1159, 0, 'M'),
(1160, 0, 'M'),
(1161, 0, 'M'),
(1162, 0, 'M'),
(1163, 0, 'M'),
(1164, 0, 'M'),
(1165, 0, 'M'),
(1166, 0, 'M'),
(1167, 0, 'M'),
(1168, 0, 'M'),
(1169, 0, 'M'),
(1170, 0, 'M'),
(1171, 0, 'M'),
(1172, 0, 'M'),
(1173, 0, 'M'),
(1174, 0, 'M'),
(1175, 0, 'M'),
(1176, 0, 'M'),
(1177, 0, 'M'),
(1178, 0, 'M'),
(1179, 0, 'M'),
(1180, 0, 'M'),
(1181, 0, 'M'),
(1182, 0, 'M'),
(1183, 0, 'M'),
(1184, 0, 'M'),
(1185, 0, 'M'),
(1186, 0, 'M'),
(1187, 0, 'M'),
(1188, 0, 'M'),
(1189, 0, 'M'),
(1190, 0, 'M'),
(1191, 0, 'M'),
(1192, 0, 'M'),
(1193, 0, 'M'),
(1194, 0, 'M'),
(1195, 0, 'M'),
(1196, 0, 'M'),
(1197, 0, 'M'),
(1198, 0, 'M'),
(1199, 0, 'M'),
(1200, 0, 'M'),
(1201, 0, 'M'),
(1202, 0, 'M'),
(1203, 0, 'M'),
(1204, 0, 'M'),
(1205, 0, 'M'),
(1206, 0, 'M'),
(1207, 0, 'M'),
(1208, 0, 'M'),
(1209, 0, 'M'),
(1210, 0, 'M'),
(1211, 0, 'M'),
(1212, 0, 'M'),
(1213, 0, 'M'),
(1214, 0, 'M'),
(1215, 0, 'M'),
(1216, 0, 'M'),
(1217, 0, 'M'),
(1218, 0, 'M'),
(1219, 0, 'M'),
(1220, 0, 'M'),
(1221, 0, 'M'),
(1222, 0, 'M'),
(1223, 0, 'M'),
(1224, 0, 'M'),
(1225, 0, 'M'),
(1226, 0, 'M'),
(1227, 0, 'M'),
(1228, 0, 'M'),
(1229, 0, 'M'),
(1230, 0, 'M'),
(1231, 0, 'M'),
(1232, 0, 'M'),
(1233, 0, 'M'),
(1234, 0, 'M'),
(1235, 0, 'M'),
(1236, 0, 'M'),
(1237, 0, 'M'),
(1238, 0, 'M'),
(1239, 0, 'M'),
(1240, 0, 'M'),
(1241, 0, 'M'),
(1242, 0, 'M'),
(1243, 0, 'M'),
(1244, 0, 'M'),
(1245, 0, 'M'),
(1246, 0, 'M'),
(1247, 0, 'M'),
(1248, 0, 'M'),
(1249, 0, 'M'),
(1250, 0, 'M'),
(1251, 0, 'M'),
(1252, 0, 'M'),
(1253, 0, 'M'),
(1254, 0, 'M'),
(1255, 0, 'M'),
(1256, 0, 'M'),
(1257, 0, 'M'),
(1258, 0, 'M'),
(1259, 0, 'M'),
(1260, 0, 'M'),
(1261, 0, 'M'),
(1262, 0, 'M'),
(1263, 0, 'M'),
(1264, 0, 'M'),
(1265, 0, 'M'),
(1266, 0, 'M'),
(1267, 0, 'M'),
(1268, 0, 'M'),
(1269, 0, 'M'),
(1270, 0, 'M'),
(1271, 0, 'M'),
(1272, 0, 'M'),
(1273, 0, 'M'),
(1274, 0, 'M'),
(1275, 0, 'M'),
(1276, 0, 'M'),
(1277, 0, 'M'),
(1278, 0, 'M'),
(1279, 0, 'M'),
(1280, 0, 'M'),
(1281, 0, 'M'),
(1282, 0, 'M'),
(1283, 0, 'M'),
(1284, 0, 'M'),
(1285, 0, 'M'),
(1286, 0, 'M'),
(1287, 0, 'M'),
(1288, 0, 'M'),
(1289, 0, 'M'),
(1290, 0, 'M'),
(1291, 0, 'M'),
(1292, 0, 'M'),
(1293, 0, 'M'),
(1294, 0, 'M'),
(1295, 0, 'M'),
(1296, 0, 'M'),
(1297, 0, 'M'),
(1298, 0, 'M'),
(1299, 0, 'M'),
(1300, 0, 'M'),
(1301, 0, 'M'),
(1302, 0, 'M'),
(1303, 0, 'M'),
(1304, 0, 'M'),
(1305, 0, 'M'),
(1306, 0, 'M'),
(1307, 0, 'M'),
(1308, 0, 'M'),
(1309, 0, 'M'),
(1310, 0, 'M'),
(1311, 0, 'M'),
(1312, 0, 'M'),
(1313, 0, 'M'),
(1314, 0, 'M'),
(1315, 0, 'M'),
(1316, 0, 'M'),
(1317, 0, 'M'),
(1318, 0, 'M'),
(1319, 0, 'M'),
(1320, 0, 'M'),
(1321, 0, 'M'),
(1322, 0, 'M'),
(1323, 0, 'M'),
(1324, 0, 'M'),
(1325, 0, 'M'),
(1326, 0, 'M'),
(1327, 0, 'M'),
(1328, 0, 'M'),
(1329, 0, 'M'),
(1330, 0, 'M'),
(1331, 0, 'M'),
(1332, 0, 'M'),
(1333, 0, 'M'),
(1334, 0, 'M'),
(1335, 0, 'M'),
(1336, 0, 'M'),
(1337, 0, 'M'),
(1338, 0, 'M'),
(1339, 0, 'M'),
(1340, 0, 'M'),
(1341, 0, 'M'),
(1342, 0, 'M'),
(1343, 0, 'M'),
(1344, 0, 'M'),
(1345, 0, 'M'),
(1346, 0, 'M'),
(1347, 0, 'M'),
(1348, 0, 'M'),
(1349, 0, 'M'),
(1350, 0, 'M'),
(1351, 0, 'M'),
(1352, 0, 'M'),
(1353, 0, 'M'),
(1354, 0, 'M'),
(1355, 0, 'M'),
(1356, 0, 'M'),
(1357, 0, 'M'),
(1358, 0, 'M'),
(1359, 0, 'M'),
(1360, 0, 'M'),
(1361, 0, 'M'),
(1362, 0, 'M'),
(1363, 0, 'M'),
(1364, 0, 'M'),
(1365, 0, 'M'),
(1366, 0, 'M'),
(1367, 0, 'M'),
(1368, 0, 'M'),
(1369, 0, 'M'),
(1370, 0, 'M'),
(1371, 0, 'M'),
(1372, 0, 'M'),
(1373, 0, 'M'),
(1374, 0, 'M'),
(1375, 0, 'M'),
(1376, 0, 'M'),
(1377, 0, 'M'),
(1378, 0, 'M'),
(1379, 0, 'M'),
(1380, 0, 'M'),
(1381, 0, 'M'),
(1382, 0, 'M'),
(1383, 0, 'M'),
(1384, 0, 'M'),
(1385, 0, 'M'),
(1386, 0, 'M'),
(1387, 0, 'M'),
(1388, 0, 'M'),
(1389, 0, 'M'),
(1390, 0, 'M'),
(1391, 0, 'M'),
(1392, 0, 'M'),
(1393, 0, 'M'),
(1394, 0, 'M'),
(1395, 0, 'M'),
(1396, 0, 'M'),
(1397, 0, 'M'),
(1398, 0, 'M'),
(1399, 0, 'M'),
(1400, 0, 'M'),
(1401, 0, 'M'),
(1402, 0, 'M'),
(1403, 0, 'M'),
(1404, 0, 'M'),
(1405, 0, 'M'),
(1406, 0, 'M'),
(1407, 0, 'M'),
(1408, 0, 'M'),
(1409, 0, 'M'),
(1410, 0, 'M'),
(1411, 0, 'M'),
(1412, 0, 'M'),
(1413, 0, 'M'),
(1414, 0, 'M'),
(1415, 0, 'M'),
(1416, 0, 'M'),
(1417, 0, 'M'),
(1418, 0, 'M'),
(1419, 0, 'M'),
(1420, 0, 'M'),
(1421, 0, 'M'),
(1422, 0, 'M'),
(1423, 0, 'M'),
(1424, 0, 'M'),
(1425, 0, 'M'),
(1426, 0, 'M'),
(1427, 0, 'M'),
(1428, 0, 'M'),
(1429, 0, 'M'),
(1430, 0, 'M'),
(1431, 0, 'M'),
(1432, 0, 'M'),
(1433, 0, 'M'),
(1434, 0, 'M'),
(1435, 0, 'M'),
(1436, 0, 'M'),
(1437, 0, 'M'),
(1438, 0, 'M'),
(1439, 0, 'M'),
(1440, 0, 'M'),
(1441, 0, 'M'),
(1442, 0, 'M'),
(1443, 0, 'M'),
(1444, 0, 'M'),
(1445, 0, 'M'),
(1446, 0, 'M'),
(1447, 0, 'M'),
(1448, 0, 'M'),
(1449, 0, 'M'),
(1450, 0, 'M'),
(1451, 0, 'M'),
(1452, 0, 'M'),
(1453, 0, 'M'),
(1454, 0, 'M'),
(1455, 0, 'M'),
(1456, 0, 'M'),
(1457, 0, 'M'),
(1458, 0, 'M'),
(1459, 0, 'M'),
(1460, 0, 'M'),
(1461, 0, 'M'),
(1462, 0, 'M'),
(1463, 0, 'M'),
(1464, 0, 'M'),
(1465, 0, 'M'),
(1466, 0, 'M'),
(1467, 0, 'M'),
(1468, 0, 'M'),
(1469, 0, 'M'),
(1470, 0, 'M'),
(1471, 0, 'M'),
(1472, 0, 'M'),
(1473, 0, 'M'),
(1474, 0, 'M'),
(1475, 0, 'M'),
(1476, 0, 'M'),
(1477, 0, 'M'),
(1478, 0, 'M'),
(1479, 0, 'M'),
(1480, 0, 'M'),
(1481, 0, 'M'),
(1482, 0, 'M'),
(1483, 0, 'M'),
(1484, 0, 'M'),
(1485, 0, 'M'),
(1486, 0, 'M'),
(1487, 0, 'M'),
(1488, 0, 'M'),
(1489, 0, 'M'),
(1490, 0, 'M'),
(1491, 0, 'M'),
(1492, 0, 'M'),
(1493, 0, 'M'),
(1494, 0, 'M'),
(1495, 0, 'M'),
(1496, 0, 'M'),
(1497, 0, 'M'),
(1498, 0, 'M'),
(1499, 0, 'M'),
(1500, 0, 'M'),
(1501, 0, 'M'),
(1502, 0, 'M'),
(1503, 0, 'M'),
(1504, 0, 'M'),
(1505, 0, 'M'),
(1506, 0, 'M'),
(1507, 0, 'M'),
(1508, 0, 'M'),
(1509, 0, 'M'),
(1510, 0, 'M'),
(1511, 0, 'M'),
(1512, 0, 'M'),
(1513, 0, 'M'),
(1514, 0, 'M'),
(1515, 0, 'M'),
(1516, 0, 'M'),
(1517, 0, 'M'),
(1518, 0, 'M'),
(1519, 0, 'M'),
(1520, 0, 'M'),
(1521, 0, 'M'),
(1522, 0, 'M'),
(1523, 0, 'M'),
(1524, 0, 'M'),
(1525, 0, 'M'),
(1526, 0, 'M'),
(1527, 0, 'M'),
(1528, 0, 'M'),
(1529, 0, 'M'),
(1530, 0, 'M'),
(1531, 0, 'M'),
(1532, 0, 'M'),
(1533, 0, 'M'),
(1534, 0, 'M'),
(1535, 0, 'M'),
(1536, 0, 'M'),
(1537, 0, 'M'),
(1538, 0, 'M'),
(1539, 0, 'M'),
(1540, 0, 'M'),
(1541, 0, 'M'),
(1542, 0, 'M'),
(1543, 0, 'M'),
(1544, 0, 'M'),
(1545, 0, 'M'),
(1546, 0, 'M'),
(1547, 0, 'M'),
(1548, 0, 'M'),
(1549, 0, 'M'),
(1550, 0, 'M'),
(1551, 0, 'M'),
(1552, 0, 'M'),
(1553, 0, 'M'),
(1554, 0, 'M'),
(1555, 0, 'M'),
(1556, 0, 'M'),
(1557, 0, 'M'),
(1558, 0, 'M'),
(1559, 0, 'M'),
(1560, 0, 'M'),
(1561, 0, 'M'),
(1562, 0, 'M'),
(1563, 0, 'M'),
(1564, 0, 'M'),
(1565, 0, 'M'),
(1566, 0, 'M'),
(1567, 0, 'M'),
(1568, 0, 'M'),
(1569, 0, 'M'),
(1570, 0, 'M'),
(1571, 0, 'M'),
(1572, 0, 'M'),
(1573, 0, 'M'),
(1574, 0, 'M'),
(1575, 0, 'M'),
(1576, 0, 'M'),
(1577, 0, 'M'),
(1578, 0, 'M'),
(1579, 0, 'M'),
(1580, 0, 'M'),
(1581, 0, 'M'),
(1582, 0, 'M'),
(1583, 0, 'M'),
(1584, 0, 'M'),
(1585, 0, 'M'),
(1586, 0, 'M'),
(1587, 0, 'M'),
(1588, 0, 'M'),
(1589, 0, 'M'),
(1590, 0, 'M'),
(1591, 0, 'M'),
(1592, 0, 'M'),
(1593, 0, 'M'),
(1594, 0, 'M'),
(1595, 0, 'M'),
(1596, 0, 'M'),
(1597, 0, 'M'),
(1598, 0, 'M'),
(1599, 0, 'M'),
(1600, 0, 'M'),
(1601, 0, 'M'),
(1602, 0, 'M'),
(1603, 0, 'M'),
(1604, 0, 'M'),
(1605, 0, 'M'),
(1606, 0, 'M'),
(1607, 0, 'M'),
(1608, 0, 'M'),
(1609, 0, 'M'),
(1610, 0, 'M'),
(1611, 0, 'M'),
(1612, 0, 'M'),
(1613, 0, 'M'),
(1614, 0, 'M'),
(1615, 0, 'M'),
(1616, 0, 'M'),
(1617, 0, 'M'),
(1618, 0, 'M'),
(1619, 0, 'M'),
(1620, 0, 'M'),
(1621, 0, 'M'),
(1622, 0, 'M'),
(1623, 0, 'M'),
(1624, 0, 'M'),
(1625, 0, 'M'),
(1626, 0, 'M'),
(1627, 0, 'M'),
(1628, 0, 'M'),
(1629, 0, 'M'),
(1630, 0, 'M'),
(1631, 0, 'M'),
(1632, 0, 'M'),
(1633, 0, 'M'),
(1634, 0, 'M'),
(1635, 0, 'M'),
(1636, 0, 'M'),
(1637, 0, 'M'),
(1638, 0, 'M'),
(1639, 0, 'M'),
(1640, 0, 'M'),
(1641, 0, 'M'),
(1642, 0, 'M'),
(1643, 0, 'M'),
(1644, 0, 'M'),
(1645, 0, 'M'),
(1646, 0, 'M'),
(1647, 0, 'M'),
(1648, 0, 'M'),
(1649, 0, 'M'),
(1650, 0, 'M'),
(1651, 0, 'M'),
(1652, 0, 'M'),
(1653, 0, 'M'),
(1654, 0, 'M'),
(1655, 0, 'M'),
(1656, 0, 'M'),
(1657, 0, 'M'),
(1658, 0, 'M'),
(1659, 0, 'M'),
(1660, 0, 'M'),
(1661, 0, 'M'),
(1662, 0, 'M'),
(1663, 0, 'M'),
(1664, 0, 'M'),
(1665, 0, 'M'),
(1666, 0, 'M'),
(1667, 0, 'M'),
(1668, 0, 'M'),
(1669, 0, 'M'),
(1670, 0, 'M'),
(1671, 0, 'M'),
(1672, 0, 'M'),
(1673, 0, 'M'),
(1674, 0, 'M'),
(1675, 0, 'M'),
(1676, 0, 'M'),
(1677, 0, 'M'),
(1678, 0, 'M'),
(1679, 0, 'M'),
(1680, 0, 'M'),
(1681, 0, 'M'),
(1682, 0, 'M'),
(1683, 0, 'M'),
(1684, 0, 'M'),
(1685, 0, 'M'),
(1686, 0, 'M'),
(1687, 0, 'M'),
(1688, 0, 'M'),
(1689, 0, 'M'),
(1690, 0, 'M'),
(1691, 0, 'M'),
(1692, 0, 'M'),
(1693, 0, 'M'),
(1694, 0, 'M'),
(1695, 0, 'M'),
(1696, 0, 'M'),
(1697, 0, 'M'),
(1698, 0, 'M'),
(1699, 0, 'M'),
(1700, 0, 'M'),
(1701, 0, 'M'),
(1702, 0, 'M'),
(1703, 0, 'M'),
(1704, 0, 'M'),
(1705, 0, 'M'),
(1706, 0, 'M'),
(1707, 0, 'M'),
(1708, 0, 'M'),
(1709, 0, 'M'),
(1710, 0, 'M'),
(1711, 0, 'M'),
(1712, 0, 'M'),
(1713, 0, 'M'),
(1714, 0, 'M'),
(1715, 0, 'M'),
(1716, 0, 'M'),
(1717, 0, 'M'),
(1718, 0, 'M'),
(1719, 0, 'M'),
(1720, 0, 'M'),
(1721, 0, 'M'),
(1722, 0, 'M'),
(1723, 0, 'M'),
(1724, 0, 'M'),
(1725, 0, 'M'),
(1726, 0, 'M'),
(1727, 0, 'M'),
(1728, 0, 'M'),
(1729, 0, 'M'),
(1730, 0, 'M'),
(1731, 0, 'M'),
(1732, 0, 'M'),
(1733, 0, 'M'),
(1734, 0, 'M'),
(1735, 0, 'M'),
(1736, 0, 'M'),
(1737, 0, 'M'),
(1738, 0, 'M'),
(1739, 0, 'M'),
(1740, 0, 'M'),
(1741, 0, 'M'),
(1742, 0, 'M'),
(1743, 0, 'M'),
(1744, 0, 'M'),
(1745, 0, 'M'),
(1746, 0, 'M'),
(1747, 0, 'M'),
(1748, 0, 'M'),
(1749, 0, 'M'),
(1750, 0, 'M'),
(1751, 0, 'M'),
(1752, 0, 'M'),
(1753, 0, 'M'),
(1754, 0, 'M'),
(1755, 0, 'M'),
(1756, 0, 'M'),
(1757, 0, 'M'),
(1758, 0, 'M'),
(1759, 0, 'M'),
(1760, 0, 'M'),
(1761, 0, 'M'),
(1762, 0, 'M'),
(1763, 0, 'M'),
(1764, 0, 'M'),
(1765, 0, 'M'),
(1766, 0, 'M'),
(1767, 0, 'M'),
(1768, 0, 'M'),
(1769, 0, 'M'),
(1770, 0, 'M'),
(1771, 0, 'M'),
(1772, 0, 'M'),
(1773, 0, 'M'),
(1774, 0, 'M'),
(1775, 0, 'M'),
(1776, 0, 'M'),
(1777, 0, 'M'),
(1778, 0, 'M'),
(1779, 0, 'M'),
(1780, 0, 'M'),
(1781, 0, 'M'),
(1782, 0, 'M'),
(1783, 0, 'M'),
(1784, 0, 'M'),
(1785, 0, 'M'),
(1786, 0, 'M'),
(1787, 0, 'M'),
(1788, 0, 'M'),
(1789, 0, 'M'),
(1790, 0, 'M'),
(1791, 0, 'M'),
(1792, 0, 'M'),
(1793, 0, 'M'),
(1794, 0, 'M'),
(1795, 0, 'M'),
(1796, 0, 'M'),
(1797, 0, 'M'),
(1798, 0, 'M'),
(1799, 0, 'M'),
(1800, 0, 'M'),
(1801, 0, 'M'),
(1802, 0, 'M'),
(1803, 0, 'M'),
(1804, 0, 'M'),
(1805, 0, 'M'),
(1806, 0, 'M'),
(1807, 0, 'M'),
(1808, 0, 'M'),
(1809, 0, 'M'),
(1810, 0, 'M'),
(1811, 0, 'M'),
(1812, 0, 'M'),
(1813, 0, 'M'),
(1814, 0, 'M'),
(1815, 0, 'M'),
(1816, 0, 'M'),
(1817, 0, 'M'),
(1818, 0, 'M'),
(1819, 0, 'M'),
(1820, 0, 'M'),
(1821, 0, 'M'),
(1822, 0, 'M'),
(1823, 0, 'M'),
(1824, 0, 'M'),
(1825, 0, 'M'),
(1826, 0, 'M'),
(1827, 0, 'M'),
(1828, 0, 'M'),
(1829, 0, 'M'),
(1830, 0, 'M'),
(1831, 0, 'M'),
(1832, 0, 'M'),
(1833, 0, 'M'),
(1834, 0, 'M'),
(1835, 0, 'M'),
(1836, 0, 'M'),
(1837, 0, 'M'),
(1838, 0, 'M'),
(1839, 0, 'M'),
(1840, 0, 'M'),
(1841, 0, 'M'),
(1842, 0, 'M'),
(1843, 0, 'M'),
(1844, 0, 'M'),
(1845, 0, 'M'),
(1846, 0, 'M'),
(1847, 0, 'M'),
(1848, 0, 'M'),
(1849, 0, 'M'),
(1850, 0, 'M'),
(1851, 0, 'M'),
(1852, 0, 'M'),
(1853, 0, 'M'),
(1854, 0, 'M'),
(1855, 0, 'M'),
(1856, 0, 'M'),
(1857, 0, 'M'),
(1858, 0, 'M'),
(1859, 0, 'M'),
(1860, 0, 'M'),
(1861, 0, 'M'),
(1862, 0, 'M'),
(1863, 0, 'M'),
(1864, 0, 'M'),
(1865, 0, 'M'),
(1866, 0, 'M'),
(1867, 0, 'M'),
(1868, 0, 'M'),
(1869, 0, 'M'),
(1870, 0, 'M'),
(1871, 0, 'M'),
(1872, 0, 'M'),
(1873, 0, 'M'),
(1874, 0, 'M'),
(1875, 0, 'M'),
(1876, 0, 'M'),
(1877, 0, 'M'),
(1878, 0, 'M'),
(1879, 0, 'M'),
(1880, 0, 'M'),
(1881, 0, 'M'),
(1882, 0, 'M'),
(1883, 0, 'M'),
(1884, 0, 'M'),
(1885, 0, 'M'),
(1886, 0, 'M'),
(1887, 0, 'M'),
(1888, 0, 'M'),
(1889, 0, 'M'),
(1890, 0, 'M'),
(1891, 0, 'M'),
(1892, 0, 'M'),
(1893, 0, 'M'),
(1894, 0, 'M'),
(1895, 0, 'M'),
(1896, 0, 'M'),
(1897, 0, 'M'),
(1898, 0, 'M'),
(1899, 0, 'M'),
(1900, 0, 'M'),
(1901, 0, 'M'),
(1902, 0, 'M'),
(1903, 0, 'M'),
(1904, 0, 'M'),
(1905, 0, 'M'),
(1906, 0, 'M'),
(1907, 0, 'M'),
(1908, 0, 'M'),
(1909, 0, 'M'),
(1910, 0, 'M'),
(1911, 0, 'M'),
(1912, 0, 'M'),
(1913, 0, 'M'),
(1914, 0, 'M'),
(1915, 0, 'M'),
(1916, 0, 'M'),
(1917, 0, 'M'),
(1918, 0, 'M'),
(1919, 0, 'M'),
(1920, 0, 'M'),
(1921, 0, 'M'),
(1922, 0, 'M'),
(1923, 0, 'M'),
(1924, 0, 'M'),
(1925, 0, 'M'),
(1926, 0, 'M'),
(1927, 0, 'M'),
(1928, 0, 'M'),
(1929, 0, 'M'),
(1930, 0, 'M'),
(1931, 0, 'M'),
(1932, 0, 'M'),
(1933, 0, 'M'),
(1934, 0, 'M'),
(1935, 0, 'M'),
(1936, 0, 'M'),
(1937, 0, 'M'),
(1938, 0, 'M'),
(1939, 0, 'M'),
(1940, 0, 'M'),
(1941, 0, 'M'),
(1942, 0, 'M'),
(1943, 0, 'M'),
(1944, 0, 'M'),
(1945, 0, 'M'),
(1946, 0, 'M'),
(1947, 0, 'M'),
(1948, 0, 'M'),
(1949, 0, 'M'),
(1950, 0, 'M'),
(1951, 0, 'M'),
(1952, 0, 'M'),
(1953, 0, 'M'),
(1954, 0, 'M'),
(1955, 0, 'M'),
(1956, 0, 'M'),
(1957, 0, 'M'),
(1958, 0, 'M'),
(1959, 0, 'M'),
(1960, 0, 'M'),
(1961, 0, 'M'),
(1962, 0, 'M'),
(1963, 0, 'M'),
(1964, 0, 'M'),
(1965, 0, 'M'),
(1966, 0, 'M'),
(1967, 0, 'M'),
(1968, 0, 'M'),
(1969, 0, 'M'),
(1970, 0, 'M'),
(1971, 0, 'M'),
(1972, 0, 'M'),
(1973, 0, 'M'),
(1974, 0, 'M'),
(1975, 0, 'M'),
(1976, 0, 'M'),
(1977, 0, 'M'),
(1978, 0, 'M'),
(1979, 0, 'M'),
(1980, 0, 'M'),
(1981, 0, 'M'),
(1982, 0, 'M'),
(1983, 0, 'M'),
(1984, 0, 'M'),
(1985, 0, 'M'),
(1986, 0, 'M'),
(1987, 0, 'M'),
(1988, 0, 'M'),
(1989, 0, 'M'),
(1990, 0, 'M'),
(1991, 0, 'M'),
(1992, 0, 'M'),
(1993, 0, 'M'),
(1994, 0, 'M'),
(1995, 0, 'M'),
(1996, 0, 'M'),
(1997, 0, 'M'),
(1998, 0, 'M'),
(1999, 0, 'M'),
(2001, 0, 'M'),
(2002, 0, 'M'),
(2003, 0, 'M'),
(2004, 0, 'M'),
(2005, 0, 'M'),
(2006, 0, 'M'),
(2007, 0, 'M'),
(2008, 0, 'M'),
(2009, 0, 'M'),
(2010, 0, 'M'),
(2011, 0, 'M'),
(2012, 0, 'M'),
(2013, 0, 'M'),
(2014, 0, 'M'),
(2015, 0, 'M'),
(2016, 0, 'M'),
(2017, 0, 'M'),
(2018, 0, 'M'),
(2019, 0, 'M'),
(2020, 0, 'M'),
(2021, 0, 'M'),
(2022, 0, 'M'),
(2023, 4, 'S'),
(2023, 1, 'M'),
(2024, 4, 'S'),
(2024, 18, 'M'),
(2024, 1, 'S'),
(2025, 1, 'S'),
(2025, 4, 'M'),
(2026, 1, 'S'),
(2026, 4, 'M'),
(2027, 4, 'M'),
(2027, 1, 'S'),
(2028, 1, 'S'),
(2028, 4, 'M'),
(2029, 1, 'S'),
(2029, 4, 'M'),
(2030, 1, 'S'),
(2030, 4, 'M'),
(2031, 4, 'M'),
(2031, 1, 'S'),
(2032, 1, 'S'),
(2032, 4, 'M'),
(2033, 1, 'S'),
(2033, 4, 'M'),
(2034, 4, 'S'),
(2034, 1, 'S'),
(2034, 27, 'M'),
(2035, 12, 'M'),
(2035, 1, 'S'),
(2036, 3, 'M'),
(2036, 20, 'S'),
(2037, 3, 'M'),
(2037, 20, 'S'),
(2038, 20, 'M'),
(2039, 20, 'M'),
(2040, 20, 'M'),
(2041, 20, 'M'),
(2042, 20, 'M'),
(2043, 20, 'M'),
(2044, 20, 'S'),
(2045, 20, 'M'),
(2046, 20, 'M'),
(2047, 20, 'M'),
(2048, 20, 'M'),
(2049, 20, 'M'),
(2050, 20, 'M'),
(2051, 20, 'M'),
(2052, 1, 'S'),
(2052, 4, 'M'),
(2053, 4, 'M'),
(2053, 1, 'S'),
(2054, 4, 'M'),
(2054, 1, 'S'),
(2055, 1, 'S'),
(2055, 4, 'M'),
(2056, 1, 'S'),
(2056, 4, 'M'),
(2057, 4, 'S'),
(2057, 1, 'S'),
(2057, 18, 'M'),
(2058, 4, 'S'),
(2058, 1, 'S'),
(2058, 18, 'M'),
(2059, 1, 'S'),
(2059, 12, 'M'),
(2060, 4, 'S'),
(2060, 1, 'S'),
(2060, 27, 'M'),
(2061, 4, 'S'),
(2061, 1, 'M'),
(2061, 27, 'S'),
(2062, 1, 'S'),
(2062, 12, 'M'),
(2063, 4, 'S'),
(2063, 1, 'S'),
(2063, 11, 'M'),
(2064, 4, 'S'),
(2064, 1, 'S'),
(2064, 11, 'M'),
(2065, 4, 'S'),
(2065, 1, 'S'),
(2065, 11, 'M'),
(2066, 4, 'S'),
(2066, 1, 'S'),
(2066, 12, 'M'),
(2067, 4, 'S'),
(2067, 1, 'S'),
(2067, 11, 'M'),
(2068, 20, 'M'),
(2069, 20, 'M'),
(2070, 20, 'M'),
(2071, 20, 'M'),
(2072, 20, 'M'),
(2073, 20, 'M'),
(2074, 20, 'M'),
(2075, 20, 'M'),
(2076, 20, 'M'),
(2077, 20, 'M'),
(2078, 20, 'M'),
(2079, 20, 'M'),
(2080, 20, 'M'),
(2081, 20, 'M'),
(2082, 20, 'M'),
(2083, 20, 'M'),
(2084, 20, 'M'),
(2085, 20, 'M'),
(2086, 20, 'M'),
(2087, 20, 'M'),
(2088, 20, 'M'),
(2089, 20, 'M'),
(2090, 20, 'M'),
(2091, 20, 'M'),
(2092, 20, 'M'),
(2093, 20, 'M'),
(2094, 20, 'M'),
(2095, 20, 'M'),
(2096, 20, 'M'),
(2097, 20, 'M'),
(2098, 20, 'M'),
(2099, 20, 'M'),
(2100, 20, 'M'),
(2101, 20, 'M'),
(2102, 20, 'M'),
(2103, 20, 'M'),
(2104, 20, 'M'),
(2105, 20, 'M'),
(2106, 20, 'M'),
(2107, 20, 'M'),
(2108, 20, 'M'),
(2109, 20, 'M'),
(2110, 4, 'S'),
(2110, 1, 'S'),
(2110, 11, 'M'),
(2111, 1, 'S'),
(2111, 4, 'M'),
(2112, 1, 'S'),
(2112, 4, 'M'),
(2113, 1, 'S'),
(2113, 4, 'M'),
(2114, 4, 'S'),
(2114, 1, 'M'),
(2115, 4, 'M'),
(2115, 1, 'S'),
(2116, 1, 'S'),
(2116, 4, 'M'),
(2117, 1, 'S'),
(2117, 23, 'M'),
(2118, 1, 'S'),
(2118, 4, 'M'),
(2119, 1, 'S'),
(2119, 4, 'M'),
(2120, 1, 'S'),
(2120, 4, 'M'),
(2121, 1, 'S'),
(2121, 4, 'M'),
(2122, 1, 'S'),
(2122, 4, 'M'),
(2123, 1, 'M'),
(2123, 4, 'S'),
(2124, 1, 'S'),
(2124, 4, 'S'),
(2124, 11, 'M'),
(2125, 1, 'S'),
(2125, 4, 'S'),
(2125, 23, 'M'),
(2126, 1, 'S'),
(2126, 4, 'S'),
(2126, 23, 'M'),
(2127, 4, 'S'),
(2127, 1, 'M'),
(2127, 27, 'S'),
(2128, 12, 'M'),
(2128, 4, 'S'),
(2128, 1, 'S'),
(2129, 12, 'M'),
(2129, 4, 'S'),
(2129, 1, 'S'),
(2130, 1, 'S'),
(2130, 22, 'M'),
(2131, 1, 'S'),
(2131, 4, 'M'),
(2132, 1, 'S'),
(2132, 4, 'S'),
(2132, 18, 'M'),
(2133, 1, 'S'),
(2133, 4, 'M'),
(2134, 25, 'M'),
(2135, 25, 'M'),
(2136, 25, 'M'),
(2137, 25, 'S'),
(2138, 25, 'M'),
(2139, 25, 'M'),
(2140, 25, 'M'),
(2141, 25, 'M'),
(2142, 25, 'M'),
(2143, 25, 'M'),
(2144, 1, 'S'),
(2144, 4, 'S'),
(2144, 18, 'M'),
(2145, 1, 'S'),
(2145, 4, 'M'),
(2146, 1, 'S'),
(2146, 4, 'S'),
(2146, 18, 'M'),
(2147, 1, 'S'),
(2147, 4, 'M'),
(2148, 1, 'S'),
(2148, 4, 'S'),
(2148, 18, 'M'),
(2149, 1, 'S'),
(2149, 4, 'M'),
(2150, 1, 'S'),
(2150, 4, 'S'),
(2150, 18, 'S'),
(2151, 1, 'S'),
(2151, 4, 'S'),
(2151, 18, 'M'),
(2152, 1, 'S'),
(2152, 4, 'M'),
(2153, 1, 'S'),
(2153, 4, 'S'),
(2153, 18, 'M'),
(2154, 20, 'M'),
(2155, 1, 'S'),
(2155, 4, 'M'),
(2156, 20, 'M'),
(2157, 1, 'S'),
(2157, 4, 'S'),
(2157, 18, 'M'),
(2158, 1, 'S'),
(2158, 4, 'S'),
(2159, 1, 'S'),
(2159, 4, 'M'),
(2160, 20, 'S'),
(2161, 20, 'M'),
(2162, 20, 'M'),
(2163, 20, 'M'),
(2164, 1, 'S'),
(2164, 4, 'S'),
(2164, 18, 'M'),
(2165, 20, 'M'),
(2166, 1, 'S'),
(2166, 4, 'S'),
(2166, 18, 'M'),
(2167, 20, 'M'),
(2168, 20, 'M'),
(2169, 4, 'S'),
(2169, 1, 'S'),
(2169, 18, 'M'),
(2170, 1, 'S'),
(2170, 4, 'S'),
(2170, 18, 'S'),
(2171, 1, 'S'),
(2171, 4, 'S'),
(2171, 18, 'M'),
(2172, 1, 'S'),
(2172, 4, 'M'),
(2173, 4, 'S'),
(2173, 1, 'S'),
(2173, 18, 'M'),
(2177, 1, 'S'),
(2177, 4, 'M'),
(2175, 1, 'S'),
(2175, 4, 'M'),
(2176, 0, 'M'),
(2178, 1, 'S'),
(2178, 4, 'S'),
(2178, 11, 'M'),
(2179, 1, 'S'),
(2179, 4, 'S'),
(2179, 11, 'M'),
(2180, 1, 'M'),
(2180, 4, 'S'),
(2181, 1, 'M'),
(2181, 4, 'S'),
(2182, 1, 'S'),
(2182, 4, 'M'),
(2183, 1, 'S'),
(2183, 4, 'S'),
(2183, 23, 'M'),
(2184, 1, 'S'),
(2184, 4, 'S'),
(2184, 26, 'M'),
(2185, 1, 'S'),
(2185, 4, 'S'),
(2185, 26, 'M'),
(2185, 23, 'S'),
(2186, 1, 'S'),
(2186, 4, 'S'),
(2186, 23, 'M'),
(2187, 1, 'S'),
(2187, 4, 'S'),
(2187, 23, 'M'),
(2188, 1, 'S'),
(2188, 4, 'S'),
(2188, 23, 'M'),
(2189, 1, 'S'),
(2189, 4, 'S'),
(2189, 23, 'M'),
(2190, 1, 'S'),
(2190, 4, 'S'),
(2190, 23, 'M'),
(2191, 1, 'S'),
(2191, 4, 'S'),
(2191, 26, 'M'),
(2191, 23, 'S'),
(2192, 1, 'S'),
(2192, 22, 'M'),
(2193, 1, 'S'),
(2193, 7, 'M'),
(2194, 1, 'S'),
(2194, 7, 'M'),
(2195, 1, 'S'),
(2195, 4, 'S'),
(2195, 11, 'M'),
(2196, 1, 'S'),
(2196, 4, 'S'),
(2196, 27, 'M'),
(2197, 1, 'S'),
(2197, 4, 'S'),
(2197, 27, 'M'),
(2198, 4, 'S'),
(2198, 1, 'S'),
(2198, 12, 'M'),
(2199, 12, 'M'),
(2199, 1, 'S'),
(2200, 1, 'S'),
(2200, 4, 'S'),
(2200, 11, 'M'),
(2201, 1, 'S'),
(2201, 4, 'M'),
(2202, 1, 'S'),
(2202, 4, 'M'),
(2203, 1, 'S'),
(2203, 4, 'M'),
(2204, 1, 'S'),
(2204, 4, 'M'),
(2205, 1, 'S'),
(2205, 12, 'M'),
(2206, 1, 'S'),
(2206, 12, 'M'),
(2207, 1, 'S'),
(2207, 4, 'M'),
(2208, 1, 'S'),
(2208, 4, 'S'),
(2208, 12, 'M'),
(2209, 1, 'S'),
(2209, 4, 'S'),
(2209, 27, 'M'),
(2210, 1, 'S'),
(2210, 7, 'M'),
(2198, 27, 'S'),
(2035, 27, 'S'),
(2066, 27, 'S'),
(2128, 27, 'S'),
(2062, 27, 'S'),
(2129, 27, 'S'),
(2211, 1, 'S'),
(2211, 4, 'M'),
(2212, 1, 'S'),
(2212, 4, 'M'),
(2213, 1, 'S'),
(2213, 4, 'M'),
(2214, 1, 'S'),
(2214, 4, 'M'),
(2215, 1, 'S'),
(2215, 4, 'M'),
(2216, 1, 'S'),
(2216, 4, 'M'),
(2217, 25, 'M'),
(2218, 25, 'M'),
(2219, 25, 'M'),
(2220, 25, 'M'),
(2221, 25, 'M'),
(2222, 25, 'M'),
(2223, 25, 'M'),
(2224, 25, 'M'),
(2225, 25, 'M'),
(2226, 1, 'S'),
(2226, 4, 'M'),
(2227, 1, 'S'),
(2227, 4, 'M'),
(2228, 1, 'S'),
(2228, 4, 'M'),
(2229, 1, 'S'),
(2229, 4, 'M'),
(2230, 4, 'S'),
(2230, 1, 'S'),
(2230, 18, 'M'),
(2231, 1, 'S'),
(2231, 4, 'S'),
(2231, 11, 'M'),
(2232, 1, 'S'),
(2232, 4, 'M'),
(2233, 1, 'S'),
(2233, 4, 'M'),
(2234, 1, 'S'),
(2234, 4, 'M'),
(2235, 1, 'S'),
(2235, 4, 'M'),
(2236, 1, 'S'),
(2236, 4, 'M'),
(2237, 1, 'S'),
(2237, 4, 'S'),
(2237, 11, 'M'),
(2238, 1, 'S'),
(2238, 4, 'M'),
(2239, 1, 'S'),
(2239, 4, 'M'),
(2240, 1, 'S'),
(2240, 12, 'M'),
(2241, 1, 'S'),
(2241, 12, 'M'),
(2242, 1, 'S'),
(2242, 12, 'M'),
(2243, 1, 'S'),
(2243, 12, 'M'),
(2244, 1, 'S'),
(2244, 4, 'S'),
(2244, 12, 'S'),
(2244, 27, 'M'),
(2245, 1, 'S'),
(2245, 4, 'S'),
(2245, 11, 'M'),
(2246, 1, 'S'),
(2246, 4, 'M'),
(2247, 1, 'S'),
(2247, 4, 'M'),
(2248, 4, 'S'),
(2248, 1, 'S'),
(2248, 27, 'M'),
(2249, 1, 'S'),
(2249, 12, 'M'),
(2250, 27, 'M'),
(2250, 1, 'S'),
(2251, 4, 'S'),
(2251, 1, 'S'),
(2251, 27, 'M'),
(2252, 1, 'S'),
(2252, 12, 'M'),
(2253, 1, 'S'),
(2253, 4, 'M'),
(2254, 1, 'S'),
(2254, 4, 'M'),
(2255, 1, 'S'),
(2255, 4, 'S'),
(2255, 18, 'M'),
(2256, 1, 'M'),
(2256, 12, 'S'),
(2257, 1, 'S'),
(2257, 12, 'M'),
(2258, 1, 'S'),
(2258, 12, 'M'),
(2259, 1, 'S'),
(2259, 11, 'M'),
(2259, 23, 'S'),
(2260, 7, 'M'),
(2261, 7, 'M');

-- --------------------------------------------------------

--
-- Структура таблицы `catalog_product_features`
--

DROP TABLE IF EXISTS `catalog_product_features`;
CREATE TABLE IF NOT EXISTS `catalog_product_features` (
  `feature_id` mediumint(8) unsigned NOT NULL AUTO_INCREMENT,
  `feature_type` char(1) NOT NULL DEFAULT 'T',
  `categories_path` text NOT NULL,
  `parent_id` mediumint(8) unsigned NOT NULL DEFAULT '0',
  `display_on_product` tinyint(1) unsigned NOT NULL DEFAULT '1',
  `display_on_catalog` tinyint(1) unsigned NOT NULL DEFAULT '1',
  `status` char(1) NOT NULL DEFAULT 'A',
  `position` smallint(5) unsigned NOT NULL DEFAULT '0',
  `comparison` char(1) NOT NULL DEFAULT 'N',
  PRIMARY KEY (`feature_id`),
  KEY `status` (`status`)
) ENGINE=MyISAM  DEFAULT CHARSET=utf8 AUTO_INCREMENT=47 ;

--
-- Дамп данных таблицы `catalog_product_features`
--

INSERT INTO `catalog_product_features` (`feature_id`, `feature_type`, `categories_path`, `parent_id`, `display_on_product`, `display_on_catalog`, `status`, `position`, `comparison`) VALUES
(1, 'T', '', 0, 1, 1, 'A', 0, 'N'),
(2, 'T', '', 0, 0, 0, 'A', 1, 'N'),
(3, 'T', '1,7,4,8,10,11,12,13', 0, 0, 0, 'A', 1, 'N'),
(4, 'T', '1,7', 0, 0, 0, 'A', 2, 'N'),
(25, 'T', '1,7,4,8,10,11,12,13', 3, 1, 1, 'A', 7, 'N'),
(8, 'T', '7', 4, 0, 0, 'A', 4, 'N'),
(24, 'T', '1,7,4,8,10,11,12,13', 3, 1, 1, 'A', 8, 'N'),
(13, 'T', '1,7,4,8,10,11,12,13', 3, 0, 0, 'A', 3, 'N'),
(15, 'T', '1,7,4,8,10,11,12,13', 3, 1, 1, 'A', 5, 'N'),
(27, 'M', '1,7,4,8,10,11,12,13', 3, 1, 1, 'A', 0, 'N'),
(26, 'T', '1,7,4,8,10,11,12,13', 3, 1, 1, 'A', 9, 'N'),
(28, 'T', '1,7,4,8,10,11,12,13', 3, 1, 1, 'A', 10, 'N'),
(29, 'T', '1,7,4,8,10,11,12,13', 3, 1, 1, 'A', 11, 'N'),
(30, 'T', '1,7,4,8,10,11,12,13', 3, 1, 1, 'A', 12, 'N'),
(31, 'T', '1,7,4,8,10,11,12,13', 3, 1, 1, 'A', 13, 'N'),
(32, 'T', '1,7,4,8,10,11,12,13', 3, 1, 1, 'A', 14, 'N'),
(33, 'T', '1,7,4,8,10,11,12,13', 3, 1, 1, 'A', 15, 'N'),
(34, 'T', '1,7,4,8,10,11,12,13', 3, 1, 1, 'A', 18, 'N'),
(35, 'T', '1,7,4,8,10,11,12,13', 3, 1, 1, 'A', 19, 'N'),
(36, 'T', '1,7,4,8,10,11,12,13', 3, 1, 1, 'A', 20, 'N'),
(37, 'T', '1,7,4,8,10,11,12,13', 3, 1, 1, 'A', 21, 'N'),
(38, 'T', '1,7,4,8,10,11,12,13', 3, 1, 1, 'A', 22, 'N'),
(39, 'T', '1,7,4,8,10,11,12,13', 3, 1, 1, 'A', 23, 'N'),
(40, 'N', '1,7,4,8,10,11,12,13', 3, 1, 1, 'A', 1, 'N'),
(41, 'M', '1,7,4,8,10,11,12,13', 3, 1, 1, 'A', 4, 'N'),
(42, 'T', '1,7,4,8,10,11,12,13', 3, 1, 1, 'A', 16, 'N'),
(43, 'M', '1,7,4,8,10,11,12,13', 3, 1, 1, 'A', 2, 'N'),
(45, 'M', '1,7,4,8,10,11,12,13', 3, 1, 1, 'A', 17, 'N'),
(46, 'M', '1,7,4,8,10,11,12,13', 3, 1, 1, 'A', 6, 'N');

-- --------------------------------------------------------

--
-- Структура таблицы `catalog_product_features_translation`
--

DROP TABLE IF EXISTS `catalog_product_features_translation`;
CREATE TABLE IF NOT EXISTS `catalog_product_features_translation` (
  `feature_id` mediumint(8) unsigned NOT NULL DEFAULT '0',
  `name` varchar(255) NOT NULL DEFAULT '',
  `description` mediumtext NOT NULL,
  `prefix` varchar(128) DEFAULT NULL,
  `suffix` varchar(128) DEFAULT NULL,
  `language_code` varchar(2) NOT NULL,
  PRIMARY KEY (`feature_id`,`language_code`)
) ENGINE=MyISAM DEFAULT CHARSET=utf8;

--
-- Дамп данных таблицы `catalog_product_features_translation`
--

INSERT INTO `catalog_product_features_translation` (`feature_id`, `name`, `description`, `prefix`, `suffix`, `language_code`) VALUES
(3, 'Велосипед общая', 'Велосипед общая', NULL, NULL, 'ru'),
(4, 'Двухподвесы', 'Двухподвесы', NULL, NULL, 'ru'),
(27, 'Класс', 'Вид/Класс', NULL, NULL, 'ru'),
(26, 'Покрышки', 'Покрышки', NULL, NULL, 'ru'),
(8, 'Задний амортизатор', 'Задний амортизатор', NULL, NULL, 'ru'),
(9, 'Размер рамы', 'Размер рамы', NULL, NULL, 'ru'),
(25, 'Обода', 'Обода', NULL, NULL, 'ru'),
(24, 'Задний амортизатор', '', NULL, NULL, 'ru'),
(13, 'Рама', 'Рама', NULL, NULL, 'ru'),
(14, 'Цвет рамы', 'Цвет рамы', NULL, NULL, 'ru'),
(15, 'Вилка', 'Вилка', NULL, NULL, 'ru'),
(16, 'Руль', 'Руль', NULL, NULL, 'ru'),
(17, 'Манетки', 'Манетки', NULL, NULL, 'ru'),
(18, 'Система', 'Система', NULL, NULL, 'ru'),
(19, 'Задняя втулка', 'Задняя втулка', NULL, NULL, 'ru'),
(20, 'Задний переключатель', '', NULL, NULL, 'ru'),
(21, 'Задний переключатель', '', NULL, NULL, 'ru'),
(22, 'Задний переключатель', '', NULL, NULL, 'ru'),
(23, 'Задняя втулка', '', NULL, NULL, 'ru'),
(28, 'Втулки', 'Втулки', NULL, NULL, 'ru'),
(29, 'Манетки', 'Манетки', NULL, NULL, 'ru'),
(30, 'Передний переключатель', 'Передний переключатель', NULL, NULL, 'ru'),
(31, 'Задний переключатель', 'Задний переключатель', NULL, NULL, 'ru'),
(32, 'Система', 'Система', NULL, NULL, 'ru'),
(33, 'Педали', 'Педали', NULL, NULL, 'ru'),
(34, 'Тормоза', 'Тормоза', NULL, NULL, 'ru'),
(35, 'Седло', 'Седло', NULL, NULL, 'ru'),
(36, 'Подседельный штырь', 'Подседельный штырь', NULL, NULL, 'ru'),
(37, 'Вынос', 'Вынос', NULL, NULL, 'ru'),
(38, 'Руль', 'Руль', NULL, NULL, 'ru'),
(39, 'Рулевая колонка', 'Рулевая колонка', NULL, NULL, 'ru'),
(40, 'Год выпуска', 'Год выпуска', NULL, NULL, 'ru'),
(41, 'Размер рамы', '', NULL, NULL, 'ru'),
(42, 'Кассета', 'Кассета', NULL, NULL, 'ru'),
(43, 'Назначение', '', NULL, NULL, 'ru'),
(44, 'Тип тормозов', 'Тип тормозов', NULL, NULL, 'ru'),
(45, 'Тип тормозов', '', NULL, NULL, 'ru'),
(46, 'Диаметр колеса', 'Диаметр колеса', NULL, NULL, 'ru');

-- --------------------------------------------------------

--
-- Структура таблицы `catalog_product_features_values`
--

DROP TABLE IF EXISTS `catalog_product_features_values`;
CREATE TABLE IF NOT EXISTS `catalog_product_features_values` (
  `feature_id` mediumint(8) unsigned NOT NULL DEFAULT '0',
  `product_id` mediumint(8) unsigned NOT NULL DEFAULT '0',
  `variant_id` mediumint(8) unsigned DEFAULT NULL,
  `value` varchar(255) NOT NULL DEFAULT '',
  `value_int` int(11) unsigned DEFAULT NULL,
  `language_code` varchar(2) NOT NULL,
  KEY `fl` (`feature_id`,`language_code`,`variant_id`,`value`,`value_int`),
  KEY `variant_id` (`variant_id`),
  KEY `language_code` (`language_code`),
  KEY `product_id` (`product_id`),
  KEY `fpl` (`feature_id`,`product_id`,`language_code`)
) ENGINE=MyISAM DEFAULT CHARSET=utf8;

--
-- Дамп данных таблицы `catalog_product_features_values`
--

INSERT INTO `catalog_product_features_values` (`feature_id`, `product_id`, `variant_id`, `value`, `value_int`, `language_code`) VALUES
(13, 2023, 0, 'аааа', NULL, 'ru'),
(27, 2023, 25, '', NULL, 'ru'),
(27, 2023, 24, '', NULL, 'ru'),
(27, 2023, 23, '', NULL, 'ru'),
(27, 2023, 21, '', NULL, 'ru'),
(27, 2023, 17, '', NULL, 'ru'),
(15, 2023, 0, 'аааа', NULL, 'ru'),
(25, 2023, 0, 'аааа', NULL, 'ru'),
(24, 2023, 0, 'ааа', NULL, 'ru'),
(26, 2023, 0, 'аааа', NULL, 'ru'),
(39, 2024, 0, '1-1/8', NULL, 'ru'),
(39, 2025, 0, '1-1/8', NULL, 'ru'),
(38, 2024, 0, 'Bontrager Low Riser, 31.8mm, 5mm rise, 9 degree sweep', NULL, 'ru'),
(37, 2024, 0, 'Bontrager SSR, 31.8mm, 10 degree', NULL, 'ru'),
(36, 2024, 0, 'Bontrager SSR, 27.2mm, 12mm offset', NULL, 'ru'),
(35, 2024, 0, 'Bontrager Evoke 1', NULL, 'ru'),
(34, 2024, 0, 'Tektro Novela Mechanical Disc', NULL, 'ru'),
(45, 2024, 73, '', NULL, 'ru'),
(42, 2024, 0, 'Shimano HG31 11-34, 8 speed', NULL, 'ru'),
(33, 2024, 0, 'Wellgo nylon platform', NULL, 'ru'),
(32, 2024, 0, 'Shimano M171, 42/34/24', NULL, 'ru'),
(31, 2024, 0, 'Shimano Acera', NULL, 'ru'),
(30, 2024, 0, 'Shimano Altus', NULL, 'ru'),
(29, 2024, 0, 'Shimano Altus, 8 speed', NULL, 'ru'),
(28, 2024, 0, 'Formula DC20 (перед.);', NULL, 'ru'),
(46, 2024, 83, '', NULL, 'ru'),
(25, 2024, 0, 'Formula DC22 (задн.) Обода Bontrager AT-650 32-отв. двойной', NULL, 'ru'),
(26, 2024, 0, 'Bontrager 29-1, 29x2.0', NULL, 'ru'),
(15, 2024, 0, 'SR Suntour XCT V4, preload, custom G2 Geometry, 51mm offset, 100mm хода', NULL, 'ru'),
(13, 2024, 0, 'Alpha Gold Aluminum, батированные и гидроформованые трубы, G2 Geometry', NULL, 'ru'),
(41, 2024, 50, '', NULL, 'ru'),
(41, 2024, 47, '', NULL, 'ru'),
(41, 2024, 43, '', NULL, 'ru'),
(32, 2211, 0, 'PROWHEEL (42x34x24)', NULL, 'ru'),
(43, 2025, 59, '', NULL, 'ru'),
(13, 2025, 0, 'Alpha Silver Aluminum, облегченная рулевая труба, двухосевая нижняя труба, возможна установка дисковых тормозов, сменный крюк заднего переключателя', NULL, 'ru'),
(38, 2025, 0, 'Bontrager Riser, 25.4mm, 30mm rise', NULL, 'ru'),
(37, 2025, 0, 'Bontrager Approved, 25.4mm, 25 degree', NULL, 'ru'),
(36, 2025, 0, 'Bontrager SSR, 31.6mm, 20mm offset', NULL, 'ru'),
(35, 2025, 0, 'Bontrager SSR', NULL, 'ru'),
(34, 2025, 0, 'Tektro V-brake', NULL, 'ru'),
(45, 2025, 74, '', NULL, 'ru'),
(31, 2025, 0, 'Shimano Tourney', NULL, 'ru'),
(32, 2025, 0, 'Shimano M131, 48/38/28', NULL, 'ru'),
(33, 2025, 0, 'Wellgo nylon platform', NULL, 'ru'),
(29, 2025, 0, 'Shimano Tourney, 7 speed', NULL, 'ru'),
(30, 2025, 0, 'Shimano Tourney', NULL, 'ru'),
(28, 2025, 0, 'Formula FM21 (перед.); Formula FM 31 (задн.) ', NULL, 'ru'),
(26, 2025, 0, 'Bontrager LT3, 26x2.0', NULL, 'ru'),
(41, 2025, 54, '', NULL, 'ru'),
(41, 2025, 55, '', NULL, 'ru'),
(41, 2025, 48, '', NULL, 'ru'),
(41, 2025, 50, '', NULL, 'ru'),
(27, 2026, 17, '', NULL, 'ru'),
(40, 2026, 39, '', NULL, 'ru'),
(41, 2026, 53, '', NULL, 'ru'),
(41, 2026, 54, '', NULL, 'ru'),
(41, 2026, 55, '', NULL, 'ru'),
(41, 2026, 48, '', NULL, 'ru'),
(41, 2026, 50, '', NULL, 'ru'),
(41, 2026, 56, '', NULL, 'ru'),
(13, 2026, 0, 'Alpha Silver Aluminum, облегченная рулевая труба, двухосевая нижняя труба, возможна установка дисковых тормозов, сменный крюк заднего переключателя', NULL, 'ru'),
(15, 2026, 0, 'SR Suntour XCT V4 w/coil spring & preload, 80mm хода', NULL, 'ru'),
(25, 2026, 0, 'Bontrager 550 36 отв.', NULL, 'ru'),
(26, 2026, 0, 'Bontrager LT3, 26x2.0"', NULL, 'ru'),
(28, 2026, 0, 'Formula DC20 (перед.), Formula DC25 (задн.)', NULL, 'ru'),
(29, 2026, 0, 'Shimano EF51, 7 speed', NULL, 'ru'),
(30, 2026, 0, 'Shimano TX', NULL, 'ru'),
(31, 2026, 0, 'Shimano TX35', NULL, 'ru'),
(32, 2026, 0, 'Shimano TX M131, 48/38/28', NULL, 'ru'),
(33, 2026, 0, 'Wellgo nylon platform', NULL, 'ru'),
(34, 2026, 0, 'Zoom DB-280 mechanical disc brakes w/Shimano EF51 levers', NULL, 'ru'),
(35, 2026, 0, 'Bontrager SSR', NULL, 'ru'),
(36, 2026, 0, 'Bontrager SSR, 31.6mm, 20mm offset', NULL, 'ru'),
(37, 2026, 0, 'Bontrager Forged, 25.4mm', NULL, 'ru'),
(38, 2026, 0, 'Bontrager Riser, 25.4mm, 30mm rise', NULL, 'ru'),
(39, 2026, 0, '1-1/8" threadless', NULL, 'ru'),
(39, 2030, 0, '1-1/8', NULL, 'ru'),
(43, 2034, 69, '', NULL, 'ru'),
(43, 2027, 59, '', NULL, 'ru'),
(36, 2066, 0, 'Alloy 27.2', NULL, 'ru'),
(38, 2027, 0, 'Bontrager Riser, 25.4mm, 30mm rise', NULL, 'ru'),
(37, 2027, 0, 'Bontrager Approved, 25.4mm, 25 degree', NULL, 'ru'),
(36, 2027, 0, 'Bontrager SSR, 31.6mm, 12mm offset', NULL, 'ru'),
(35, 2027, 0, 'Bontrager Evoke 1', NULL, 'ru'),
(34, 2027, 0, 'Tektro Novela Mechanical Disc', NULL, 'ru'),
(45, 2027, 73, '', NULL, 'ru'),
(42, 2027, 0, 'Shimano HG31 11-32, 8 speed', NULL, 'ru'),
(33, 2027, 0, 'Wellgo nylon platform', NULL, 'ru'),
(32, 2027, 0, 'Shimano M131, 42/34/24', NULL, 'ru'),
(31, 2027, 0, 'Shimano Altus RD-M280', NULL, 'ru'),
(30, 2027, 0, 'Shimano Altus', NULL, 'ru'),
(46, 2027, 80, '', NULL, 'ru'),
(25, 2027, 0, 'Bontrager AT-650 32-отв. двойной', NULL, 'ru'),
(26, 2027, 0, 'Bontrager LT3, 26x2.0', NULL, 'ru'),
(28, 2027, 0, 'Formula DC20 (перед.); Formula DC22 (задн.)', NULL, 'ru'),
(29, 2027, 0, 'Shimano Tourney, 8 speed', NULL, 'ru'),
(15, 2027, 0, 'SR Suntour XCM, ход 100mm, ноги - 30 мм.', NULL, 'ru'),
(41, 2027, 56, '', NULL, 'ru'),
(41, 2027, 50, '', NULL, 'ru'),
(41, 2027, 48, '', NULL, 'ru'),
(41, 2027, 53, '', NULL, 'ru'),
(41, 2027, 54, '', NULL, 'ru'),
(41, 2027, 55, '', NULL, 'ru'),
(41, 2024, 45, '', NULL, 'ru'),
(30, 2211, 0, 'SHIMANO TY10 (31.8mm)', NULL, 'ru'),
(39, 2028, 0, '1-1/8', NULL, 'ru'),
(38, 2028, 0, 'Bontrager Riser, 25.4mm, 30mm rise', NULL, 'ru'),
(37, 2028, 0, 'Bontrager Forged, 25.4mm', NULL, 'ru'),
(35, 2028, 0, 'Bontrager SSR', NULL, 'ru'),
(36, 2028, 0, 'Bontrager SSR, 31.6mm, 20mm offset', NULL, 'ru'),
(45, 2028, 74, '', NULL, 'ru'),
(34, 2028, 0, 'Tektro linear pull brakes w/Shimano EF51 levers', NULL, 'ru'),
(41, 2028, 54, '', NULL, 'ru'),
(41, 2028, 56, '', NULL, 'ru'),
(15, 2028, 0, 'SR Suntour XCM V3 w/30mm stanchions, coil spring & preload, 100mm хода', NULL, 'ru'),
(46, 2028, 80, '', NULL, 'ru'),
(25, 2028, 0, 'Bontrager 550 36 отв.', NULL, 'ru'),
(26, 2028, 0, 'Bontrager LT3, 26x2.0', NULL, 'ru'),
(28, 2028, 0, ' Formula FM21 (перед.), Formula FM31 (задн.)', NULL, 'ru'),
(29, 2028, 0, 'Shimano EF51, 7 speed', NULL, 'ru'),
(30, 2028, 0, 'Shimano TX', NULL, 'ru'),
(31, 2028, 0, 'Shimano Altus M310', NULL, 'ru'),
(32, 2028, 0, 'Shimano TX M131, 42/34/24', NULL, 'ru'),
(39, 2029, 0, '1-1/8', NULL, 'ru'),
(37, 2029, 0, 'Bontrager Race Lite, 31.8mm', NULL, 'ru'),
(38, 2029, 0, 'Bontrager Low Riser OS, 31.8mm, 15mm rise, 9 degree sweep', NULL, 'ru'),
(36, 2029, 0, 'Bontrager SSR, 31.6mm, 20mm offset', NULL, 'ru'),
(35, 2029, 0, 'Bontrager Evoke 1', NULL, 'ru'),
(34, 2029, 0, 'Tektro linear pull brakes w/Tektro levers', NULL, 'ru'),
(42, 2029, 0, 'Shimano HG20-9 11-34, 9 speed', NULL, 'ru'),
(45, 2029, 74, '', NULL, 'ru'),
(33, 2029, 0, 'Wellgo platform', NULL, 'ru'),
(32, 2029, 0, 'Shimano Acera M391, 44/32/22', NULL, 'ru'),
(31, 2029, 0, 'Shimano Acera M390', NULL, 'ru'),
(30, 2029, 0, 'Shimano Acera', NULL, 'ru'),
(29, 2029, 0, 'Shimano Acera M390, 9 speed', NULL, 'ru'),
(46, 2029, 80, '', NULL, 'ru'),
(13, 2029, 0, 'Alpha Gold Aluminum, полуинтегрированная рулевая труба, многопрофильная нижняя и верхняя труба с интегрированными усилениями, верхние перья ', NULL, 'ru'),
(28, 2029, 0, 'Formula FM21 (перед.), Shimano RM30 (задн.);', NULL, 'ru'),
(26, 2029, 0, 'Bontrager LT3, 26x2.0', NULL, 'ru'),
(38, 2030, 0, 'Bontrager Low Riser OS, 31.8mm, 15mm rise, 9 degree sweep', NULL, 'ru'),
(37, 2030, 0, 'Bontrager Race Lite, 31.8mm', NULL, 'ru'),
(36, 2030, 0, 'Bontrager SSR, 31.6mm, 20mm offset', NULL, 'ru'),
(35, 2030, 0, 'Bontrager Evoke 1', NULL, 'ru'),
(45, 2030, 73, '', NULL, 'ru'),
(34, 2030, 0, 'Hayes Dyno Sport hydraulic disc brakes', NULL, 'ru'),
(42, 2030, 0, 'Shimano HG20-9 11-34, 9 speed', NULL, 'ru'),
(33, 2030, 0, 'Wellgo platform', NULL, 'ru'),
(32, 2030, 0, 'Shimano Acera M391, 44/32/22', NULL, 'ru'),
(31, 2030, 0, 'Shimano Acera M390', NULL, 'ru'),
(30, 2030, 0, 'Shimano Acera', NULL, 'ru'),
(29, 2030, 0, 'Shimano Acera M390, 9 speed', NULL, 'ru'),
(28, 2030, 0, 'Formula DC20 (перед.), Shimano M475 (задн.)', NULL, 'ru'),
(41, 2030, 48, '', NULL, 'ru'),
(15, 2030, 0, 'SR Suntour XCM V3 w/30mm stanchions, coil spring & preload, hydraulic lockout, 100mm хода', NULL, 'ru'),
(46, 2030, 80, '', NULL, 'ru'),
(25, 2030, 0, 'Bontrager AT-850 Disc 32 отв.', NULL, 'ru'),
(26, 2030, 0, 'Bontrager XR2, wire bead, 26x2.1', NULL, 'ru'),
(26, 2031, 0, 'Bontrager XR2, 26x2.1', NULL, 'ru'),
(28, 2031, 0, 'Shimano RM35 center lock hubs', NULL, 'ru'),
(29, 2031, 0, 'Shimano Alivio M430, 9 speed', NULL, 'ru'),
(30, 2031, 0, 'Shimano Acera', NULL, 'ru'),
(31, 2031, 0, 'Shimano Deore M591', NULL, 'ru'),
(32, 2031, 0, 'Shimano Alivio M4308, 44/32/22', NULL, 'ru'),
(33, 2031, 0, 'Wellgo platform', NULL, 'ru'),
(42, 2031, 0, 'Shimano HG30-9, 11-34, 9 speed', NULL, 'ru'),
(45, 2031, 73, '', NULL, 'ru'),
(34, 2031, 0, 'Shimano M446 hydraulic disc brakes', NULL, 'ru'),
(35, 2031, 0, 'Bontrager Evoke 1', NULL, 'ru'),
(36, 2031, 0, 'Bontrager SSR, 31.6mm, 20mm offset', NULL, 'ru'),
(37, 2031, 0, 'Bontrager Race Lite, 31.8mm', NULL, 'ru'),
(38, 2031, 0, 'Bontrager Low Riser, 25.4mm, 15mm rise, 9 degree sweep', NULL, 'ru'),
(41, 2031, 55, '', NULL, 'ru'),
(39, 2034, 0, 'Adjustable ball bearing', NULL, 'ru'),
(13, 2031, 0, 'Alpha Gold Aluminum, полуинтегрированная рулевая труба, многопрофильная нижняя и верхняя труба с интегрированными усилениями, верхние перья ', NULL, 'ru'),
(39, 2031, 0, '1-1/8', NULL, 'ru'),
(37, 2034, 0, 'Dialed, 25 degree, 65mm', NULL, 'ru'),
(38, 2032, 0, 'Bontrager Low Riser OS, 31.8mm, 15mm rise, 9 degree sweep', NULL, 'ru'),
(13, 2032, 0, 'Alpha Gold Aluminum, полуинтегрированная рулевая труба, многопрофильная нижняя и верхняя труба с интегрированными усилениями, верхние перья ', NULL, 'ru'),
(36, 2032, 0, 'Bontrager SSR, 31.6mm, 20mm offset', NULL, 'ru'),
(35, 2032, 0, 'Bontrager Evoke 1', NULL, 'ru'),
(45, 2032, 73, '', NULL, 'ru'),
(34, 2032, 0, 'Shimano M446 hydraulic disc brakes', NULL, 'ru'),
(42, 2032, 0, 'Shimano HG62-10 11-36, 10 speed', NULL, 'ru'),
(33, 2032, 0, 'Wellgo platform', NULL, 'ru'),
(30, 2032, 0, 'Shimano Deore', NULL, 'ru'),
(31, 2032, 0, 'Shimano SLX M663 Shadow', NULL, 'ru'),
(32, 2032, 0, 'Shimano M522, 42/32/24', NULL, 'ru'),
(29, 2032, 0, 'Shimano Deore M591, 10 speed', NULL, 'ru'),
(26, 2032, 0, 'Bontrager XR2, wire bead, 26x2.1', NULL, 'ru'),
(28, 2032, 0, 'Shimano RM66 center lock', NULL, 'ru'),
(25, 2032, 0, 'Bontrager AT-850 Disc 32 отв.', NULL, 'ru'),
(46, 2032, 80, '', NULL, 'ru'),
(15, 2025, 0, 'SR Suntour M-2025, 63mm', NULL, 'ru'),
(46, 2025, 80, '', NULL, 'ru'),
(25, 2025, 0, 'Bontrager AT-550 36-отв.', NULL, 'ru'),
(41, 2025, 53, '', NULL, 'ru'),
(42, 2028, 0, 'Shimano TZ31 13-34, 7 speed', NULL, 'ru'),
(13, 2028, 0, 'Alpha Silver Aluminum, полуинтегрированная рулевая труба, двухосевая нижняя труба с интегрированными усилениями, крепления для багажника и крыльев, возможна установка дисковых тормозов, сменный крюк заднего переключателя', NULL, 'ru'),
(25, 2029, 0, 'Bontrager Camino 32 отв.', NULL, 'ru'),
(15, 2029, 0, 'SR Suntour XCM V3 w/30mm stanchions, coil spring & preload, hydraulic lockout, 100mm хода', NULL, 'ru'),
(41, 2029, 55, '', NULL, 'ru'),
(43, 2029, 59, '', NULL, 'ru'),
(13, 2030, 0, 'Alpha Gold Aluminum, полуинтегрированная рулевая труба, многопрофильная нижняя и верхняя труба с интегрированными усилениями, верхние перья ', NULL, 'ru'),
(46, 2031, 80, '', NULL, 'ru'),
(25, 2031, 0, 'Bontrager AT-850 Disc 32 отв.', NULL, 'ru'),
(15, 2031, 0, 'SR Suntour XCM V3, ход 100 мм, 30mm stanchions, coil spring & preload, hydraulic remote lockout', NULL, 'ru'),
(41, 2032, 46, '', NULL, 'ru'),
(41, 2032, 48, '', NULL, 'ru'),
(41, 2032, 50, '', NULL, 'ru'),
(15, 2032, 0, 'coil spring, preload, remote lockout, 100mm хода', NULL, 'ru'),
(43, 2024, 59, '', NULL, 'ru'),
(40, 2024, 40, '', NULL, 'ru'),
(40, 2025, 39, '', NULL, 'ru'),
(40, 2029, 39, '', NULL, 'ru'),
(43, 2030, 59, '', NULL, 'ru'),
(40, 2030, 39, '', NULL, 'ru'),
(27, 2030, 18, '', NULL, 'ru'),
(43, 2031, 59, '', NULL, 'ru'),
(40, 2031, 39, '', NULL, 'ru'),
(27, 2031, 18, '', NULL, 'ru'),
(43, 2032, 59, '', NULL, 'ru'),
(36, 2033, 0, 'Bontrager SSR, 31.6mm, 20mm offset', NULL, 'ru'),
(35, 2033, 0, 'Bontrager Evoke 1', NULL, 'ru'),
(34, 2033, 0, 'Shimano M446 hydraulic disc brakes', NULL, 'ru'),
(45, 2033, 73, '', NULL, 'ru'),
(42, 2033, 0, 'Shimano HG62-10 11-36, 10 speed', NULL, 'ru'),
(33, 2033, 0, 'Wellgo platform', NULL, 'ru'),
(32, 2033, 0, 'Shimano M552, 42/32/24', NULL, 'ru'),
(31, 2033, 0, 'Shimano Deore XT M780 Shadow', NULL, 'ru'),
(30, 2033, 0, 'Shimano Deore', NULL, 'ru'),
(29, 2033, 0, 'Shimano Deore M591, 10 speed', NULL, 'ru'),
(28, 2033, 0, 'Shimano M435', NULL, 'ru'),
(25, 2033, 0, 'Bontrager AT-850 Disc 32 отв.', NULL, 'ru'),
(26, 2033, 0, 'Bontrager XR1, wire bead, 26x2.2', NULL, 'ru'),
(41, 2033, 50, '', NULL, 'ru'),
(13, 2033, 0, 'Alpha Gold Aluminum, полуинтегрированная рулевая труба, многопрофильная нижняя и верхняя труба с интегрированными усилениями, верхние перья ', NULL, 'ru'),
(46, 2033, 80, '', NULL, 'ru'),
(15, 2033, 0, 'SR Suntour XCR-RL w/coil spring, preload, remote lockout, 100mm хода', NULL, 'ru'),
(41, 2033, 45, '', NULL, 'ru'),
(43, 2033, 59, '', NULL, 'ru'),
(40, 2033, 39, '', NULL, 'ru'),
(27, 2033, 18, '', NULL, 'ru'),
(38, 2034, 0, 'Bontrager Low Riser, 560mm, 25mm rise', NULL, 'ru'),
(36, 2034, 0, 'Steel', NULL, 'ru'),
(35, 2034, 0, 'Dialed 24', NULL, 'ru'),
(45, 2034, 74, '', NULL, 'ru'),
(34, 2034, 0, 'Linear pull front & rear brakes w/Dialed levers', NULL, 'ru'),
(42, 2034, 0, 'Sun Run 14-28, 7 speed', NULL, 'ru'),
(33, 2034, 0, 'Dialed 24', NULL, 'ru'),
(32, 2034, 0, 'Dialed adjustable length 127mm-152mm, 42/32/24', NULL, 'ru'),
(30, 2034, 0, 'Shimano', NULL, 'ru'),
(31, 2034, 0, 'Shimano TX35', NULL, 'ru'),
(29, 2034, 0, 'Shimano Revo, 21-speed twist', NULL, 'ru'),
(25, 2034, 0, '32 отв. aluminum 24', NULL, 'ru'),
(26, 2034, 0, 'Bontrager SX, 24x2.0', NULL, 'ru'),
(39, 2060, 0, 'Adjustable ball bearing', NULL, 'ru'),
(39, 2035, 0, 'Adjustable ball bearing', NULL, 'ru'),
(37, 2035, 0, '& steel, four bolt', NULL, 'ru'),
(38, 2035, 0, 'Dialed 20', NULL, 'ru'),
(36, 2035, 0, 'Steel', NULL, 'ru'),
(35, 2035, 0, 'Dialed 20', NULL, 'ru'),
(45, 2035, 74, '', NULL, 'ru'),
(34, 2035, 0, 'Linear pull front & rear brakes w/Dialed levers', NULL, 'ru'),
(33, 2035, 0, 'Dialed 20', NULL, 'ru'),
(42, 2035, 0, '18T freewheel', NULL, 'ru'),
(32, 2035, 0, 'Dialed 4.5', NULL, 'ru'),
(28, 2035, 0, 'Steel(перед.), Alloy (задн.)', NULL, 'ru'),
(26, 2035, 0, 'Cross knobby, 20x1.95', NULL, 'ru'),
(46, 2035, 84, '', NULL, 'ru'),
(25, 2035, 0, '36 отв. aluminum 20', NULL, 'ru'),
(15, 2035, 0, 'высокопрочная сталь', NULL, 'ru'),
(13, 2035, 0, '20', NULL, 'ru'),
(43, 2035, 69, '', NULL, 'ru'),
(38, 2052, 0, 'Bontrager Riser, 25.4mm, 30mm rise', NULL, 'ru'),
(37, 2052, 0, 'Bontrager Approved, 25.4mm, 25 degree', NULL, 'ru'),
(36, 2052, 0, 'Bontrager SSR, 31.6mm, 20mm offset', NULL, 'ru'),
(35, 2052, 0, 'Bontrager SSR', NULL, 'ru'),
(34, 2052, 0, 'HL 280 Mechanical Disc', NULL, 'ru'),
(45, 2052, 73, '', NULL, 'ru'),
(42, 2052, 0, 'SRAM PG-730 12-32, 7 speed', NULL, 'ru'),
(33, 2052, 0, 'Wellgo nylon platform', NULL, 'ru'),
(32, 2052, 0, 'Shimano M131, 48/38/28', NULL, 'ru'),
(31, 2052, 0, 'Shimano Tourney', NULL, 'ru'),
(30, 2052, 0, 'Shimano Tourney', NULL, 'ru'),
(29, 2052, 0, 'Shimano Tourney, 7 speed', NULL, 'ru'),
(26, 2052, 0, 'Bontrager LT3, 26x2.0', NULL, 'ru'),
(28, 2052, 0, 'Formula DC20 (перед.); Formula DC27 (задн.)', NULL, 'ru'),
(25, 2052, 0, 'Bontrager AT-550 36-отв.', NULL, 'ru'),
(46, 2052, 80, '', NULL, 'ru'),
(35, 2053, 0, 'Bontrager Evoke 1', NULL, 'ru'),
(45, 2053, 74, '', NULL, 'ru'),
(34, 2053, 0, 'Tektro V-brake', NULL, 'ru'),
(42, 2053, 0, 'Shimano HG31 11-32, 8 speed', NULL, 'ru'),
(32, 2053, 0, 'Shimano M131, 42/34/24', NULL, 'ru'),
(33, 2053, 0, 'Wellgo nylon platform', NULL, 'ru'),
(31, 2053, 0, 'Shimano Altus RD-M280', NULL, 'ru'),
(30, 2053, 0, 'Shimano Altus', NULL, 'ru'),
(29, 2053, 0, 'Shimano Tourney, 8 speed', NULL, 'ru'),
(41, 2053, 54, '', NULL, 'ru'),
(41, 2053, 55, '', NULL, 'ru'),
(41, 2053, 48, '', NULL, 'ru'),
(41, 2053, 50, '', NULL, 'ru'),
(15, 2053, 0, 'SR Suntour XCM, ход 100mm, ноги - 30 мм.', NULL, 'ru'),
(46, 2053, 80, '', NULL, 'ru'),
(25, 2053, 0, 'Bontrager AT-650 32-отв. двойной', NULL, 'ru'),
(26, 2053, 0, 'Bontrager LT3, 26x2.0', NULL, 'ru'),
(28, 2053, 0, 'Formula FM21 (перед.); Formula FM32 (задн.)', NULL, 'ru'),
(31, 2054, 0, 'Shimano Acera', NULL, 'ru'),
(32, 2054, 0, 'Shimano TX M171, 42/34/24', NULL, 'ru'),
(33, 2054, 0, 'Wellgo nylon platform', NULL, 'ru'),
(42, 2054, 0, 'Shimano HG31 11-32, 8 speed', NULL, 'ru'),
(45, 2054, 74, '', NULL, 'ru'),
(34, 2054, 0, 'Tektro V-brake', NULL, 'ru'),
(35, 2054, 0, 'Bontrager Evoke 1', NULL, 'ru'),
(36, 2054, 0, 'Bontrager SSR, 31.6mm, 12mm offset', NULL, 'ru'),
(30, 2054, 0, 'Shimano Altus', NULL, 'ru'),
(29, 2054, 0, 'Shimano Tourney, 8 speed', NULL, 'ru'),
(41, 2054, 48, '', NULL, 'ru'),
(41, 2054, 50, '', NULL, 'ru'),
(15, 2054, 0, 'SR Suntour XCM, 100mm хода, ноги 30mm', NULL, 'ru'),
(46, 2054, 80, '', NULL, 'ru'),
(25, 2054, 0, 'Bontrager AT-650, 32-отв.двойной', NULL, 'ru'),
(26, 2054, 0, 'Bontrager LT3, 26x2.0', NULL, 'ru'),
(28, 2054, 0, 'Formula FM21 (перед.); Shimano RM30 (задн.).', NULL, 'ru'),
(32, 2055, 0, 'Shimano M171, 42/34/24', NULL, 'ru'),
(33, 2055, 0, 'Wellgo nylon platform', NULL, 'ru'),
(42, 2055, 0, 'Shimano HG31 11-32, 8 speed', NULL, 'ru'),
(45, 2055, 73, '', NULL, 'ru'),
(34, 2055, 0, 'Tektro Novela Mechanical Disc, Shimano Altus levers', NULL, 'ru'),
(35, 2055, 0, 'Bontrager Evoke 1', NULL, 'ru'),
(36, 2055, 0, 'Bontrager SSR, 31.6mm, 12mm offset', NULL, 'ru'),
(37, 2055, 0, 'Bontrager SSR, 31.8mm, 10 degree', NULL, 'ru'),
(31, 2055, 0, 'Shimano Acera', NULL, 'ru'),
(41, 2055, 55, '', NULL, 'ru'),
(15, 2055, 0, 'SR Suntour XCM, 100mm хода, ноги 30mm', NULL, 'ru'),
(46, 2055, 80, '', NULL, 'ru'),
(25, 2055, 0, 'Bontrager AT-650 32-отв. двойной', NULL, 'ru'),
(26, 2055, 0, 'Bontrager LT3, 26x2.0', NULL, 'ru'),
(28, 2055, 0, 'Formula DC20 (перед.); Formula DC22 (задн.).', NULL, 'ru'),
(29, 2055, 0, 'Shimano Altus, 8 speed', NULL, 'ru'),
(30, 2055, 0, 'Shimano Altus', NULL, 'ru'),
(27, 2029, 18, '', NULL, 'ru'),
(27, 2024, 76, '', NULL, 'ru'),
(13, 2027, 0, 'Alpha Silver Aluminum, полуинтегрированная рулевая труба, двухосевая нижняя труба с интегрированными усилениями, крепления для багажника и крыльев, возможна установка дисковых тормозов, сменный крюк заднего переключателя', NULL, 'ru'),
(40, 2027, 40, '', NULL, 'ru'),
(28, 2034, 0, 'Alloy (перед.), Alloy (задн.);', NULL, 'ru'),
(46, 2034, 79, '', NULL, 'ru'),
(15, 2034, 0, 'Dialed SR Suntour suspension, 40mm хода', NULL, 'ru'),
(41, 2052, 53, '', NULL, 'ru'),
(41, 2052, 50, '', NULL, 'ru'),
(15, 2052, 0, 'SR Suntour XCT, 80mm', NULL, 'ru'),
(13, 2052, 0, 'Alpha Silver Aluminum, облегченная рулевая труба, двухосевая нижняя труба, возможна установка дисковых тормозов, сменный крюк заднего переключателя', NULL, 'ru'),
(43, 2052, 59, '', NULL, 'ru'),
(40, 2052, 40, '', NULL, 'ru'),
(27, 2052, 17, '', NULL, 'ru'),
(13, 2053, 0, ' 	Alpha Silver Aluminum, полуинтегрированная рулевая труба, двухосевая нижняя труба с интегрированными усилениями, крепления для багажника и крыльев, возможна установка дисковых тормозов, сменный крюк заднего переключателя', NULL, 'ru'),
(43, 2053, 59, '', NULL, 'ru'),
(40, 2053, 40, '', NULL, 'ru'),
(27, 2053, 17, '', NULL, 'ru'),
(37, 2054, 0, 'Bontrager SSR, 31.8mm, 10 degree', NULL, 'ru'),
(13, 2054, 0, 'Alpha Silver Aluminum, полуинтегрированная рулевая труба, двухосевая нижняя труба с интегрированными усилениями, крепления для багажника и крыльев, возможна установка дисковых тормозов, сменный крюк заднего переключателя', NULL, 'ru'),
(40, 2054, 40, '', NULL, 'ru'),
(43, 2054, 59, '', NULL, 'ru'),
(27, 2054, 17, '', NULL, 'ru'),
(38, 2055, 0, 'Bontrager Low Riser, 31.8mm, 15mm rise, 9 degree sweep', NULL, 'ru'),
(13, 2055, 0, 'Alpha Silver Aluminum, полуинтегрированная рулевая труба, двухосевая нижняя труба с интегрированными усилениями, крепления для багажника и крыльев, возможна установка дисковых тормозов, сменный крюк заднего переключателя', NULL, 'ru'),
(40, 2055, 40, '', NULL, 'ru'),
(43, 2055, 59, '', NULL, 'ru'),
(27, 2055, 17, '', NULL, 'ru'),
(33, 2056, 0, 'Wellgo nylon platform', NULL, 'ru'),
(25, 2056, 0, 'Bontrager AT-650 32-отв., двойной', NULL, 'ru'),
(26, 2056, 0, 'Bontrager XR2, 26x2.2', NULL, 'ru'),
(28, 2056, 0, 'Formula DC20 (перед.); Formula DC22 LW (задн.) ', NULL, 'ru'),
(29, 2056, 0, 'Shimano Acera, 9 speed', NULL, 'ru'),
(30, 2056, 0, 'Shimano Acera', NULL, 'ru'),
(31, 2056, 0, 'Shimano Acera', NULL, 'ru'),
(32, 2056, 0, 'Shimano Acera, 44/32/22', NULL, 'ru'),
(46, 2056, 80, '', NULL, 'ru'),
(15, 2056, 0, 'SR Suntour XCM, ход 100mm, ноги 30 мм.', NULL, 'ru'),
(41, 2056, 46, '', NULL, 'ru'),
(43, 2056, 59, '', NULL, 'ru'),
(13, 2056, 0, 'Alpha Gold Aluminum, полуинтегрированная рулевая труба, батированные и гидроформованные трубы, внутренняя прокладка троса переднего переключателя, крепления для багажника и крыльев, сменный крюк зад. переключателя', NULL, 'ru'),
(27, 2056, 18, '', NULL, 'ru'),
(40, 2056, 40, '', NULL, 'ru'),
(35, 2057, 0, 'Bontrager Evoke 1', NULL, 'ru'),
(36, 2057, 0, 'Bontrager SSR, 27.2mm, 12mm offset', NULL, 'ru'),
(37, 2057, 0, 'Bontrager Race Lite, 31.8mm, 7 degree', NULL, 'ru'),
(34, 2057, 0, 'Avid Elixir 1 Hydraulic Disc', NULL, 'ru'),
(45, 2057, 73, '', NULL, 'ru'),
(42, 2057, 0, 'SRAM PG-1030 11-36, 10 speed', NULL, 'ru'),
(33, 2057, 0, 'Wellgo nylon platform', NULL, 'ru'),
(32, 2057, 0, 'SRAM S800, 44/33/22', NULL, 'ru'),
(28, 2057, 0, 'Shimano M475', NULL, 'ru'),
(29, 2057, 0, 'SRAM X5, 10 speed', NULL, 'ru'),
(30, 2057, 0, 'Shimano Deore', NULL, 'ru'),
(31, 2057, 0, 'SRAM X5', NULL, 'ru'),
(26, 2057, 0, 'Bontrager 29-2, 29x2.2', NULL, 'ru'),
(46, 2057, 83, '', NULL, 'ru'),
(25, 2057, 0, 'Bontrager AT-850 32-отв.', NULL, 'ru'),
(15, 2057, 0, ' 	RockShox Recon Silver, Solo Air, lockout, custom G2 Geometry, 51mm offset, 100mm хода', NULL, 'ru'),
(41, 2057, 47, '', NULL, 'ru'),
(39, 2058, 0, '1-1/8', NULL, 'ru'),
(37, 2059, 0, 'Alloy & steel, two bolt', NULL, 'ru'),
(39, 2059, 0, 'Adjustable ball bearing', NULL, 'ru'),
(37, 2058, 0, 'Bontrager SSR, 31.8mm, 10 degree', NULL, 'ru'),
(38, 2058, 0, 'Bontrager Low Riser, 31.8mm, 5mm rise, 9 degree sweep', NULL, 'ru'),
(36, 2058, 0, 'Bontrager SSR, 27.2mm, 12mm offset', NULL, 'ru'),
(35, 2058, 0, 'Bontrager Evoke 1', NULL, 'ru'),
(45, 2058, 73, '', NULL, 'ru'),
(34, 2058, 0, 'Tektro Novela Mechanical Disc', NULL, 'ru'),
(42, 2058, 0, 'Shimano HG31 11-34, 8 speed', NULL, 'ru'),
(33, 2058, 0, 'Wellgo nylon platform', NULL, 'ru'),
(29, 2058, 0, 'SRAM X4, 8 speed', NULL, 'ru'),
(30, 2058, 0, 'Shimano Altus', NULL, 'ru'),
(31, 2058, 0, 'SRAM X4', NULL, 'ru'),
(32, 2058, 0, 'Shimano Altus 42/32/23', NULL, 'ru'),
(46, 2058, 83, '', NULL, 'ru'),
(25, 2058, 0, 'Bontrager AT-650 32-отв. двойной', NULL, 'ru'),
(26, 2058, 0, 'Bontrager 29-1, 29x2.0', NULL, 'ru'),
(28, 2058, 0, 'Formula DC20 LW (перед.); Formula DC22 LW (задн.) ', NULL, 'ru'),
(41, 2058, 57, '', NULL, 'ru'),
(15, 2058, 0, ' 	SR Suntour XCM, mechanical lockout, preload, custom G2 Geometry, 51mm offset, 100mm хода', NULL, 'ru'),
(13, 2058, 0, 'Alpha Gold Aluminum, батированные и гидроформованые трубы, G2 Geometry', NULL, 'ru'),
(43, 2058, 59, '', NULL, 'ru'),
(38, 2059, 0, 'Dialed 16', NULL, 'ru'),
(36, 2059, 0, 'Steel', NULL, 'ru'),
(35, 2059, 0, 'Dialed 16', NULL, 'ru'),
(34, 2059, 0, 'Coaster', NULL, 'ru'),
(42, 2059, 0, '19T cog', NULL, 'ru'),
(32, 2059, 0, 'Dialed 3.5', NULL, 'ru'),
(33, 2059, 0, 'Dialed 16', NULL, 'ru'),
(28, 2059, 0, 'Steel (перед.); coaster brake (задн.)', NULL, 'ru'),
(26, 2059, 0, 'Cross knobby, 16x2.125', NULL, 'ru'),
(25, 2059, 0, 'стальн. 28-отв.', NULL, 'ru'),
(46, 2059, 77, '', NULL, 'ru'),
(15, 2059, 0, 'высококачественная сталь', NULL, 'ru'),
(13, 2059, 0, '16', NULL, 'ru'),
(43, 2059, 68, '', NULL, 'ru'),
(38, 2060, 0, 'Bontrager Low Riser, 560mm, 25mm rise', NULL, 'ru'),
(37, 2060, 0, 'Dialed, 65mm, 25 degree', NULL, 'ru'),
(34, 2060, 0, 'V-brake', NULL, 'ru'),
(36, 2060, 0, 'Steel', NULL, 'ru'),
(35, 2060, 0, 'Dialed 24', NULL, 'ru'),
(45, 2060, 74, '', NULL, 'ru'),
(42, 2060, 0, '14-28, 7 speed freewheel', NULL, 'ru'),
(33, 2060, 0, 'Dialed 24', NULL, 'ru'),
(32, 2060, 0, 'Dialed adjustable length 127mm - 152mm, 42/34/24', NULL, 'ru'),
(31, 2060, 0, 'Shimano TX35', NULL, 'ru'),
(29, 2060, 0, 'Shimano Revo, 7 speed twist', NULL, 'ru'),
(30, 2060, 0, 'Shimano', NULL, 'ru'),
(28, 2060, 0, 'Alloy,', NULL, 'ru'),
(37, 2061, 0, 'Dialed, 65mm, 25 degree', NULL, 'ru'),
(35, 2061, 0, 'Dialed 24', NULL, 'ru'),
(45, 2061, 74, '', NULL, 'ru'),
(34, 2061, 0, 'V-brake', NULL, 'ru'),
(42, 2061, 0, '14-28, 7 speed freewheel', NULL, 'ru'),
(33, 2061, 0, 'Dialed 24', NULL, 'ru'),
(32, 2061, 0, 'Dialed adjustable length 127mm - 152mm, 42/34/24', NULL, 'ru'),
(31, 2061, 0, 'Shimano TX35', NULL, 'ru'),
(30, 2061, 0, 'Shimano', NULL, 'ru'),
(29, 2061, 0, 'Shimano Revo, 7 speed twist', NULL, 'ru'),
(28, 2061, 0, ' Alloy', NULL, 'ru'),
(26, 2061, 0, 'Bontrager SX, 24x2.0', NULL, 'ru'),
(25, 2061, 0, '32-отв.aluminum', NULL, 'ru'),
(46, 2061, 79, '', NULL, 'ru'),
(37, 2062, 0, 'Alloy & steel, two bolt', NULL, 'ru'),
(36, 2062, 0, 'Steel', NULL, 'ru'),
(35, 2062, 0, 'Dialed 16', NULL, 'ru'),
(34, 2062, 0, 'Coaster', NULL, 'ru'),
(33, 2062, 0, 'Dialed 16', NULL, 'ru'),
(42, 2062, 0, '19T cog', NULL, 'ru'),
(32, 2062, 0, 'Dialed 3.5', NULL, 'ru'),
(28, 2062, 0, 'Steel (перед.); Coaster brake (задн.),', NULL, 'ru'),
(26, 2062, 0, 'Cross knobby, 16x2.125', NULL, 'ru'),
(25, 2062, 0, 'стальн. 28-отв.', NULL, 'ru'),
(46, 2062, 77, '', NULL, 'ru'),
(15, 2062, 0, 'высококачественная сталь', NULL, 'ru'),
(32, 2063, 0, 'Shimano M131, 48/38/28', NULL, 'ru'),
(28, 2063, 0, 'Formula FM21 (перед.); Formula FM 31 (задн.). ', NULL, 'ru'),
(29, 2063, 0, 'Shimano Revo, 7 speed twist', NULL, 'ru'),
(30, 2063, 0, 'Shimano Tourney', NULL, 'ru'),
(31, 2063, 0, 'Shimano Tourney', NULL, 'ru'),
(26, 2063, 0, 'Bontrager LT3, 26x2.0', NULL, 'ru'),
(25, 2063, 0, 'Bontrager AT-550 36-отв.', NULL, 'ru'),
(46, 2063, 80, '', NULL, 'ru'),
(41, 2063, 48, '', NULL, 'ru'),
(15, 2063, 0, 'SR Suntour M-2025, coil spring, 63mm хода', NULL, 'ru'),
(13, 2063, 0, 'WSD Alpha Silver Aluminum, облегченная рулевая труба, двухосевая нижняя труба, возможна установка дисковых тормозов, сменный крюк заднего переключателя', NULL, 'ru'),
(40, 2063, 40, '', NULL, 'ru'),
(27, 2063, 17, '', NULL, 'ru'),
(31, 2064, 0, 'Shimano Acera', NULL, 'ru'),
(46, 2064, 80, '', NULL, 'ru'),
(25, 2064, 0, 'Bontrager AT-550 36-отв.', NULL, 'ru'),
(26, 2064, 0, 'Bontrager LT3, 26x2.0', NULL, 'ru'),
(28, 2064, 0, 'Formula FM21 (перед.); Втулки Shimano RM30 (задн.).', NULL, 'ru'),
(29, 2064, 0, 'Shimano Altus, 8 speed', NULL, 'ru'),
(30, 2064, 0, 'Shimano Altus', NULL, 'ru'),
(15, 2064, 0, 'SR Suntour XCM, 30mm stanchions, coil spring, preload, 100mm хода', NULL, 'ru'),
(41, 2064, 53, '', NULL, 'ru'),
(13, 2064, 0, 'WSD Alpha Silver Aluminum, полуинтегрированная рулевая труба, двухосевая нижняя труба с интегрированными усилениями, крепления для багажника и крыльев, возможна установка дисковых тормозов, сменный крюк заднего переключателя', NULL, 'ru'),
(43, 2064, 59, '', NULL, 'ru'),
(40, 2064, 40, '', NULL, 'ru'),
(27, 2064, 17, '', NULL, 'ru'),
(33, 2065, 0, 'Wellgo nylon platform', NULL, 'ru'),
(25, 2065, 0, 'Bontrager AT-650 32-отв.двойной', NULL, 'ru'),
(26, 2065, 0, 'Bontrager LT3, 26x2.0', NULL, 'ru'),
(28, 2065, 0, 'Formula FM21 (перед.); Shimano RM30 (задн.).', NULL, 'ru'),
(29, 2065, 0, 'Shimano Acera, 9 speed', NULL, 'ru'),
(30, 2065, 0, 'Shimano Acera', NULL, 'ru'),
(31, 2065, 0, 'Shimano Acera', NULL, 'ru'),
(32, 2065, 0, 'Shimano M371, 44/32/22', NULL, 'ru'),
(46, 2065, 80, '', NULL, 'ru'),
(41, 2065, 54, '', NULL, 'ru'),
(15, 2065, 0, 'SR Suntour XCM, 30mm stanchions, coil spring, preload, hydraulic lockout, 80mm хода (13', NULL, 'ru'),
(13, 2065, 0, 'WSD Alpha Gold Aluminum, полуинтегрированная рулевая труба, батированные и гидроформованные трубы, внутренняя прокладка троса переднего переключателя, крепления для багажника и крыльев, сменный крюк зад. переключателя', NULL, 'ru'),
(40, 2065, 40, '', NULL, 'ru'),
(43, 2065, 59, '', NULL, 'ru'),
(27, 2065, 17, '', NULL, 'ru'),
(35, 2066, 0, 'Merida Kid 20', NULL, 'ru'),
(34, 2066, 0, 'V-Brake Linear A', NULL, 'ru'),
(45, 2066, 74, '', NULL, 'ru'),
(42, 2066, 0, 'Shimano MF-TZ21 14-28', NULL, 'ru'),
(33, 2066, 0, 'Kid PP', NULL, 'ru'),
(32, 2066, 0, 'Steel 40 DG', NULL, 'ru'),
(31, 2066, 0, 'Shimano TX31', NULL, 'ru'),
(28, 2066, 0, ' Alloy QR', NULL, 'ru'),
(26, 2066, 0, 'Kid 2.0', NULL, 'ru'),
(25, 2066, 0, 'Alloy', NULL, 'ru'),
(46, 2066, 84, '', NULL, 'ru'),
(42, 2067, 0, 'Shimano MF-TZ21 14-28', NULL, 'ru'),
(33, 2067, 0, 'PP pedal', NULL, 'ru'),
(32, 2067, 0, 'Shimano M131 42-34-24 CG', NULL, 'ru'),
(31, 2067, 0, 'Shimano Altus', NULL, 'ru'),
(30, 2067, 0, 'Shimano TY10 31.8-42', NULL, 'ru'),
(29, 2067, 0, 'Shimano EZ-Fire', NULL, 'ru'),
(28, 2067, 0, 'Alloy QR', NULL, 'ru'),
(26, 2067, 0, 'Merida 1.95', NULL, 'ru'),
(25, 2067, 0, 'Juliet Comp V, спицы Steel UCP', NULL, 'ru'),
(46, 2067, 80, '', NULL, 'ru'),
(15, 2067, 0, 'SR Suntour XCT-V3 80', NULL, 'ru'),
(41, 2067, 55, '', NULL, 'ru'),
(13, 2067, 0, 'Juliet Speed-V', NULL, 'ru'),
(43, 2067, 59, '', NULL, 'ru'),
(40, 2067, 39, '', NULL, 'ru'),
(27, 2067, 17, '', NULL, 'ru'),
(42, 2110, 0, 'Shimano CS-HG30-8 11-32', NULL, 'ru'),
(33, 2110, 0, 'XC Steel', NULL, 'ru'),
(32, 2110, 0, 'Shimano M131 42-34-24 CG', NULL, 'ru'),
(31, 2110, 0, 'Shimano Acera-X', NULL, 'ru'),
(30, 2110, 0, 'Shimano M190 low 31.8-42', NULL, 'ru'),
(29, 2110, 0, 'Shimano EZ-Fire', NULL, 'ru'),
(28, 2110, 0, 'Shimano RM30', NULL, 'ru'),
(26, 2110, 0, 'Merida 1.95', NULL, 'ru'),
(25, 2110, 0, 'Juliet Comp V', NULL, 'ru'),
(46, 2110, 80, '', NULL, 'ru'),
(15, 2110, 0, 'RST Gila 80 ML', NULL, 'ru'),
(41, 2110, 55, '', NULL, 'ru'),
(13, 2110, 0, 'Juliet Speed-V', NULL, 'ru'),
(43, 2110, 59, '', NULL, 'ru'),
(40, 2110, 39, '', NULL, 'ru'),
(27, 2110, 17, '', NULL, 'ru'),
(42, 2111, 0, 'SunRace CS-M8 11-32', NULL, 'ru'),
(33, 2111, 0, 'XC Steel', NULL, 'ru'),
(32, 2111, 0, 'SR XR-172 42-32-22 CG', NULL, 'ru'),
(31, 2111, 0, 'Shimano Acera-X', NULL, 'ru'),
(30, 2111, 0, 'Shimano M310 low 31.8-42', NULL, 'ru'),
(29, 2111, 0, 'Shimano EZ-Fire', NULL, 'ru'),
(28, 2111, 0, 'Alloy QR / Shimano RM30', NULL, 'ru'),
(26, 2111, 0, 'Merida 2.1', NULL, 'ru'),
(25, 2111, 0, 'Merida Comp V', NULL, 'ru'),
(46, 2111, 80, '', NULL, 'ru'),
(15, 2111, 0, 'SR Suntour XCT-V3 100', NULL, 'ru'),
(41, 2111, 55, '', NULL, 'ru'),
(13, 2111, 0, 'Алюминий, Matts OV-V', NULL, 'ru'),
(43, 2111, 59, '', NULL, 'ru'),
(40, 2111, 39, '', NULL, 'ru'),
(27, 2111, 17, '', NULL, 'ru'),
(33, 2112, 0, 'XC Steel', NULL, 'ru'),
(32, 2112, 0, 'Shimano M131 42-34-24 CG', NULL, 'ru'),
(31, 2112, 0, 'Shimano Acera-X', NULL, 'ru'),
(30, 2112, 0, 'Shimano M190 low 31.8-42', NULL, 'ru'),
(29, 2112, 0, 'Shimano EZ-Fire', NULL, 'ru'),
(28, 2112, 0, 'Перед.:Alloy QR      Зад/:  Shimano RM30', NULL, 'ru'),
(26, 2112, 0, 'Merida 2.1', NULL, 'ru'),
(25, 2112, 0, 'Merida Comp V, спицы Steel UCP', NULL, 'ru'),
(46, 2112, 80, '', NULL, 'ru'),
(15, 2112, 0, 'RST Gila 100 ML', NULL, 'ru'),
(41, 2112, 55, '', NULL, 'ru'),
(13, 2112, 0, 'Matts OV-V', NULL, 'ru'),
(43, 2112, 59, '', NULL, 'ru'),
(40, 2112, 39, '', NULL, 'ru'),
(27, 2112, 17, '', NULL, 'ru'),
(42, 2113, 0, 'Shimano CS-HG30-8 11-32', NULL, 'ru'),
(33, 2113, 0, 'XC Alloy', NULL, 'ru'),
(32, 2113, 0, 'Shimano M171 42-34-24 CG', NULL, 'ru'),
(31, 2113, 0, 'Shimano Alivio 8', NULL, 'ru'),
(30, 2113, 0, 'Shimano M190', NULL, 'ru'),
(29, 2113, 0, 'Shimano SL-M360 Rapidfire', NULL, 'ru'),
(28, 2113, 0, 'Disc Alloy', NULL, 'ru'),
(26, 2113, 0, 'Merida Race 2.1', NULL, 'ru'),
(25, 2113, 0, 'Merida Comp D', NULL, 'ru'),
(46, 2113, 80, '', NULL, 'ru'),
(15, 2113, 0, 'Suntour XCM-V3', NULL, 'ru'),
(41, 2113, 49, '', NULL, 'ru'),
(13, 2113, 0, 'Matts TFS Comp-D', NULL, 'ru'),
(43, 2113, 59, '', NULL, 'ru'),
(40, 2113, 39, '', NULL, 'ru'),
(27, 2113, 18, '', NULL, 'ru'),
(42, 2114, 0, 'Shimano CS-HG30-8 11-32', NULL, 'ru'),
(33, 2114, 0, 'XC Alloy', NULL, 'ru'),
(32, 2114, 0, 'Shimano M171 42-34-24 CG', NULL, 'ru'),
(31, 2114, 0, 'Shimano Alivio 8', NULL, 'ru'),
(30, 2114, 0, 'Shimano M190', NULL, 'ru'),
(29, 2114, 0, 'Shimano EZ-Fire', NULL, 'ru'),
(28, 2114, 0, 'Alloy QR / Shimano RM70', NULL, 'ru'),
(26, 2114, 0, 'Merida Race 2.1', NULL, 'ru'),
(25, 2114, 0, 'Merida Comp V', NULL, 'ru'),
(46, 2114, 80, '', NULL, 'ru'),
(15, 2114, 0, 'RST Gila 100 ML', NULL, 'ru'),
(41, 2114, 51, '', NULL, 'ru'),
(41, 2114, 55, '', NULL, 'ru'),
(13, 2114, 0, 'Matts TFS Comp-V', NULL, 'ru'),
(43, 2114, 59, '', NULL, 'ru'),
(40, 2114, 39, '', NULL, 'ru'),
(27, 2114, 18, '', NULL, 'ru'),
(32, 2115, 0, 'Shimano M430 Octa 44-32-22 CG', NULL, 'ru'),
(31, 2115, 0, 'Shimano SLX-9', NULL, 'ru'),
(30, 2115, 0, 'Shimano M390-9', NULL, 'ru'),
(29, 2115, 0, 'Shimano Alivio Rapidfire', NULL, 'ru'),
(28, 2115, 0, 'Disc Alloy / Shimano M475 Disc', NULL, 'ru'),
(26, 2115, 0, 'Merida Race 2.1', NULL, 'ru'),
(25, 2115, 0, 'Merida Comp D', NULL, 'ru'),
(46, 2115, 80, '', NULL, 'ru'),
(15, 2115, 0, 'SR Suntour XCM-HLO 100', NULL, 'ru'),
(41, 2115, 49, '', NULL, 'ru'),
(13, 2115, 0, 'Matts TFS Comp-D', NULL, 'ru'),
(43, 2115, 59, '', NULL, 'ru'),
(40, 2115, 39, '', NULL, 'ru'),
(27, 2115, 18, '', NULL, 'ru'),
(32, 2116, 0, 'Shimano M552-10 42-32-24', NULL, 'ru'),
(31, 2116, 0, 'Shimano Deore XT-10', NULL, 'ru'),
(30, 2116, 0, 'Shimano SLX', NULL, 'ru'),
(29, 2116, 0, 'Shimano SLX Rapidfire', NULL, 'ru'),
(28, 2116, 0, 'Shimano M435 Cen', NULL, 'ru'),
(26, 2116, 0, 'Schwalbe Rocket Ron / Racing Ralph Performance 2.1 Wire', NULL, 'ru'),
(25, 2116, 0, 'Merida Pro D, спицы Black stainless', NULL, 'ru'),
(46, 2116, 80, '', NULL, 'ru'),
(15, 2116, 0, 'Manitou Minute TS 100 Remote', NULL, 'ru'),
(41, 2116, 55, '', NULL, 'ru'),
(13, 2116, 0, 'Matts TFS Pro-D-Single', NULL, 'ru'),
(43, 2116, 59, '', NULL, 'ru'),
(40, 2116, 39, '', NULL, 'ru'),
(27, 2116, 18, '', NULL, 'ru'),
(42, 2117, 0, ' Shimano CS-HG30-8 11-32', NULL, 'ru'),
(33, 2117, 0, 'XC Steel', NULL, 'ru'),
(32, 2117, 0, 'Shimano M131 48-38-28 CG', NULL, 'ru'),
(31, 2117, 0, 'Shimano Acera-X', NULL, 'ru'),
(30, 2117, 0, 'Shimano M191', NULL, 'ru'),
(29, 2117, 0, 'Shimano EZ-Fire', NULL, 'ru'),
(28, 2117, 0, 'Alloy QR / Shimano RM30', NULL, 'ru'),
(26, 2117, 0, 'Cross 40C', NULL, 'ru'),
(25, 2117, 0, 'Cross Comp V', NULL, 'ru'),
(46, 2117, 82, '', NULL, 'ru'),
(15, 2117, 0, 'RST Neon ML 63', NULL, 'ru'),
(41, 2117, 47, '', NULL, 'ru'),
(13, 2117, 0, 'Crossway-V', NULL, 'ru'),
(43, 2117, 71, '', NULL, 'ru'),
(43, 2117, 62, '', NULL, 'ru'),
(40, 2117, 39, '', NULL, 'ru'),
(27, 2117, 17, '', NULL, 'ru'),
(36, 2118, 0, ' Merida Speed, 27.2 mm', NULL, 'ru'),
(35, 2118, 0, ' Merida Sport', NULL, 'ru'),
(34, 2118, 0, ' Ободные механические, V-Brake Linear', NULL, 'ru'),
(45, 2118, 74, '', NULL, 'ru'),
(42, 2118, 0, ' Shimano MF-TZ21 14-28', NULL, 'ru'),
(33, 2118, 0, ' PP pedal', NULL, 'ru'),
(32, 2118, 0, ' Shimano M131 42-34-24 CG', NULL, 'ru'),
(31, 2118, 0, ' Shimano Altus', NULL, 'ru'),
(30, 2118, 0, ' Shimano TY10 31.8-42', NULL, 'ru'),
(29, 2118, 0, ' Shimano ST-EF51 -3 / -7', NULL, 'ru'),
(28, 2118, 0, ' Alloy QR', NULL, 'ru'),
(26, 2118, 0, ' Merida 2.1', NULL, 'ru'),
(25, 2118, 0, ' Matts Comp V', NULL, 'ru'),
(46, 2118, 80, '', NULL, 'ru'),
(15, 2118, 0, ' SR XCT 100', NULL, 'ru'),
(41, 2118, 49, '', NULL, 'ru'),
(41, 2118, 54, '', NULL, 'ru'),
(41, 2118, 55, '', NULL, 'ru'),
(41, 2118, 75, '', NULL, 'ru'),
(13, 2118, 0, ' Matts OV-V', NULL, 'ru'),
(43, 2118, 59, '', NULL, 'ru'),
(40, 2118, 40, '', NULL, 'ru'),
(27, 2118, 17, '', NULL, 'ru'),
(42, 2119, 0, ' Shimano CS-HG31-8 11-32', NULL, 'ru'),
(33, 2119, 0, ' XC Steel', NULL, 'ru'),
(32, 2119, 0, ' Shimano M131 42-34-24 CG', NULL, 'ru'),
(31, 2119, 0, ' Shimano Acera-X', NULL, 'ru'),
(30, 2119, 0, ' Shimano M190', NULL, 'ru'),
(29, 2119, 0, ' Shimano ST-EF51 -3 / -8', NULL, 'ru'),
(28, 2119, 0, ' Alloy QR / Shimano RM30-8', NULL, 'ru'),
(26, 2119, 0, ' Merida 2.1', NULL, 'ru'),
(25, 2119, 0, ' Matts Comp V', NULL, 'ru'),
(46, 2119, 80, '', NULL, 'ru'),
(15, 2119, 0, ' SR XCT MLO 100', NULL, 'ru'),
(41, 2119, 49, '', NULL, 'ru'),
(13, 2119, 0, ' Matts OV-V', NULL, 'ru'),
(43, 2119, 59, '', NULL, 'ru'),
(40, 2119, 40, '', NULL, 'ru'),
(27, 2119, 17, '', NULL, 'ru'),
(42, 2120, 0, ' Shimano CS-HG31-8 11-32', NULL, 'ru'),
(33, 2120, 0, ' XC Steel', NULL, 'ru'),
(32, 2120, 0, ' Shimano M131 42-34-24 CG', NULL, 'ru'),
(31, 2120, 0, ' Shimano Acera-X', NULL, 'ru'),
(30, 2120, 0, ' Shimano M190', NULL, 'ru'),
(29, 2120, 0, ' Shimano ST-EF51 -3 / -8', NULL, 'ru'),
(28, 2120, 0, ' Alloy Disc QR', NULL, 'ru'),
(26, 2120, 0, ' Merida 2.1', NULL, 'ru'),
(25, 2120, 0, ' Matts Comp D', NULL, 'ru'),
(46, 2120, 80, '', NULL, 'ru'),
(15, 2120, 0, ' SR XCT MLO 100', NULL, 'ru'),
(41, 2120, 51, '', NULL, 'ru'),
(41, 2120, 55, '', NULL, 'ru'),
(41, 2120, 49, '', NULL, 'ru'),
(41, 2120, 54, '', NULL, 'ru'),
(13, 2120, 0, ' Matts OV-D', NULL, 'ru'),
(43, 2120, 59, '', NULL, 'ru'),
(40, 2120, 40, '', NULL, 'ru'),
(27, 2120, 17, '', NULL, 'ru'),
(33, 2121, 0, ' XC Alloy', NULL, 'ru'),
(32, 2121, 0, ' Shimano M131 42-34-24 CG', NULL, 'ru'),
(31, 2121, 0, ' Shimano Alivio 8', NULL, 'ru'),
(30, 2121, 0, ' Shimano M190 ', NULL, 'ru'),
(29, 2121, 0, ' Shimano SL-M360 Acera 3x8', NULL, 'ru'),
(28, 2121, 0, ' пер: Alloy Disc QR, зад:Alloy Disc QR', NULL, 'ru'),
(26, 2121, 0, ' MERIDA RACE 2.1 ', NULL, 'ru'),
(25, 2121, 0, ' Matts Comp D', NULL, 'ru'),
(46, 2121, 80, '', NULL, 'ru'),
(15, 2121, 0, ' SR XCT MLO 100', NULL, 'ru'),
(41, 2121, 51, '', NULL, 'ru'),
(41, 2121, 49, '', NULL, 'ru'),
(41, 2121, 55, '', NULL, 'ru'),
(41, 2121, 54, '', NULL, 'ru'),
(13, 2121, 0, ' Matts Speed-D', NULL, 'ru'),
(43, 2121, 59, '', NULL, 'ru'),
(40, 2121, 40, '', NULL, 'ru'),
(27, 2121, 18, '', NULL, 'ru'),
(33, 2122, 0, ' XC Alloy', NULL, 'ru'),
(32, 2122, 0, ' SR XCM 44-32-22 CG', NULL, 'ru'),
(31, 2122, 0, ' Sram X5', NULL, 'ru'),
(30, 2122, 0, ' Sram X5 31.9', NULL, 'ru'),
(29, 2122, 0, ' Sram X5 trigger 3x9', NULL, 'ru'),
(28, 2122, 0, ' пер: Alloy Disc QR, зад: Alloy Disc QR', NULL, 'ru'),
(26, 2122, 0, ' MERIDA RACE 2.1 ', NULL, 'ru'),
(25, 2122, 0, ' Matts Comp D', NULL, 'ru'),
(46, 2122, 80, '', NULL, 'ru'),
(15, 2122, 0, ' SR XCT MLO 100', NULL, 'ru'),
(41, 2122, 49, '', NULL, 'ru'),
(41, 2122, 55, '', NULL, 'ru'),
(13, 2122, 0, ' Matts Speed-D', NULL, 'ru'),
(43, 2122, 59, '', NULL, 'ru'),
(40, 2122, 40, '', NULL, 'ru'),
(27, 2122, 18, '', NULL, 'ru'),
(34, 2123, 0, ' Tektro HDC-300 180/160', NULL, 'ru'),
(45, 2123, 73, '', NULL, 'ru'),
(42, 2123, 0, ' Sram PG820 11-32', NULL, 'ru'),
(33, 2123, 0, ' XC Alloy', NULL, 'ru'),
(32, 2123, 0, ' Shimano M171 42-34-24 CG', NULL, 'ru'),
(31, 2123, 0, ' Shimano Alivio 8', NULL, 'ru'),
(30, 2123, 0, ' Shimano M190 ', NULL, 'ru'),
(29, 2123, 0, ' Shimano SL-M360 Acera 3x8', NULL, 'ru'),
(28, 2123, 0, ' Alloy Disc QR', NULL, 'ru'),
(26, 2123, 0, ' MERIDA RACE 2.1 ', NULL, 'ru'),
(25, 2123, 0, ' Matts Comp ND', NULL, 'ru'),
(46, 2123, 80, '', NULL, 'ru'),
(15, 2123, 0, ' SR XCM MLO 100', NULL, 'ru'),
(41, 2123, 49, '', NULL, 'ru'),
(41, 2123, 55, '', NULL, 'ru'),
(13, 2123, 0, ' Matts TFS comp-D', NULL, 'ru'),
(43, 2123, 59, '', NULL, 'ru'),
(40, 2123, 40, '', NULL, 'ru'),
(27, 2123, 18, '', NULL, 'ru'),
(32, 2124, 0, ' Shimano M131 42-34-24 CG', NULL, 'ru'),
(31, 2124, 0, ' Shimano Altus', NULL, 'ru'),
(30, 2124, 0, ' Shimano TY10 31.8-42', NULL, 'ru'),
(29, 2124, 0, ' Shimano ST-EF51 -3 / -7', NULL, 'ru'),
(28, 2124, 0, ' Alloy QR / Alloy Cassette-8', NULL, 'ru'),
(26, 2124, 0, ' Merida 1.95', NULL, 'ru'),
(25, 2124, 0, ' Двойные, Juliet Comp V', NULL, 'ru'),
(46, 2124, 80, '', NULL, 'ru'),
(15, 2124, 0, ' SR XCT 80', NULL, 'ru'),
(41, 2124, 55, '', NULL, 'ru'),
(41, 2124, 75, '', NULL, 'ru'),
(41, 2124, 54, '', NULL, 'ru'),
(41, 2124, 53, '', NULL, 'ru'),
(13, 2124, 0, ' Juliet Speed-V', NULL, 'ru'),
(43, 2124, 59, '', NULL, 'ru'),
(40, 2124, 40, '', NULL, 'ru'),
(27, 2124, 17, '', NULL, 'ru'),
(33, 2125, 0, ' XC Steel', NULL, 'ru'),
(32, 2125, 0, ' SR XCC 48-38-28 CG', NULL, 'ru'),
(31, 2125, 0, ' Shimano Acera-X', NULL, 'ru'),
(30, 2125, 0, ' Shimano M191', NULL, 'ru'),
(29, 2125, 0, ' Shimano ST-EF51-8', NULL, 'ru'),
(28, 2125, 0, ' пер: Alloy QR, зад: Alloy Cassette-8', NULL, 'ru'),
(26, 2125, 0, ' Cross 40C', NULL, 'ru'),
(25, 2125, 0, ' Cross Comp V', NULL, 'ru'),
(46, 2125, 82, '', NULL, 'ru'),
(15, 2125, 0, ' SR M3010 50', NULL, 'ru'),
(41, 2125, 49, '', NULL, 'ru'),
(41, 2125, 47, '', NULL, 'ru'),
(13, 2125, 0, ' Crossway-V', NULL, 'ru'),
(43, 2125, 72, '', NULL, 'ru'),
(43, 2125, 71, '', NULL, 'ru'),
(40, 2125, 40, '', NULL, 'ru'),
(27, 2125, 17, '', NULL, 'ru'),
(42, 2126, 0, ' Sram PG820 11-32', NULL, 'ru'),
(33, 2126, 0, ' Lite Alloy', NULL, 'ru'),
(32, 2126, 0, ' Shimano M171 48-38-28 CG', NULL, 'ru'),
(31, 2126, 0, ' Shimano Alivio 8', NULL, 'ru'),
(30, 2126, 0, ' Shimano M191', NULL, 'ru'),
(29, 2126, 0, ' Shimano SL-M360 -3 / -8', NULL, 'ru'),
(28, 2126, 0, ' Alloy Disc QR', NULL, 'ru'),
(26, 2126, 0, ' Merida Speed 40 Reflex', NULL, 'ru'),
(25, 2126, 0, ' Cross Comp ND', NULL, 'ru'),
(46, 2126, 82, '', NULL, 'ru'),
(15, 2126, 0, ' SR NEX ML 63', NULL, 'ru'),
(13, 2126, 0, ' Crossway TFS-D', NULL, 'ru'),
(41, 2126, 49, '', NULL, 'ru'),
(43, 2126, 72, '', NULL, 'ru'),
(43, 2126, 71, '', NULL, 'ru'),
(43, 2126, 62, '', NULL, 'ru'),
(40, 2126, 40, '', NULL, 'ru'),
(27, 2126, 17, '', NULL, 'ru'),
(35, 2127, 0, ' Dakar kid 24', NULL, 'ru'),
(34, 2127, 0, ' V-Brake Linear', NULL, 'ru'),
(45, 2127, 74, '', NULL, 'ru'),
(42, 2127, 0, ' Shimano MF-TZ21 14-28', NULL, 'ru'),
(33, 2127, 0, ' XC Steel', NULL, 'ru'),
(32, 2127, 0, ' SR XCC 42-34-24 CG', NULL, 'ru'),
(31, 2127, 0, ' Shimano TX31', NULL, 'ru'),
(30, 2127, 0, ' Shimano TZ30', NULL, 'ru'),
(29, 2127, 0, ' Shimano RS31-3, Shimano RS31-7', NULL, 'ru'),
(28, 2127, 0, ' пер: Alloy QR, зад.:Alloy QR', NULL, 'ru'),
(26, 2127, 0, ' MTB 1.95', NULL, 'ru'),
(25, 2127, 0, ' Alloy', NULL, 'ru'),
(37, 2128, 0, ' Ahead CEN, 15В°', NULL, 'ru'),
(35, 2128, 0, ' Dakar Kid 20', NULL, 'ru'),
(36, 2128, 0, ' Alloy, 27.2 mm', NULL, 'ru'),
(34, 2128, 0, ' Ободные механические, V-Brake Linear', NULL, 'ru'),
(45, 2128, 74, '', NULL, 'ru'),
(33, 2128, 0, ' XC Steel', NULL, 'ru'),
(42, 2128, 0, ' Shimano MF-TZ21 14-28', NULL, 'ru'),
(32, 2128, 0, ' Steel 40 DG', NULL, 'ru'),
(31, 2128, 0, ' Shimano FT30', NULL, 'ru'),
(29, 2128, 0, ' --- / Shimano RS31-7', NULL, 'ru'),
(28, 2128, 0, ' Alloy QR', NULL, 'ru'),
(25, 2128, 0, ' Alloy', NULL, 'ru'),
(26, 2128, 0, ' MTB 1.95', NULL, 'ru'),
(46, 2128, 84, '', NULL, 'ru'),
(15, 2128, 0, ' Suspension S20', NULL, 'ru'),
(13, 2128, 0, ' D620 Alloy', NULL, 'ru'),
(45, 2129, 74, '', NULL, 'ru'),
(42, 2129, 0, ' Shimano MF-TZ21 14-28', NULL, 'ru'),
(33, 2129, 0, ' XC Steel', NULL, 'ru'),
(32, 2129, 0, ' Steel 40 DG', NULL, 'ru'),
(31, 2129, 0, ' Shimano FT30', NULL, 'ru'),
(29, 2129, 0, ' --- / Shimano RS31-7', NULL, 'ru'),
(28, 2129, 0, ' Alloy QR', NULL, 'ru'),
(26, 2129, 0, ' MTB 1.95', NULL, 'ru'),
(25, 2129, 0, ' Alloy', NULL, 'ru'),
(46, 2129, 84, '', NULL, 'ru'),
(15, 2129, 0, ' Пружинно-эластомерная, Suspension S20', NULL, 'ru'),
(13, 2129, 0, ' D620 Alloy', NULL, 'ru'),
(43, 2129, 68, '', NULL, 'ru'),
(40, 2129, 40, '', NULL, 'ru'),
(27, 2129, 27, '', NULL, 'ru'),
(32, 2130, 0, ' FSA Tempo 50-34', NULL, 'ru'),
(31, 2130, 0, ' Shimano Sora SS', NULL, 'ru'),
(30, 2130, 0, ' Shimano FD-2200', NULL, 'ru'),
(29, 2130, 0, ' Shimano ST2300-2, Shimano ST2300-8', NULL, 'ru'),
(28, 2130, 0, ' пер: Alloy QR, зад:Shimano 2200', NULL, 'ru'),
(26, 2130, 0, ' Maxxis Rouler 23 wire', NULL, 'ru'),
(25, 2130, 0, ' Alex R450 Black/NC', NULL, 'ru'),
(46, 2130, 81, '', NULL, 'ru'),
(15, 2130, 0, ' BC CF lite 3-S taper', NULL, 'ru'),
(41, 2130, 51, '', NULL, 'ru'),
(13, 2130, 0, ' Race comp-Single', NULL, 'ru'),
(43, 2130, 63, '', NULL, 'ru'),
(40, 2130, 40, '', NULL, 'ru'),
(27, 2130, 18, '', NULL, 'ru'),
(32, 2131, 0, 'Shimano Acera FC-M361 42x32x22T, Innenlager BB-UN26 123mm', NULL, 'ru'),
(31, 2131, 0, 'Shimano Alivio RD-M410 Top Normal 8-speed', NULL, 'ru'),
(30, 2131, 0, 'Shimano FD-M310, Top Swing 34.9mm, 8-speed', NULL, 'ru'),
(29, 2131, 0, 'Shimano Schalt-/Bremsgriffe ST-EF51 EZ Fire Plus, 8-speed', NULL, 'ru'),
(28, 2131, 0, 'Shimano HB-RM40 / Shimano FH-RM30', NULL, 'ru'),
(26, 2131, 0, 'Schwalbe Smart Sam 2.25', NULL, 'ru'),
(25, 2131, 0, 'Mach1 Exe', NULL, 'ru'),
(46, 2131, 80, '', NULL, 'ru'),
(15, 2131, 0, 'Suntour XCM Lockout 100mm', NULL, 'ru'),
(41, 2131, 49, '', NULL, 'ru'),
(41, 2131, 55, '', NULL, 'ru'),
(43, 2131, 59, '', NULL, 'ru'),
(13, 2131, 0, 'Alu Lite 6061 AMF RFR-Geometry', NULL, 'ru'),
(40, 2131, 40, '', NULL, 'ru'),
(27, 2131, 18, '', NULL, 'ru'),
(27, 2024, 18, '', NULL, 'ru'),
(13, 2057, 0, 'Alpha Gold Aluminum, батированные и гидроформованые трубы, G2 Geometry', NULL, 'ru'),
(43, 2057, 59, '', NULL, 'ru'),
(27, 2057, 76, '', NULL, 'ru'),
(40, 2057, 40, '', NULL, 'ru'),
(27, 2057, 18, '', NULL, 'ru'),
(27, 2058, 76, '', NULL, 'ru'),
(40, 2058, 40, '', NULL, 'ru'),
(27, 2058, 18, '', NULL, 'ru'),
(32, 2132, 0, 'Shimano Acera FC-M361 42x32x22T, Интегрированная BB-UN26 123mm', NULL, 'ru'),
(31, 2132, 0, 'Shimano FD-M310, Top Swing 34.9mm, 8-speed', NULL, 'ru'),
(30, 2132, 0, 'Shimano Alivio RD-M410 Top Normal 8-speed', NULL, 'ru'),
(29, 2132, 0, 'Shimano Schalt-/Bremsgriffe ST-EF51 EZ Fire Plus, 8-speed', NULL, 'ru'),
(28, 2132, 0, 'Shimano HB-RM40 (перед.) Shimano FH-RM30(зад.)', NULL, 'ru'),
(26, 2132, 0, 'Schwalbe Smart Sam 2.25', NULL, 'ru'),
(25, 2132, 0, 'Mach1 Exe 29er', NULL, 'ru'),
(46, 2132, 83, '', NULL, 'ru'),
(15, 2132, 0, 'Suntour XCT 29er Lockout 100mm', NULL, 'ru'),
(41, 2132, 47, '', NULL, 'ru'),
(13, 2132, 0, 'Alu Lite 6061 AMF 29er RFR-Geometry', NULL, 'ru'),
(40, 2132, 40, '', NULL, 'ru'),
(43, 2132, 59, '', NULL, 'ru'),
(27, 2132, 76, '', NULL, 'ru'),
(27, 2132, 18, '', NULL, 'ru'),
(31, 2133, 0, 'Shimano Alivio RD-M410 Top Normal 8-speed', NULL, 'ru'),
(30, 2133, 0, 'Shimano FD-M310, Top Swing 34.9mm, 8-speed', NULL, 'ru'),
(29, 2133, 0, 'Shimano SL-M310 Rapidfire-Plus, 8-speed', NULL, 'ru'),
(28, 2133, 0, 'Shimano HB-RM35 Centerlock Disc', NULL, 'ru'),
(26, 2133, 0, 'Schwalbe Smart Sam 2.25', NULL, 'ru'),
(25, 2133, 0, 'RFR ZX24 ', NULL, 'ru'),
(46, 2133, 80, '', NULL, 'ru'),
(15, 2133, 0, 'Suntour XCM Lockout 100mm', NULL, 'ru'),
(41, 2133, 54, '', NULL, 'ru'),
(13, 2133, 0, 'Alu Lite 6061 AMF RFR-Geometry, disc only', NULL, 'ru'),
(43, 2133, 59, '', NULL, 'ru'),
(40, 2133, 40, '', NULL, 'ru'),
(27, 2133, 18, '', NULL, 'ru'),
(27, 2025, 17, '', NULL, 'ru'),
(27, 2027, 17, '', NULL, 'ru'),
(39, 2027, 0, '1-1/8', NULL, 'ru'),
(33, 2028, 0, 'Wellgo nylon platform', NULL, 'ru'),
(43, 2028, 59, '', NULL, 'ru'),
(40, 2028, 39, '', NULL, 'ru'),
(27, 2028, 17, '', NULL, 'ru'),
(40, 2032, 39, '', NULL, 'ru'),
(37, 2033, 0, 'Bontrager Race Lite, 31.8mm', NULL, 'ru'),
(38, 2033, 0, 'Bontrager Low Riser OS, 31.8mm, 15mm rise, 9 degree sweep', NULL, 'ru'),
(39, 2033, 0, '1-1/8', NULL, 'ru'),
(13, 2034, 0, '24', NULL, 'ru'),
(40, 2034, 39, '', NULL, 'ru'),
(43, 2035, 68, '', NULL, 'ru'),
(39, 2052, 0, '1-1/8', NULL, 'ru'),
(36, 2053, 0, 'Bontrager SSR, 31.6mm, 12mm offset', NULL, 'ru'),
(37, 2053, 0, 'Bontrager Approved, 25.4mm, 25 degree', NULL, 'ru'),
(38, 2053, 0, 'Bontrager Riser, 25.4mm, 30mm rise', NULL, 'ru'),
(39, 2053, 0, '1-1/8', NULL, 'ru'),
(38, 2054, 0, 'Bontrager Low Riser, 31.8mm, 15mm rise, 9 degree sweep', NULL, 'ru'),
(39, 2054, 0, '1-1/8', NULL, 'ru'),
(39, 2055, 0, '1-1/8', NULL, 'ru'),
(42, 2056, 0, 'Shimano HG20 11-34, 9 speed', NULL, 'ru'),
(45, 2056, 73, '', NULL, 'ru'),
(34, 2056, 0, 'Hayes Dyno Sport Hydraulic Disc', NULL, 'ru'),
(35, 2056, 0, 'Bontrager Evoke 1', NULL, 'ru'),
(36, 2056, 0, 'Bontrager SSR, 31.6mm, 20mm offse', NULL, 'ru'),
(37, 2056, 0, 'Bontrager SSR, 31.8mm, 10 degree', NULL, 'ru'),
(38, 2056, 0, 'Bontrager Low Riser, 31.8mm, 15mm rise, 9 degree sweep', NULL, 'ru'),
(39, 2056, 0, '1-1/8', NULL, 'ru'),
(38, 2057, 0, 'Bontrager Low Riser, 31.8mm, 5mm rise, 9 degree sweep', NULL, 'ru'),
(39, 2057, 0, '1-1/8', NULL, 'ru'),
(40, 2059, 40, '', NULL, 'ru'),
(27, 2059, 27, '', NULL, 'ru'),
(26, 2060, 0, 'Bontrager SX, 24x2.0', NULL, 'ru'),
(46, 2060, 79, '', NULL, 'ru'),
(25, 2060, 0, '32-отв.aluminum', NULL, 'ru'),
(15, 2060, 0, 'Dialed SR Suntour suspension, 40mm хода', NULL, 'ru');
INSERT INTO `catalog_product_features_values` (`feature_id`, `product_id`, `variant_id`, `value`, `value_int`, `language_code`) VALUES
(13, 2060, 0, '24', NULL, 'ru'),
(43, 2060, 69, '', NULL, 'ru'),
(36, 2061, 0, 'Steel', NULL, 'ru'),
(15, 2061, 0, 'Dialed SR Suntour suspension, 40mm хода  ', NULL, 'ru'),
(13, 2061, 0, '24', NULL, 'ru'),
(43, 2061, 69, '', NULL, 'ru'),
(40, 2061, 40, '', NULL, 'ru'),
(27, 2061, 28, '', NULL, 'ru'),
(38, 2062, 0, 'Dialed 16', NULL, 'ru'),
(13, 2062, 0, '16', NULL, 'ru'),
(43, 2062, 68, '', NULL, 'ru'),
(40, 2062, 40, '', NULL, 'ru'),
(27, 2062, 28, '', NULL, 'ru'),
(33, 2063, 0, 'Wellgo nylon platform', NULL, 'ru'),
(42, 2063, 0, 'Shimano TZ31 14-34, 7 speed', NULL, 'ru'),
(45, 2063, 74, '', NULL, 'ru'),
(34, 2063, 0, 'Tektro V-brake', NULL, 'ru'),
(35, 2063, 0, 'Bontrager SSR WSD', NULL, 'ru'),
(36, 2063, 0, 'Bontrager SSR, 31.6mm, 20mm offset', NULL, 'ru'),
(37, 2063, 0, 'Bontrager Approved, 25.4mm, 40 degree', NULL, 'ru'),
(38, 2063, 0, 'Bontrager Riser, 25.4mm, 30mm rise', NULL, 'ru'),
(39, 2063, 0, '1-1/8', NULL, 'ru'),
(32, 2064, 0, 'Shimano M171, 42/34/24', NULL, 'ru'),
(33, 2064, 0, 'Wellgo nylon platform', NULL, 'ru'),
(42, 2064, 0, 'Shimano HG20 12-32, 8 speed', NULL, 'ru'),
(45, 2064, 74, '', NULL, 'ru'),
(34, 2064, 0, 'Tektro V-brake', NULL, 'ru'),
(35, 2064, 0, 'Bontrager SSR WSD', NULL, 'ru'),
(36, 2064, 0, 'Bontrager SSR, 31.6mm, 20mm offset', NULL, 'ru'),
(37, 2064, 0, 'Bontrager Approved, 25.4mm, 40 degree', NULL, 'ru'),
(38, 2064, 0, 'Bontrager Riser, 25.4mm, 30mm rise', NULL, 'ru'),
(39, 2064, 0, ' 	1-1/8', NULL, 'ru'),
(42, 2065, 0, 'Shimano HG20 11-34, 9 speed', NULL, 'ru'),
(45, 2065, 74, '', NULL, 'ru'),
(34, 2065, 0, 'Tektro V-brake', NULL, 'ru'),
(35, 2065, 0, 'Bontrager SSR WSD', NULL, 'ru'),
(36, 2065, 0, 'Bontrager SSR, 31.6mm, 20mm offset', NULL, 'ru'),
(37, 2065, 0, 'Bontrager SSR, 31.8mm, 10 degree', NULL, 'ru'),
(38, 2065, 0, 'Bontrager Low Riser, 31.8mm, 15mm rise, 9 degree sweep', NULL, 'ru'),
(39, 2065, 0, '1-1/8', NULL, 'ru'),
(15, 2066, 0, 'SR Suntour M3000AL', NULL, 'ru'),
(13, 2066, 0, 'D620 Alloy', NULL, 'ru'),
(43, 2066, 69, '', NULL, 'ru'),
(43, 2066, 68, '', NULL, 'ru'),
(40, 2066, 39, '', NULL, 'ru'),
(27, 2066, 27, '', NULL, 'ru'),
(45, 2067, 74, '', NULL, 'ru'),
(34, 2067, 0, 'V-Brake Linear', NULL, 'ru'),
(35, 2067, 0, 'Juliet', NULL, 'ru'),
(36, 2067, 0, 'Merida Speed 27.2', NULL, 'ru'),
(37, 2067, 0, 'Merida Ahead', NULL, 'ru'),
(38, 2067, 0, 'Merida Speed R30 600', NULL, 'ru'),
(39, 2067, 0, 'Conoid', NULL, 'ru'),
(45, 2110, 74, '', NULL, 'ru'),
(34, 2110, 0, 'V-Brake Linear', NULL, 'ru'),
(35, 2110, 0, 'Juliet', NULL, 'ru'),
(36, 2110, 0, 'Merida Speed, диаметр 27.2 мм', NULL, 'ru'),
(37, 2110, 0, 'Merida Ahead', NULL, 'ru'),
(38, 2110, 0, 'Merida Speed R30 600', NULL, 'ru'),
(45, 2111, 74, '', NULL, 'ru'),
(34, 2111, 0, 'V-Brake Linear', NULL, 'ru'),
(35, 2111, 0, 'Merida Comfort', NULL, 'ru'),
(36, 2111, 0, 'Merida Speed 27.2', NULL, 'ru'),
(37, 2111, 0, 'Merida Speed OS', NULL, 'ru'),
(38, 2111, 0, 'Merida Comp OS R25 620', NULL, 'ru'),
(39, 2111, 0, 'A-Head OS', NULL, 'ru'),
(42, 2112, 0, 'Shimano CS-HG30-8 11-32', NULL, 'ru'),
(45, 2112, 74, '', NULL, 'ru'),
(34, 2112, 0, 'V-Brake Linear', NULL, 'ru'),
(35, 2112, 0, 'Merida Sport', NULL, 'ru'),
(36, 2112, 0, 'Merida Speed 27.2', NULL, 'ru'),
(37, 2112, 0, 'Merida Speed OS', NULL, 'ru'),
(38, 2112, 0, 'Merida Comp OS R25 620', NULL, 'ru'),
(39, 2112, 0, 'A-Head OS', NULL, 'ru'),
(45, 2113, 73, '', NULL, 'ru'),
(34, 2113, 0, 'Tektro Draco 180/160', NULL, 'ru'),
(35, 2113, 0, 'Merida Sport', NULL, 'ru'),
(36, 2113, 0, 'Merida Comp 31.6', NULL, 'ru'),
(37, 2113, 0, 'Merida Comp 1 OS', NULL, 'ru'),
(38, 2113, 0, 'Merida Comp OS 640 R25', NULL, 'ru'),
(39, 2113, 0, 'A-Head OS', NULL, 'ru'),
(45, 2114, 74, '', NULL, 'ru'),
(34, 2114, 0, 'Linear V-A base', NULL, 'ru'),
(35, 2114, 0, 'Merida Sport', NULL, 'ru'),
(36, 2114, 0, 'Merida Comp 31.6', NULL, 'ru'),
(37, 2114, 0, 'Merida Comp 1 OS', NULL, 'ru'),
(38, 2114, 0, 'Merida Comp OS 640 R25', NULL, 'ru'),
(39, 2114, 0, 'A-Head OS', NULL, 'ru'),
(33, 2115, 0, 'XC Alloy', NULL, 'ru'),
(42, 2115, 0, 'Shimano CS-HG20-9 11-34', NULL, 'ru'),
(45, 2115, 73, '', NULL, 'ru'),
(34, 2115, 0, 'Tektro Draco 180/160', NULL, 'ru'),
(35, 2115, 0, 'Merida Sport', NULL, 'ru'),
(36, 2115, 0, 'Merida Comp 31.6', NULL, 'ru'),
(37, 2115, 0, 'Merida Comp 1 OS', NULL, 'ru'),
(38, 2115, 0, 'Merida Comp OS 640 R25', NULL, 'ru'),
(39, 2115, 0, 'A-Head OS', NULL, 'ru'),
(33, 2116, 0, 'XC Alloy', NULL, 'ru'),
(42, 2116, 0, 'Shimano CS-HG62-10 11-36', NULL, 'ru'),
(45, 2116, 73, '', NULL, 'ru'),
(34, 2116, 0, 'Shimano M446 180/160', NULL, 'ru'),
(35, 2116, 0, 'Merida Pro', NULL, 'ru'),
(36, 2116, 0, 'Merida Pro 2 31.6', NULL, 'ru'),
(37, 2116, 0, 'Merida Pro OS', NULL, 'ru'),
(38, 2116, 0, 'Merida Pro OS 640 R25', NULL, 'ru'),
(39, 2116, 0, 'BB-410 Neck', NULL, 'ru'),
(45, 2117, 74, '', NULL, 'ru'),
(34, 2117, 0, 'V-Brake Linear', NULL, 'ru'),
(35, 2117, 0, 'Cross', NULL, 'ru'),
(36, 2117, 0, 'Suspension 27.2', NULL, 'ru'),
(37, 2117, 0, 'Adjustable A-Head', NULL, 'ru'),
(38, 2117, 0, 'Merida Speed R30 600', NULL, 'ru'),
(39, 2117, 0, 'A-Head', NULL, 'ru'),
(37, 2118, 0, ' Merida, 15В°', NULL, 'ru'),
(38, 2118, 0, ' Merida Steel, 620 / 30 mm Rise', NULL, 'ru'),
(39, 2118, 0, ' Ahead OS', NULL, 'ru'),
(45, 2119, 74, '', NULL, 'ru'),
(34, 2119, 0, ' Ободные механические, V-Brake Linear', NULL, 'ru'),
(35, 2119, 0, ' Merida Sport', NULL, 'ru'),
(36, 2119, 0, ' Merida Speed, 27.2 mm', NULL, 'ru'),
(37, 2119, 0, ' Merida Speed OS, 10В°', NULL, 'ru'),
(38, 2119, 0, ' Merida Speed OS, 620 / 25 mm Rise', NULL, 'ru'),
(39, 2119, 0, ' Ahead OS', NULL, 'ru'),
(45, 2120, 73, '', NULL, 'ru'),
(34, 2120, 0, ' Дисковые механические, Tektro Novela 160/160 mm', NULL, 'ru'),
(35, 2120, 0, ' Merida Sport', NULL, 'ru'),
(36, 2120, 0, ' Merida Speed, 27.2 mm', NULL, 'ru'),
(37, 2120, 0, ' Merida Speed OS, 10В°', NULL, 'ru'),
(38, 2120, 0, ' Merida Speed OS, 620 / 25 mm Rise', NULL, 'ru'),
(39, 2120, 0, ' Ahead OS', NULL, 'ru'),
(42, 2121, 0, ' Sram PG820 11-32', NULL, 'ru'),
(45, 2121, 73, '', NULL, 'ru'),
(34, 2121, 0, ' Tektro HDC-300 160', NULL, 'ru'),
(35, 2121, 0, ' MERIDA Sport', NULL, 'ru'),
(36, 2121, 0, ' MERIDA speed 27.2', NULL, 'ru'),
(37, 2121, 0, ' MERIDA comp 1 OS 10', NULL, 'ru'),
(38, 2121, 0, ' MERIDA comp OS 640 R25', NULL, 'ru'),
(39, 2121, 0, ' A-Head OS', NULL, 'ru'),
(42, 2122, 0, ' SunRace CS-M9 11-32', NULL, 'ru'),
(45, 2122, 73, '', NULL, 'ru'),
(34, 2122, 0, ' Tektro HDC-300 160', NULL, 'ru'),
(35, 2122, 0, ' MERIDA Sport', NULL, 'ru'),
(36, 2122, 0, ' MERIDA speed 27.2', NULL, 'ru'),
(37, 2122, 0, ' MERIDA comp 1 OS 10', NULL, 'ru'),
(38, 2122, 0, ' MERIDA comp OS 640 R25', NULL, 'ru'),
(39, 2122, 0, ' A-Head OS', NULL, 'ru'),
(35, 2123, 0, ' MERIDA Pro Stripe/Slim', NULL, 'ru'),
(36, 2123, 0, ' MERIDA comp SB12 31.6', NULL, 'ru'),
(37, 2123, 0, ' MERIDA comp 1 OS 10', NULL, 'ru'),
(38, 2123, 0, ' MERIDA comp OS 640 R25', NULL, 'ru'),
(39, 2123, 0, ' NO.11p Neck', NULL, 'ru'),
(33, 2124, 0, ' PP pedal', NULL, 'ru'),
(42, 2124, 0, ' Shimano MF-TZ21 14-28', NULL, 'ru'),
(45, 2124, 74, '', NULL, 'ru'),
(34, 2124, 0, ' Ободные механические, V-Brake Linear', NULL, 'ru'),
(35, 2124, 0, ' Juliet Comfort', NULL, 'ru'),
(36, 2124, 0, ' Merida Speed, 27.2 mm', NULL, 'ru'),
(37, 2124, 0, ' Merida, 15', NULL, 'ru'),
(38, 2124, 0, ' Merida Steel, 620 / 30 mm Rise', NULL, 'ru'),
(39, 2124, 0, ' Conoid', NULL, 'ru'),
(42, 2125, 0, ' SunRace CS-M8 11-32', NULL, 'ru'),
(45, 2125, 74, '', NULL, 'ru'),
(34, 2125, 0, ' V-Brake Linear', NULL, 'ru'),
(35, 2125, 0, ' Cross', NULL, 'ru'),
(36, 2125, 0, ' Suspension 27.2', NULL, 'ru'),
(37, 2125, 0, ' Adjustable A-Head', NULL, 'ru'),
(38, 2125, 0, ' Merida Steel R30 600', NULL, 'ru'),
(39, 2125, 0, ' A-Head', NULL, 'ru'),
(45, 2126, 74, '', NULL, 'ru'),
(34, 2126, 0, ' Дисковые гидравлические, Tektro HDC-300 160/160 mm', NULL, 'ru'),
(35, 2126, 0, ' Cross Sport', NULL, 'ru'),
(36, 2126, 0, ' Suspension One D, 27.2 mm', NULL, 'ru'),
(37, 2126, 0, ' Adjustable Pro OS Ahead', NULL, 'ru'),
(38, 2126, 0, ' Merida Comp OS, 620 / 25 mm Rise', NULL, 'ru'),
(39, 2126, 0, ' Conoid 811N Neck', NULL, 'ru'),
(46, 2127, 79, '', NULL, 'ru'),
(15, 2127, 0, ' Suspension S24', NULL, 'ru'),
(13, 2127, 0, ' D624 Alloy', NULL, 'ru'),
(43, 2127, 69, '', NULL, 'ru'),
(40, 2127, 40, '', NULL, 'ru'),
(27, 2127, 27, '', NULL, 'ru'),
(43, 2128, 69, '', NULL, 'ru'),
(40, 2128, 40, '', NULL, 'ru'),
(27, 2128, 28, '', NULL, 'ru'),
(34, 2129, 0, ' Ободные механические, V-Brake Linear', NULL, 'ru'),
(35, 2129, 0, ' Dakar Kid 20', NULL, 'ru'),
(36, 2129, 0, ' Alloy, 27.2 mm', NULL, 'ru'),
(37, 2129, 0, ' Ahead CEN, 15В°', NULL, 'ru'),
(38, 2129, 0, ' Merida CEN Steel Riser, 540 mm', NULL, 'ru'),
(39, 2129, 0, ' Ahead', NULL, 'ru'),
(42, 2130, 0, ' Sunrace CS-R6 12-25', NULL, 'ru'),
(45, 2130, 74, '', NULL, 'ru'),
(34, 2130, 0, ' ROAD Dual Pivot', NULL, 'ru'),
(35, 2130, 0, ' MERIDA Pro SI', NULL, 'ru'),
(36, 2130, 0, ' MERIDA comp SB12 27.2', NULL, 'ru'),
(37, 2130, 0, ' MERIDA comp 1 OS -10', NULL, 'ru'),
(38, 2130, 0, ' Merida Anatomic Road OS', NULL, 'ru'),
(39, 2130, 0, ' NO.55EP Neck-com', NULL, 'ru'),
(33, 2131, 0, 'Alu PD-971', NULL, 'ru'),
(45, 2131, 74, '', NULL, 'ru'),
(34, 2131, 0, 'Shimano BR-M422 V-Brake', NULL, 'ru'),
(35, 2131, 0, 'Scape Active 8', NULL, 'ru'),
(36, 2131, 0, 'Easton EA30 31.6*400mm', NULL, 'ru'),
(37, 2131, 0, 'Easton EA30 Oversized, Lenkerklemmung 31.8mm, 8°', NULL, 'ru'),
(38, 2131, 0, 'Easton EA30 Lowriser Oversized, 660 mm', NULL, 'ru'),
(39, 2131, 0, 'FSA No.10 semi-integrated, 1 1/8', NULL, 'ru'),
(33, 2132, 0, 'Alu PD-971', NULL, 'ru'),
(45, 2132, 74, '', NULL, 'ru'),
(34, 2132, 0, 'Shimano BR-M422 V-Brake', NULL, 'ru'),
(35, 2132, 0, 'Scape Active 8', NULL, 'ru'),
(36, 2132, 0, 'Easton EA30 30.9*400mm', NULL, 'ru'),
(37, 2132, 0, 'Easton EA30 Oversized, Lenkerklemmung 31.8mm, 8°', NULL, 'ru'),
(38, 2132, 0, 'Easton EA30 Lowriser Oversized, 660 mm', NULL, 'ru'),
(39, 2132, 0, 'FSA No.10 semi-integrated, 1 1/8', NULL, 'ru'),
(32, 2133, 0, 'Shimano Acera FC-M361 42x32x22T', NULL, 'ru'),
(33, 2133, 0, 'Alu PD-971 ', NULL, 'ru'),
(45, 2133, 73, '', NULL, 'ru'),
(34, 2133, 0, 'Shimano BR-M395 hydr. disc brake (160/160mm)', NULL, 'ru'),
(35, 2133, 0, 'Scape Active 8', NULL, 'ru'),
(36, 2133, 0, 'Easton EA30 31.6*400mm', NULL, 'ru'),
(37, 2133, 0, 'Easton EA30 Oversized, 31.8mm, 8°', NULL, 'ru'),
(38, 2133, 0, 'Easton EA30 Lowriser Oversized, 660 mm', NULL, 'ru'),
(39, 2133, 0, 'FSA No.10 semi-integrated, 1 1/8', NULL, 'ru'),
(27, 2144, 18, '', NULL, 'ru'),
(27, 2144, 76, '', NULL, 'ru'),
(40, 2144, 40, '', NULL, 'ru'),
(43, 2144, 59, '', NULL, 'ru'),
(13, 2144, 0, 'Alu Lite 6061 AMF 29er RFR-Geometry, disc only', NULL, 'ru'),
(41, 2144, 47, '', NULL, 'ru'),
(41, 2144, 50, '', NULL, 'ru'),
(41, 2144, 57, '', NULL, 'ru'),
(15, 2144, 0, 'Suntour XCM 29er Lockout 100mm, Disc-only', NULL, 'ru'),
(46, 2144, 83, '', NULL, 'ru'),
(25, 2144, 0, 'RFR ZX24 29er', NULL, 'ru'),
(26, 2144, 0, 'Schwalbe Smart Sam 2.25', NULL, 'ru'),
(28, 2144, 0, 'Shimano HB-RM35 Centerlock Disc / Shimano FH-RM35 Centerlock Disc', NULL, 'ru'),
(29, 2144, 0, 'Shimano SL-M310 Rapidfire-Plus, 8-speed', NULL, 'ru'),
(30, 2144, 0, 'Shimano FD-M310, Top Swing 34.9mm, 8-speed', NULL, 'ru'),
(31, 2144, 0, 'Shimano Alivio RD-M410 Top Normal 8-speed', NULL, 'ru'),
(32, 2144, 0, 'Shimano Acera FC-M361 42x32x22T, Innenlager BB-UN26 123mm', NULL, 'ru'),
(33, 2144, 0, 'Alu PD-971', NULL, 'ru'),
(45, 2144, 73, '', NULL, 'ru'),
(34, 2144, 0, 'Shimano BR-M395 hydr. disc brake (160/160mm)', NULL, 'ru'),
(35, 2144, 0, 'Scape Active 8', NULL, 'ru'),
(36, 2144, 0, 'Easton EA30 30.9*400mm', NULL, 'ru'),
(37, 2144, 0, 'Easton EA30 Oversized, Lenkerklemmung 31.8mm, 8°', NULL, 'ru'),
(38, 2144, 0, 'Easton EA30 Lowriser Oversized, 660 mm', NULL, 'ru'),
(39, 2144, 0, 'FSA No.10 semi-integrated, 1 1/8"', NULL, 'ru'),
(27, 2145, 18, '', NULL, 'ru'),
(40, 2145, 40, '', NULL, 'ru'),
(43, 2145, 59, '', NULL, 'ru'),
(13, 2145, 0, 'Alu Lite 6061 AMF RFR-Geometry, disc only', NULL, 'ru'),
(41, 2145, 54, '', NULL, 'ru'),
(41, 2145, 55, '', NULL, 'ru'),
(41, 2145, 49, '', NULL, 'ru'),
(41, 2145, 51, '', NULL, 'ru'),
(15, 2145, 0, 'Rock Shox XC 28, 100mm, Poploc', NULL, 'ru'),
(46, 2145, 80, '', NULL, 'ru'),
(25, 2145, 0, 'RFR ZX24', NULL, 'ru'),
(26, 2145, 0, 'Schwalbe Smart Sam 2.25', NULL, 'ru'),
(28, 2145, 0, 'Shimano HB-RM66 Disc / Shimano FH-RM66 Disc', NULL, 'ru'),
(29, 2145, 0, 'Shimano Acera SL-M390, Rapidfire-Plus, 9-speed', NULL, 'ru'),
(30, 2145, 0, 'Shimano Alivio FD-M430, Top Swing 34.9mm, 9-speed', NULL, 'ru'),
(31, 2145, 0, 'Shimano Deore RD-M592 SGS Shadow, 9-speed', NULL, 'ru'),
(32, 2145, 0, 'Shimano Acera FC-M371 44x32x22T, Innenlager BB-UN26 123mm', NULL, 'ru'),
(33, 2145, 0, 'Alu PD-971', NULL, 'ru'),
(45, 2145, 73, '', NULL, 'ru'),
(34, 2145, 0, 'Shimano BR-M395 hydr. disc brake (160/160mm)', NULL, 'ru'),
(35, 2145, 0, 'Scape Active 8', NULL, 'ru'),
(36, 2145, 0, 'Easton EA30 31.6*400mm', NULL, 'ru'),
(37, 2145, 0, 'Easton EA30 Oversized, Lenkerklemmung 31.8mm, 8°', NULL, 'ru'),
(38, 2145, 0, 'Easton EA30 Lowriser Oversized, 660 mm', NULL, 'ru'),
(39, 2145, 0, 'FSA No.10 semi-integrated, 1 1/8"', NULL, 'ru'),
(27, 2146, 18, '', NULL, 'ru'),
(27, 2146, 76, '', NULL, 'ru'),
(40, 2146, 40, '', NULL, 'ru'),
(43, 2146, 59, '', NULL, 'ru'),
(13, 2146, 0, 'Alu Lite 6061 AMF 29er RFR-Geometry, disc only', NULL, 'ru'),
(41, 2146, 44, '', NULL, 'ru'),
(41, 2146, 47, '', NULL, 'ru'),
(41, 2146, 50, '', NULL, 'ru'),
(41, 2146, 57, '', NULL, 'ru'),
(15, 2146, 0, 'Rock Shox XC28 29", 100mm, Poploc', NULL, 'ru'),
(46, 2146, 83, '', NULL, 'ru'),
(25, 2146, 0, 'RFR ZX24 ', NULL, 'ru'),
(26, 2146, 0, 'Schwalbe Smart Sam 2.25', NULL, 'ru'),
(28, 2146, 0, 'Shimano HB-RM66 Centerlock Disc', NULL, 'ru'),
(29, 2146, 0, 'Shimano Acera SL-M390, Rapidfire-Plus, 9-speed', NULL, 'ru'),
(30, 2146, 0, 'Shimano Alivio FD-M430, Top Swing 34.9mm, 9-speed', NULL, 'ru'),
(31, 2146, 0, 'Shimano Deore RD-M592 SGS Shadow, 9-speed', NULL, 'ru'),
(32, 2146, 0, 'Shimano Acera FC-M371 44x32x22T', NULL, 'ru'),
(33, 2146, 0, 'Alu PD-971 ', NULL, 'ru'),
(45, 2146, 73, '', NULL, 'ru'),
(34, 2146, 0, 'Shimano BR-M395 hydr. disc brake (160/160mm)', NULL, 'ru'),
(35, 2146, 0, 'Scape Active 8', NULL, 'ru'),
(36, 2146, 0, 'Easton EA30 31.6*400mm', NULL, 'ru'),
(37, 2146, 0, 'Easton EA30 Oversized, 31.8mm, 8°', NULL, 'ru'),
(38, 2146, 0, 'Easton EA30 Lowriser Oversized, 660 mm', NULL, 'ru'),
(39, 2146, 0, 'FSA No.10 semi-integrated, 1 1/8"', NULL, 'ru'),
(31, 2147, 0, 'Shimano Deore RD-M593 SGS Shadow, 10-speed', NULL, 'ru'),
(30, 2147, 0, 'Shimano Deore FD-M590-10. Down Swing 34.9mm, 10-speed', NULL, 'ru'),
(29, 2147, 0, 'Shimano Deore SL-M591, Rapidfire-Plus, 10-speed', NULL, 'ru'),
(28, 2147, 0, 'Shimano HB-RM66 Centerlock Disc', NULL, 'ru'),
(26, 2147, 0, 'Schwalbe Smart Sam 2.25', NULL, 'ru'),
(46, 2147, 80, '', NULL, 'ru'),
(25, 2147, 0, 'RFR ZX24 ', NULL, 'ru'),
(41, 2147, 51, '', NULL, 'ru'),
(15, 2147, 0, 'Rock Shox XC 28, 100mm, Poploc', NULL, 'ru'),
(41, 2147, 49, '', NULL, 'ru'),
(41, 2147, 55, '', NULL, 'ru'),
(41, 2147, 54, '', NULL, 'ru'),
(13, 2147, 0, 'Alu Lite 6061 AMF RFR-Geometry, disc only', NULL, 'ru'),
(43, 2147, 59, '', NULL, 'ru'),
(40, 2147, 40, '', NULL, 'ru'),
(27, 2147, 18, '', NULL, 'ru'),
(32, 2147, 0, 'Shimano FC-M522, 42x32x24T, 175 mm, 3x10 speed', NULL, 'ru'),
(33, 2147, 0, 'Alu PD-971 ', NULL, 'ru'),
(45, 2147, 73, '', NULL, 'ru'),
(34, 2147, 0, 'Shimano BR-M395 hydr. disc brake (160/160mm)', NULL, 'ru'),
(35, 2147, 0, 'Scape Active 8', NULL, 'ru'),
(36, 2147, 0, 'Easton EA30 31.6*400mm', NULL, 'ru'),
(37, 2147, 0, 'Easton EA30 Oversized, 31.8mm, 8°', NULL, 'ru'),
(38, 2147, 0, 'Easton EA30 Lowriser Oversized, 660 mm', NULL, 'ru'),
(39, 2147, 0, 'FSA No.10 semi-integrated, 1 1/8', NULL, 'ru'),
(27, 2148, 18, '', NULL, 'ru'),
(27, 2148, 76, '', NULL, 'ru'),
(40, 2148, 40, '', NULL, 'ru'),
(43, 2148, 59, '', NULL, 'ru'),
(13, 2148, 0, 'Alu Lite 6061 AMF 29er RFR-Geometry, disc only:', NULL, 'ru'),
(41, 2148, 44, '', NULL, 'ru'),
(41, 2148, 47, '', NULL, 'ru'),
(41, 2148, 50, '', NULL, 'ru'),
(15, 2148, 0, 'Rock Shox XC28 29", 100mm, Poploc:', NULL, 'ru'),
(46, 2148, 83, '', NULL, 'ru'),
(25, 2148, 0, 'RFR ZX24 29er:', NULL, 'ru'),
(26, 2148, 0, 'Schwalbe Smart Sam 2.25:', NULL, 'ru'),
(28, 2148, 0, 'Shimano HB-RM66 Centerlock Disc:', NULL, 'ru'),
(29, 2148, 0, 'Shimano Deore SL-M591, Rapidfire-Plus, 10-speed:', NULL, 'ru'),
(30, 2148, 0, 'Shimano Deore FD-M590-10. Down Swing 34.9mm, 10-speed:', NULL, 'ru'),
(31, 2148, 0, 'Shimano SLX RD-M670 SGS, Shadow 10-speed:', NULL, 'ru'),
(32, 2148, 0, 'Shimano FC-M522, 42x32x24T, 175 mm, 3x10 speed:', NULL, 'ru'),
(33, 2148, 0, 'Alu PD-971 :', NULL, 'ru'),
(45, 2148, 73, '', NULL, 'ru'),
(34, 2148, 0, 'Shimano BR-M395 hydr. disc brake (160/160mm):', NULL, 'ru'),
(35, 2148, 0, 'Scape Active 8:', NULL, 'ru'),
(36, 2148, 0, 'Easton EA30 31.6*400mm:', NULL, 'ru'),
(37, 2148, 0, 'Easton EA30 Oversized, 31.8mm, 8°:', NULL, 'ru'),
(38, 2148, 0, 'Easton EA30 Lowriser Oversized, 660 mm:', NULL, 'ru'),
(39, 2148, 0, 'FSA No.10 semi-integrated, 1 1/8":', NULL, 'ru'),
(27, 2149, 18, '', NULL, 'ru'),
(40, 2149, 40, '', NULL, 'ru'),
(43, 2149, 59, '', NULL, 'ru'),
(13, 2149, 0, 'Alu Lite 6061 AMF RFR-Geometry, disc only', NULL, 'ru'),
(41, 2149, 54, '', NULL, 'ru'),
(41, 2149, 55, '', NULL, 'ru'),
(41, 2149, 49, '', NULL, 'ru'),
(15, 2149, 0, 'Rock Shox XC32 Solo Air, Motion Control, Poploc, 100mm', NULL, 'ru'),
(46, 2149, 80, '', NULL, 'ru'),
(25, 2149, 0, 'RFR ZX24 ', NULL, 'ru'),
(26, 2149, 0, 'Schwalbe Smart Sam 2.25', NULL, 'ru'),
(28, 2149, 0, 'Shimano HB-RM66 Centerlock Disc', NULL, 'ru'),
(29, 2149, 0, 'Shimano Deore SL-M591, Rapidfire-Plus, 10-speed', NULL, 'ru'),
(30, 2149, 0, 'Shimano Deore FD-M590-10. Down Swing 34.9mm, 10-speed', NULL, 'ru'),
(31, 2149, 0, 'Shimano XT, RD-M781-SGSL, Shadow 10-speed', NULL, 'ru'),
(32, 2149, 0, 'Shimano FC-M522, 42x32x24T, 175 mm, 3x10 speed', NULL, 'ru'),
(33, 2149, 0, 'Alu PD-971 ', NULL, 'ru'),
(45, 2149, 73, '', NULL, 'ru'),
(34, 2149, 0, 'Shimano BR-M395 hydr. disc brake (160/160mm)', NULL, 'ru'),
(35, 2149, 0, 'Scape Active 8', NULL, 'ru'),
(36, 2149, 0, 'Easton EA30 31.6*400mm', NULL, 'ru'),
(37, 2149, 0, 'Easton EA30 Oversized, 31.8mm, 8°', NULL, 'ru'),
(38, 2149, 0, 'Easton EA30 Lowriser Oversized, 660 mm', NULL, 'ru'),
(39, 2149, 0, 'FSA No.10 semi-integrated, 1 1/8"', NULL, 'ru'),
(27, 2151, 18, '', NULL, 'ru'),
(27, 2151, 76, '', NULL, 'ru'),
(40, 2151, 40, '', NULL, 'ru'),
(43, 2151, 59, '', NULL, 'ru'),
(13, 2151, 0, 'Alu Lite 6061 AMF 29er RFR-Geometry, disc only', NULL, 'ru'),
(41, 2151, 44, '', NULL, 'ru'),
(41, 2151, 47, '', NULL, 'ru'),
(41, 2151, 50, '', NULL, 'ru'),
(15, 2151, 0, 'Rock Shox XC32 Solo Air 29", Motion Control, Poploc, 100mm', NULL, 'ru'),
(46, 2151, 83, '', NULL, 'ru'),
(25, 2151, 0, 'RFR ZX24 29er ', NULL, 'ru'),
(26, 2151, 0, 'Schwalbe Smart Sam 2.25', NULL, 'ru'),
(28, 2151, 0, 'Shimano HB-RM66 Centerlock Disc', NULL, 'ru'),
(29, 2151, 0, 'Shimano Deore SL-M591, Rapidfire-Plus, 10-speed', NULL, 'ru'),
(30, 2151, 0, 'Shimano Deore FD-M590-10. Down Swing 34.9mm, 10-speed', NULL, 'ru'),
(31, 2151, 0, 'Shimano XT, RD-M781-SGSL, Shadow 10-speed', NULL, 'ru'),
(32, 2151, 0, 'Shimano FC-M522, 42x32x24T, 175 mm, 3x10 speed', NULL, 'ru'),
(33, 2151, 0, 'Alu PD-971 ', NULL, 'ru'),
(45, 2151, 73, '', NULL, 'ru'),
(34, 2151, 0, 'Shimano BR-M395 hydr. disc brake (160/160mm)', NULL, 'ru'),
(35, 2151, 0, 'Scape Active 8', NULL, 'ru'),
(36, 2151, 0, 'Easton EA30 31.6*400mm', NULL, 'ru'),
(37, 2151, 0, 'Easton EA30 Oversized, 31.8mm, 8°', NULL, 'ru'),
(38, 2151, 0, 'Easton EA30 Lowriser Oversized, 660 mm', NULL, 'ru'),
(39, 2151, 0, 'FSA No.10 semi-integrated, 1 1/8"', NULL, 'ru'),
(27, 2152, 18, '', NULL, 'ru'),
(40, 2152, 40, '', NULL, 'ru'),
(43, 2152, 59, '', NULL, 'ru'),
(13, 2152, 0, 'Alu Superlite 6061 AMF, RFR-Geometry, double butted, disc only', NULL, 'ru'),
(41, 2152, 55, '', NULL, 'ru'),
(41, 2152, 49, '', NULL, 'ru'),
(41, 2152, 51, '', NULL, 'ru'),
(15, 2152, 0, 'Rock Shox Recon Silver TK Air, 100mm, Poploc', NULL, 'ru'),
(46, 2152, 80, '', NULL, 'ru'),
(25, 2152, 0, 'RFR ZX24 ', NULL, 'ru'),
(26, 2152, 0, 'Schwalbe Rapid Rob 2.25', NULL, 'ru'),
(28, 2152, 0, 'Shimano HB-RM66 Centerlock Disc', NULL, 'ru'),
(29, 2152, 0, 'Shimano Deore SL-M591, Rapidfire-Plus, 10-speed', NULL, 'ru'),
(30, 2152, 0, 'Shimano Deore FD-M590-10. Down Swing 34.9mm, 10-speed', NULL, 'ru'),
(31, 2152, 0, 'Shimano XT, RD-M781-SGSL, Shadow 10-speed', NULL, 'ru'),
(32, 2152, 0, 'Shimano FC-M522, 42x32x24T, 175 mm, 3x10 speed', NULL, 'ru'),
(33, 2152, 0, 'Alu PD-971 ', NULL, 'ru'),
(45, 2152, 73, '', NULL, 'ru'),
(34, 2152, 0, 'Shimano BR-M395 hydr. disc brake (180/160mm)', NULL, 'ru'),
(35, 2152, 0, 'Selle Italia X1', NULL, 'ru'),
(36, 2152, 0, 'Easton EA30 31.6*400mm', NULL, 'ru'),
(37, 2152, 0, 'Easton EA30 Oversized, 31.8mm, 8°', NULL, 'ru'),
(38, 2152, 0, 'Easton EA30 Lowriser Oversized, 660 mm', NULL, 'ru'),
(39, 2152, 0, 'FSA No.10 semi-integrated, 1 1/8"', NULL, 'ru'),
(27, 2153, 18, '', NULL, 'ru'),
(27, 2153, 76, '', NULL, 'ru'),
(40, 2153, 40, '', NULL, 'ru'),
(43, 2153, 59, '', NULL, 'ru'),
(13, 2153, 0, 'Alu Superlite 6061 AMF 29er, ARG-Geometry, double butted, disc only', NULL, 'ru'),
(41, 2153, 44, '', NULL, 'ru'),
(41, 2153, 47, '', NULL, 'ru'),
(41, 2153, 50, '', NULL, 'ru'),
(15, 2153, 0, 'Rock Shox Recon Silver TK Air 29er, 100mm, Poploc', NULL, 'ru'),
(46, 2153, 83, '', NULL, 'ru'),
(25, 2153, 0, 'RFR ZX24 29er ', NULL, 'ru'),
(26, 2153, 0, 'Schwalbe Rapid Rob 2.25', NULL, 'ru'),
(28, 2153, 0, 'Shimano SLX HB-M675 Centerlock Disc', NULL, 'ru'),
(29, 2153, 0, 'Shimano Deore SL-M591, Rapidfire-Plus, 10-speed', NULL, 'ru'),
(30, 2153, 0, 'Shimano SLX FD-M671-D, direct mount, Down Swing', NULL, 'ru'),
(31, 2153, 0, 'Shimano XT, RD-M781-SGSL, Shadow 10-speed', NULL, 'ru'),
(32, 2153, 0, 'Shimano FC-M522, 42x32x24T, 175 mm, 3x10 speed', NULL, 'ru'),
(33, 2153, 0, 'Alu PD-971', NULL, 'ru'),
(45, 2153, 73, '', NULL, 'ru'),
(34, 2153, 0, 'Shimano BR-M395 hydr. disc brake (180/160mm)', NULL, 'ru'),
(35, 2153, 0, 'Selle Italia X1', NULL, 'ru'),
(36, 2153, 0, 'Easton EA30 30.9*400mm', NULL, 'ru'),
(37, 2153, 0, 'Easton EA30 Oversized, 31.8mm, 8°', NULL, 'ru'),
(38, 2153, 0, 'RFR Flat Race Bar, 31,8x720 mm, 9°', NULL, 'ru'),
(39, 2153, 0, 'FSA No.10 semi-integrated, 1 1/8"', NULL, 'ru'),
(27, 2155, 18, '', NULL, 'ru'),
(40, 2155, 40, '', NULL, 'ru'),
(43, 2155, 59, '', NULL, 'ru'),
(13, 2155, 0, 'Alu Superlite 6061 AMF, RFR-Geometry, double butted, disc only', NULL, 'ru'),
(41, 2155, 55, '', NULL, 'ru'),
(41, 2155, 49, '', NULL, 'ru'),
(41, 2155, 51, '', NULL, 'ru'),
(15, 2155, 0, 'Manitou Marvel TS Air, Remote Lockout, 100mm', NULL, 'ru'),
(46, 2155, 80, '', NULL, 'ru'),
(25, 2155, 0, 'Alex ZX24', NULL, 'ru'),
(26, 2155, 0, 'Schwalbe Rapid Rob 2.25', NULL, 'ru'),
(28, 2155, 0, 'Shimano SLX HB-RM675 Centerlock Disc / Shimano SLX FH-RM675 Centerlock Disc', NULL, 'ru'),
(29, 2155, 0, 'Shimano Deore SL-M591, Rapidfire-Plus, 10-speed', NULL, 'ru'),
(30, 2155, 0, 'Shimano Deore FD-M590-10. Down Swing 34.9mm, 10-speed', NULL, 'ru'),
(31, 2155, 0, 'Shimano XT, RD-M781-SGSL, Shadow 10-speed', NULL, 'ru'),
(32, 2155, 0, 'Shimano FC-M552 Hollowtech II, 42x32x24T, 175mm, 3x10 speed, Innenlager SM-BB51', NULL, 'ru'),
(33, 2155, 0, 'Alu PD-971', NULL, 'ru'),
(45, 2155, 73, '', NULL, 'ru'),
(34, 2155, 0, 'Shimano BR-M395 hydr. disc brake (180/160mm)', NULL, 'ru'),
(35, 2155, 0, 'Selle Italia X1', NULL, 'ru'),
(36, 2155, 0, 'Easton EA30 31.6*400mm', NULL, 'ru'),
(37, 2155, 0, 'Easton EA30 Oversized, Lenkerklemmung 31.8mm, 8°', NULL, 'ru'),
(38, 2155, 0, 'Easton EA30 Lowriser Oversized, 660 mm', NULL, 'ru'),
(39, 2155, 0, 'FSA No.10 semi-integrated, 1 1/8"', NULL, 'ru'),
(27, 2157, 18, '', NULL, 'ru'),
(27, 2157, 76, '', NULL, 'ru'),
(40, 2157, 40, '', NULL, 'ru'),
(43, 2157, 59, '', NULL, 'ru'),
(13, 2157, 0, 'Alu Superlite 6061 AMF 29er, ARG-Geometry, double butted, disc only', NULL, 'ru'),
(41, 2157, 47, '', NULL, 'ru'),
(41, 2157, 50, '', NULL, 'ru'),
(15, 2157, 0, 'Manitou Marvel TS Air 29, Remote Lockout, 100mm', NULL, 'ru'),
(46, 2157, 83, '', NULL, 'ru'),
(25, 2157, 0, 'RFR ZX24 29er ', NULL, 'ru'),
(26, 2157, 0, 'Schwalbe Rapid Rob 2.25', NULL, 'ru'),
(28, 2157, 0, 'Shimano XT HB-RM785 Centerlock Disc', NULL, 'ru'),
(29, 2157, 0, 'Shimano SLX SL-M670, 10-speed', NULL, 'ru'),
(30, 2157, 0, 'Shimano SLX FD-M671-D, direct mount, Down Swing', NULL, 'ru'),
(31, 2157, 0, 'Shimano XT, RD-M781-SGSL, Shadow 10-speed', NULL, 'ru'),
(32, 2157, 0, 'Shimano FC-M552 Hollowtech II, 42x32x24T, 175mm, 3x10 speed', NULL, 'ru'),
(33, 2157, 0, 'Alu PD-971', NULL, 'ru'),
(45, 2157, 73, '', NULL, 'ru'),
(34, 2157, 0, 'Shimano BR-M395 hydr. disc brake (180/160mm)', NULL, 'ru'),
(35, 2157, 0, 'Selle Italia X1', NULL, 'ru'),
(36, 2157, 0, 'Easton EA30 30.9*400mm', NULL, 'ru'),
(37, 2157, 0, 'Easton EA30 Oversized, 31.8mm, 8°', NULL, 'ru'),
(38, 2157, 0, 'RFR Flat Race Bar, 31,8x720 mm, 9°', NULL, 'ru'),
(39, 2157, 0, 'FSA No.10 semi-integrated, 1 1/8"', NULL, 'ru'),
(27, 2159, 18, '', NULL, 'ru'),
(40, 2159, 40, '', NULL, 'ru'),
(43, 2159, 59, '', NULL, 'ru'),
(13, 2159, 0, 'Alu Superlite 6061 AMF, RFR-Geometry, double butted, disc only', NULL, 'ru'),
(41, 2159, 55, '', NULL, 'ru'),
(41, 2159, 49, '', NULL, 'ru'),
(41, 2159, 51, '', NULL, 'ru'),
(15, 2159, 0, 'Rock Shox Reba RL, Motion Control, PushLoc, 100mm', NULL, 'ru'),
(46, 2159, 80, '', NULL, 'ru'),
(25, 2159, 0, 'RFR ZX24 ', NULL, 'ru'),
(26, 2159, 0, 'Schwalbe Rapid Rob 2.25', NULL, 'ru'),
(28, 2159, 0, 'Shimano XT Disc HB-M785', NULL, 'ru'),
(29, 2159, 0, 'Shimano Deore SL-M591, Rapidfire-Plus, 10-speed', NULL, 'ru'),
(30, 2159, 0, 'Shimano Deore FD-M590-10. Down Swing 34.9mm, 10-speed', NULL, 'ru'),
(31, 2159, 0, 'Shimano XT, RD-M781-SGSL, Shadow 10-speed', NULL, 'ru'),
(32, 2159, 0, 'Shimano FC-M552 Hollowtech II, 42x32x24T, 175mm, 3x10 speed', NULL, 'ru'),
(33, 2159, 0, 'Alu PD-971 ', NULL, 'ru'),
(45, 2159, 73, '', NULL, 'ru'),
(34, 2159, 0, 'Shimano BR-M395 hydr. disc brake (180/160mm)', NULL, 'ru'),
(35, 2159, 0, 'Selle Italia X1', NULL, 'ru'),
(36, 2159, 0, 'Easton EA30 31.6*400mm', NULL, 'ru'),
(37, 2159, 0, 'Easton EA30 Oversized, Lenkerklemmung 31.8mm, 8°', NULL, 'ru'),
(38, 2159, 0, 'Easton EA30 Lowriser Oversized, 660 mm', NULL, 'ru'),
(39, 2159, 0, 'FSA No.10 semi-integrated, 1 1/8"', NULL, 'ru'),
(27, 2164, 18, '', NULL, 'ru'),
(27, 2164, 76, '', NULL, 'ru'),
(40, 2164, 40, '', NULL, 'ru'),
(43, 2164, 59, '', NULL, 'ru'),
(13, 2164, 0, 'Alu Superlite 6061 AMF 29er, ARG-Geometry, double butted, disc only', NULL, 'ru'),
(41, 2164, 47, '', NULL, 'ru'),
(15, 2164, 0, 'Rock Shox Reba RL 29, Motion Control, PushLoc, 100mm', NULL, 'ru'),
(46, 2164, 83, '', NULL, 'ru'),
(25, 2164, 0, 'RFR ZX24 29er ', NULL, 'ru'),
(26, 2164, 0, 'Schwalbe Rapid Rob 2.25', NULL, 'ru'),
(28, 2164, 0, 'Shimano XT Disc HB-M756', NULL, 'ru'),
(29, 2164, 0, 'Shimano SLX SL-M670, 10-speed', NULL, 'ru'),
(30, 2164, 0, 'Shimano SLX FD-M671-D, direct mount, Down Swing', NULL, 'ru'),
(31, 2164, 0, 'Shimano XT, RD-M781-SGSL, Shadow 10-speed', NULL, 'ru'),
(32, 2164, 0, 'Shimano FC-M552 Hollowtech II, 42x32x24T, 175mm, 3x10 speed', NULL, 'ru'),
(33, 2164, 0, 'Alu PD-971', NULL, 'ru'),
(45, 2164, 73, '', NULL, 'ru'),
(34, 2164, 0, 'Magura MT2 hydr. Disc brake (180/160mm)', NULL, 'ru'),
(35, 2164, 0, 'Selle Italia X1', NULL, 'ru'),
(36, 2164, 0, 'Easton EA30 30.9*400mm', NULL, 'ru'),
(37, 2164, 0, 'Easton EA30 Oversized, 31.8mm, 8°', NULL, 'ru'),
(38, 2164, 0, 'RFR Flat Race Bar, 31,8x720 mm, 9°', NULL, 'ru'),
(39, 2164, 0, 'FSA No.10 semi-integrated, 1 1/8"', NULL, 'ru'),
(27, 2166, 18, '', NULL, 'ru'),
(40, 2166, 40, '', NULL, 'ru'),
(43, 2166, 59, '', NULL, 'ru'),
(13, 2166, 0, 'Alu Superlite 6061 AMF 29er, ARG-Geometry, double butted, disc only', NULL, 'ru'),
(41, 2166, 47, '', NULL, 'ru'),
(41, 2166, 50, '', NULL, 'ru'),
(15, 2166, 0, 'Fox 32 Float CTD 29 O/C 100mm', NULL, 'ru'),
(46, 2166, 83, '', NULL, 'ru'),
(25, 2166, 0, 'RFR ZX24 29er ', NULL, 'ru'),
(26, 2166, 0, 'Schwalbe Rapid Rob 2.25', NULL, 'ru'),
(28, 2166, 0, 'Shimano XT HB-M756', NULL, 'ru'),
(29, 2166, 0, 'Shimano SLX SL-M670, 10-speed', NULL, 'ru'),
(30, 2166, 0, 'Shimano SLX FD-M671-D, direct mount, Down Swing', NULL, 'ru'),
(31, 2166, 0, 'Shimano XT, RD-M781-SGSL, Shadow 10-speed', NULL, 'ru'),
(32, 2166, 0, 'Shimano FC-M552 Hollowtech II, 42x32x24T, 175mm, 3x10 speed', NULL, 'ru'),
(33, 2166, 0, 'Alu PD-971', NULL, 'ru'),
(45, 2166, 73, '', NULL, 'ru'),
(34, 2166, 0, 'Magura MT2 hydr. Disc brake (180/160mm)', NULL, 'ru'),
(35, 2166, 0, 'Selle Italia X1', NULL, 'ru'),
(36, 2166, 0, 'Easton EA30 30.9*400mm', NULL, 'ru'),
(37, 2166, 0, 'Easton EA30 Oversized, 31.8mm, 8°', NULL, 'ru'),
(38, 2166, 0, 'RFR Flat Race Bar, 31,8x720 mm, 9°', NULL, 'ru'),
(39, 2166, 0, 'FSA No.10 semi-integrated, 1 1/8"', NULL, 'ru'),
(27, 2169, 19, '', NULL, 'ru'),
(27, 2169, 76, '', NULL, 'ru'),
(40, 2169, 40, '', NULL, 'ru'),
(43, 2169, 59, '', NULL, 'ru'),
(13, 2169, 0, ' GTC Twin Mold Monocoque Technology 29er, Agile Ride Geometry ', NULL, 'ru'),
(41, 2169, 47, '', NULL, 'ru'),
(15, 2169, 0, ' Manitou Marvel TS Air 29, Remote Lockout, 100mm ', NULL, 'ru'),
(46, 2169, 83, '', NULL, 'ru'),
(26, 2169, 0, ' Schwalbe Rapid Rob 2.25', NULL, 'ru'),
(29, 2169, 0, ' Shimano SLX SL-M670, 10-speed ', NULL, 'ru'),
(30, 2169, 0, ' Shimano XT, FD-M781-D-L, direct mount, Down Swing, 3x10-speed ', NULL, 'ru'),
(31, 2169, 0, ' Shimano XT, RD-M781-SGSL, Shadow 10-speed ', NULL, 'ru'),
(32, 2169, 0, ' Shimano SLX, FC-M670 Hollowtech II 42x32x24T, 175mm, Innenlager PressFit SM-BB91-41 ', NULL, 'ru'),
(45, 2169, 73, '', NULL, 'ru'),
(34, 2169, 0, ' Shimano BR-M395 hydr. disc brake (180/160mm) ', NULL, 'ru'),
(35, 2169, 0, ' Selle Italia X1', NULL, 'ru'),
(36, 2169, 0, ' Easton EA30 31.6*400mm', NULL, 'ru'),
(37, 2169, 0, ' Easton EA30 Oversized, Lenkerklemmung 31.8mm, 8° ', NULL, 'ru'),
(38, 2169, 0, ' RFR Flat Race Bar, 31,8x720 mm, 9° ', NULL, 'ru'),
(39, 2169, 0, ' FSA Orbit I-t-R integrated, oben integriert 1 1/8", unten integriert 1 1/2" ', NULL, 'ru'),
(27, 2171, 19, '', NULL, 'ru'),
(27, 2171, 76, '', NULL, 'ru'),
(40, 2171, 40, '', NULL, 'ru'),
(43, 2171, 59, '', NULL, 'ru'),
(13, 2171, 0, 'GTC Twin Mold Monocoque Technology 29er, Agile Ride Geometry', NULL, 'ru'),
(41, 2171, 47, '', NULL, 'ru'),
(15, 2171, 0, 'Rock Shox Reba RL 29, Motion Control, PushLoc, 100mm', NULL, 'ru'),
(46, 2171, 83, '', NULL, 'ru'),
(25, 2171, 0, 'Sun Ringlé Radium wheelset, 32 spokes', NULL, 'ru'),
(26, 2171, 0, 'Schwalbe Rapid Rob 2.25', NULL, 'ru'),
(29, 2171, 0, 'Shimano SLX SL-M670, 10-speed', NULL, 'ru'),
(30, 2171, 0, 'Shimano SLX FD-M671-D, direct mount, Down Swing', NULL, 'ru'),
(31, 2171, 0, 'Shimano XT, RD-M781-SGSL, Shadow 10-speed', NULL, 'ru'),
(32, 2171, 0, 'Shimano SLX, FC-M670 Hollowtech II 42x32x24T, 175mm', NULL, 'ru'),
(45, 2171, 73, '', NULL, 'ru'),
(34, 2171, 0, 'Magura MT2 hydr. Disc brake (180/160mm)', NULL, 'ru'),
(35, 2171, 0, 'Selle Italia X1', NULL, 'ru'),
(36, 2171, 0, 'RFR Prolight 31.6*400mm', NULL, 'ru'),
(37, 2171, 0, 'Syntace F149 Oversized, 31.8mm, 6°', NULL, 'ru'),
(38, 2171, 0, 'RFR Flat Race Bar, 31,8x720 mm, 9°', NULL, 'ru'),
(39, 2171, 0, 'FSA Orbit I-t-R integrated, верх 1 1/8", низ 1 1/2"', NULL, 'ru'),
(27, 2172, 19, '', NULL, 'ru'),
(40, 2172, 40, '', NULL, 'ru'),
(43, 2172, 59, '', NULL, 'ru'),
(13, 2172, 0, 'GTC Twin Mold Monocoque Technology', NULL, 'ru'),
(41, 2172, 55, '', NULL, 'ru'),
(15, 2172, 0, 'Fox 32 Float CTD O/C 100mm', NULL, 'ru'),
(46, 2172, 80, '', NULL, 'ru'),
(25, 2172, 0, 'DT CSW MA 1.0 straightpull wheelset, 28/28 spokes, QR/QR, 19.5mm rim', NULL, 'ru'),
(26, 2172, 0, 'Schwalbe Racing Ralph Kevlar 2.25', NULL, 'ru'),
(29, 2172, 0, 'Shimano Deore XT SL-M780 Rapidfire-Plus, 10-speed', NULL, 'ru'),
(30, 2172, 0, 'Shimano XT FD-M781. Down Swing 34.9mm, 10-speed', NULL, 'ru'),
(31, 2172, 0, 'Shimano XT, RD-M781-SGSL, Shadow 10-speed', NULL, 'ru'),
(32, 2172, 0, 'Shimano XT, FC-M780 Hollowtech II 42x32x24T, 175mm, Innenlager PressFit SM-BB91-41', NULL, 'ru'),
(45, 2172, 73, '', NULL, 'ru'),
(34, 2172, 0, 'Formula RC Tune hydr. disc brake (180/160mm)', NULL, 'ru'),
(35, 2172, 0, 'Selle Italia X1', NULL, 'ru'),
(36, 2172, 0, 'RFR Prolight 31.6*400mm', NULL, 'ru'),
(37, 2172, 0, 'Syntace F149 Oversized, Lenkerklemmung 31.8mm, 6°', NULL, 'ru'),
(38, 2172, 0, 'Syntace Vector 2014 Oversized, 31,8x700 mm', NULL, 'ru'),
(39, 2172, 0, 'FSA Orbit I-t-R integrated, oben integriert 1 1/8", unten integriert 1 1/2"', NULL, 'ru'),
(27, 2173, 19, '', NULL, 'ru'),
(27, 2173, 76, '', NULL, 'ru'),
(40, 2173, 40, '', NULL, 'ru'),
(43, 2173, 59, '', NULL, 'ru'),
(13, 2173, 0, 'GTC Twin Mold Monocoque Technology 29er, Agile Ride Geometry', NULL, 'ru'),
(41, 2173, 47, '', NULL, 'ru'),
(15, 2173, 0, 'Fox 32 Float CTD 29 O/C 100mm', NULL, 'ru'),
(46, 2173, 83, '', NULL, 'ru'),
(25, 2173, 0, 'DT CSW MA 1.0 straightpull wheelset, 28/32 spokes, QR/QR, 19.5mm rim', NULL, 'ru'),
(26, 2173, 0, 'Schwalbe Racing Ralph Kevlar 2.25', NULL, 'ru'),
(29, 2173, 0, 'Shimano Deore XT SL-M780 Rapidfire-Plus, 10-speed', NULL, 'ru'),
(30, 2173, 0, 'Shimano XT, FD-M781-D-L, direct mount, Down Swing, 3x10-speed', NULL, 'ru'),
(31, 2173, 0, 'Shimano XT, RD-M781-SGSL, Shadow 10-speed', NULL, 'ru'),
(32, 2173, 0, 'Shimano XT, FC-M780 Hollowtech II 42x32x24T, 175mm', NULL, 'ru'),
(45, 2173, 73, '', NULL, 'ru'),
(34, 2173, 0, 'Formula RC Tune hydr. disc brake (180/160mm)', NULL, 'ru'),
(35, 2173, 0, 'Selle Italia X1', NULL, 'ru'),
(36, 2173, 0, 'RFR Prolight 31.6*400mm', NULL, 'ru'),
(37, 2173, 0, 'Syntace F149 Oversized, Lenkerklemmung 31.8mm, 6°', NULL, 'ru'),
(38, 2173, 0, 'RFR Flat Race Bar, 31,8x720 mm, 9°', NULL, 'ru'),
(39, 2173, 0, 'FSA Orbit I-t-R integrated, верх 1 1/8", низ 1 1/2"', NULL, 'ru'),
(27, 2178, 17, '', NULL, 'ru'),
(40, 2178, 40, '', NULL, 'ru'),
(43, 2178, 59, '', NULL, 'ru'),
(13, 2178, 0, 'Alu Lite 6061 Advanced Mechanical Forming, WLS-Geometry', NULL, 'ru'),
(41, 2178, 42, '', NULL, 'ru'),
(15, 2178, 0, 'Suntour XCM Lockout 100mm', NULL, 'ru'),
(46, 2178, 80, '', NULL, 'ru'),
(25, 2178, 0, 'Mach1 Exe', NULL, 'ru'),
(26, 2178, 0, 'Schwalbe Smart Sam 2.25', NULL, 'ru'),
(28, 2178, 0, 'Shimano HB-RM40 / Shimano FH-RM30', NULL, 'ru'),
(29, 2178, 0, 'Shimano Acera SL-M390, Rapidfire-Plus, 9-speed', NULL, 'ru'),
(30, 2178, 0, 'Shimano Alivio FD-M430, Top Swing 34.9mm, 9-speed', NULL, 'ru'),
(31, 2178, 0, 'Shimano Alivio RD-M430 9-speed', NULL, 'ru'),
(32, 2178, 0, 'Shimano Acera FC-M371 44x32x22T, Innenlager BB-UN26 123mm', NULL, 'ru'),
(33, 2178, 0, 'Alu PD-971', NULL, 'ru'),
(45, 2178, 74, '', NULL, 'ru'),
(34, 2178, 0, 'Shimano BR-M422 V-Brake', NULL, 'ru'),
(35, 2178, 0, 'Selle Italia X1 WLS', NULL, 'ru'),
(36, 2178, 0, 'Easton EA30 31.6*400mm', NULL, 'ru'),
(37, 2178, 0, 'Easton EA30 Oversized, Lenkerklemmung 31.8mm, 17°', NULL, 'ru'),
(38, 2178, 0, 'Easton EA30 Lowriser Oversized, 660 mm', NULL, 'ru'),
(39, 2178, 0, 'FSA No.10 semi-integrated, 1 1/8""', NULL, 'ru'),
(27, 2179, 18, '', NULL, 'ru'),
(40, 2179, 40, '', NULL, 'ru'),
(43, 2179, 59, '', NULL, 'ru'),
(13, 2179, 0, 'Alu Superlite 6061 Advanced Mechanical Forming, WLS-Geometry, Disc Only', NULL, 'ru'),
(41, 2179, 44, '', NULL, 'ru'),
(15, 2179, 0, 'Rock Shox Reba RL, Motion Control, PushLoc, 100mm', NULL, 'ru'),
(46, 2179, 80, '', NULL, 'ru'),
(25, 2179, 0, 'RFR ZX24', NULL, 'ru'),
(26, 2179, 0, 'Schwalbe Rapid Rob 2.25', NULL, 'ru'),
(28, 2179, 0, 'Shimano XT HB-RM785 Centerlock Disc', NULL, 'ru'),
(29, 2179, 0, 'Shimano Deore SL-M591, Rapidfire-Plus, 10-speed', NULL, 'ru'),
(30, 2179, 0, 'Shimano XT, RD-M781-SGSL, Shadow 10-speed', NULL, 'ru'),
(31, 2179, 0, 'Shimano Deore FD-M590-10. Top Swing 34.9mm, 10-spe', NULL, 'ru'),
(32, 2179, 0, 'Shimano FC-M552 Hollowtech II, 42x32x24T, 170mm, 3x10 speed, Интегрированная SM-BB51', NULL, 'ru'),
(33, 2179, 0, 'Alu PD-971', NULL, 'ru'),
(45, 2179, 73, '', NULL, 'ru'),
(34, 2179, 0, 'Shimano BR-M395 hydr. discbrake(180/160mm)', NULL, 'ru'),
(35, 2179, 0, 'Selle Italia X1 WLS', NULL, 'ru'),
(36, 2179, 0, 'Easton EA30 31.6*400mm', NULL, 'ru'),
(37, 2179, 0, 'Easton EA30 Oversized, Lenkerklemmung 31.8mm, 17°', NULL, 'ru'),
(38, 2179, 0, 'Easton EA30 Lowriser Oversized, 660 mm', NULL, 'ru'),
(39, 2179, 0, 'FSA No.10 semi-integrated, 1 1/8""', NULL, 'ru'),
(37, 2032, 0, 'Bontrager Race Lite, 31.8mm', NULL, 'ru'),
(27, 2032, 18, '', NULL, 'ru'),
(39, 2032, 0, '1-1/8', NULL, 'ru'),
(27, 2034, 27, '', NULL, 'ru'),
(40, 2035, 39, '', NULL, 'ru'),
(27, 2035, 28, '', NULL, 'ru'),
(40, 2060, 40, '', NULL, 'ru'),
(27, 2060, 27, '', NULL, 'ru'),
(38, 2061, 0, 'Bontrager Low Riser, 560mm, 25mm rise', NULL, 'ru'),
(39, 2061, 0, 'Adjustable ball bearing', NULL, 'ru'),
(39, 2062, 0, 'Adjustable ball bearing', NULL, 'ru'),
(27, 2182, 19, '', NULL, 'ru'),
(40, 2182, 40, '', NULL, 'ru'),
(43, 2182, 59, '', NULL, 'ru'),
(13, 2182, 0, ' Super HPC Advanced Twin Mold Monocoque Technoloy ', NULL, 'ru'),
(41, 2182, 55, '', NULL, 'ru'),
(15, 2182, 0, ' Fox 32 Float CTD Adjust FIT, tapered, Kashima coated, QR, 100mm ', NULL, 'ru'),
(46, 2182, 80, '', NULL, 'ru'),
(25, 2182, 0, ' DT CSW MA 2.0 straightpull wheelset, 28/28 spokes, QR/QR, 19.5mm rim ', NULL, 'ru'),
(26, 2182, 0, ' Schwalbe Racing Ralph Kevlar 2.25 ', NULL, 'ru'),
(29, 2182, 0, ' Shimano Deore XT SL-M780-I Rapidfire-Plus, 10-speed, direct attach ', NULL, 'ru'),
(30, 2182, 0, ' Shimano XT FD-M781. Down Swing 34.9mm, 10-speed ', NULL, 'ru'),
(31, 2182, 0, ' Shimano XT, RD-M781-SGSL, Shadow 10-speed ', NULL, 'ru'),
(32, 2182, 0, ' Shimano XT, FC-M780 Hollowtech II 42x32x24T, 175mm, Innenlager PressFit SM-BB91-41 ', NULL, 'ru'),
(45, 2182, 73, '', NULL, 'ru'),
(34, 2182, 0, ' Shimano Deore XT K-M7851 hydr. disc brake (180/160mm) ', NULL, 'ru'),
(35, 2182, 0, ' Selle Italia X1 ', NULL, 'ru'),
(36, 2182, 0, ' Syntace P6 Carbon Raceflex 31.6x400mm ', NULL, 'ru'),
(37, 2182, 0, ' Syntace F109 Oversized, Lenkerklemmung 31.8mm, 6° ', NULL, 'ru'),
(38, 2182, 0, ' Syntace Duraflite Carbon Oversized, 31.8x630mm, 8° ', NULL, 'ru'),
(39, 2182, 0, ' FSA Orbit I-t integrated, oben integriert 1 1/8", unten integriert 1 1/2" ', NULL, 'ru'),
(27, 2183, 18, '', NULL, 'ru'),
(40, 2183, 40, '', NULL, 'ru'),
(43, 2183, 62, '', NULL, 'ru'),
(43, 2183, 71, '', NULL, 'ru'),
(43, 2183, 72, '', NULL, 'ru'),
(13, 2183, 0, ' Aluminium Superlite Trekking Comfort Double Butted ', NULL, 'ru'),
(41, 2183, 49, '', NULL, 'ru'),
(15, 2183, 0, ' Suntour NCX-D LO ', NULL, 'ru'),
(46, 2183, 82, '', NULL, 'ru'),
(25, 2183, 0, ' Schürmann Yak19 V-Brake ', NULL, 'ru'),
(26, 2183, 0, ' Schwalbe Spicer Active 40x622 ', NULL, 'ru'),
(28, 2183, 0, ' Shimano Deore FH-M590 (зад.)  Shimano DH-3N72-QR Hub Dynamo (перед)', NULL, 'ru'),
(29, 2183, 0, ' Shimano Acera SL-M590 Rapidfire-Plus, 9-Speed ', NULL, 'ru'),
(30, 2183, 0, ' Shimano Deore FD-M590 Top Swing, 34.9mm ', NULL, 'ru'),
(31, 2183, 0, ' Shimano Deore SLX RD-M662 Shadow ', NULL, 'ru'),
(32, 2183, 0, ' Shimano FC-M521 Octalink 48x36x26T., 175mm, Shimano BB-ES25, Chainguard ', NULL, 'ru'),
(33, 2183, 0, ' Alloy Trekking ', NULL, 'ru'),
(42, 2183, 0, ' Shimano CS-HG50 11-34T., 9-Speed ', NULL, 'ru'),
(45, 2183, 74, '', NULL, 'ru'),
(34, 2183, 0, ' Magura HS11 hydr. Caliper Brake ', NULL, 'ru'),
(35, 2183, 0, ' Selle Royal Freccia Gel ', NULL, 'ru'),
(36, 2183, 0, ' Easton EA30 31.6mm ', NULL, 'ru'),
(37, 2183, 0, ' Easton EA30, 25.4mm ', NULL, 'ru'),
(38, 2183, 0, ' Easton EA30 Riser ', NULL, 'ru'),
(39, 2183, 0, ' FSA No. 10 semi-integrated ', NULL, 'ru'),
(27, 2184, 18, '', NULL, 'ru'),
(40, 2184, 40, '', NULL, 'ru'),
(43, 2184, 62, '', NULL, 'ru'),
(43, 2184, 71, '', NULL, 'ru'),
(43, 2184, 72, '', NULL, 'ru'),
(13, 2184, 0, ' Aluminium Superlite Trekking Cross Double Butted ', NULL, 'ru'),
(41, 2184, 49, '', NULL, 'ru'),
(15, 2184, 0, ' Suntour NCX-D LO ', NULL, 'ru'),
(46, 2184, 82, '', NULL, 'ru'),
(25, 2184, 0, ' Schürmann Yak19 Disc ', NULL, 'ru'),
(26, 2184, 0, ' Schwalbe Smart Sam Performance 44x622 ', NULL, 'ru'),
(28, 2184, 0, ' Shimano HB-RM66 ', NULL, 'ru'),
(29, 2184, 0, ' Shimano Deore SL-M591 Rapidfire-Plus, 10-Speed ', NULL, 'ru'),
(30, 2184, 0, ' Shimano Deore LX FD-T670 Top Swing, 34.9mm ', NULL, 'ru'),
(31, 2184, 0, ' Shimano Deore SLX RD-M670 10-Speed ', NULL, 'ru'),
(32, 2184, 0, ' Shimano FC-T551 Hollowtech II 48x36x26T., 175mm, integrated BB, Chainguard ', NULL, 'ru'),
(33, 2184, 0, ' Cross Alloy ', NULL, 'ru'),
(42, 2184, 0, ' Shimano CS-HG62 11-34T., 10-Speed ', NULL, 'ru'),
(45, 2184, 73, '', NULL, 'ru'),
(34, 2184, 0, ' Shimano 395 hydr. Disc Brake (160/160) ', NULL, 'ru'),
(35, 2184, 0, ' Selle Royal Viper ', NULL, 'ru'),
(36, 2184, 0, ' Easton EA30 31.6mm ', NULL, 'ru'),
(37, 2184, 0, ' Easton EA30, 25.4mm ', NULL, 'ru'),
(38, 2184, 0, ' Easton EA30 Riser ', NULL, 'ru'),
(39, 2184, 0, ' FSA No. 10 semi-integrated ', NULL, 'ru'),
(27, 2185, 18, '', NULL, 'ru'),
(40, 2185, 40, '', NULL, 'ru'),
(43, 2185, 62, '', NULL, 'ru'),
(43, 2185, 71, '', NULL, 'ru'),
(43, 2185, 72, '', NULL, 'ru'),
(13, 2185, 0, ' Alu Lite Trekking Cross ', NULL, 'ru'),
(41, 2185, 49, '', NULL, 'ru'),
(15, 2185, 0, ' Suntour NEX MLO ', NULL, 'ru'),
(46, 2185, 82, '', NULL, 'ru'),
(25, 2185, 0, ' Schürmann Yak19 V-Brake ', NULL, 'ru'),
(26, 2185, 0, ' Schwalbe Smart Sam Active 44x622 ', NULL, 'ru'),
(28, 2185, 0, ' Shimano Deore FH-M590 ', NULL, 'ru'),
(29, 2185, 0, ' Shimano Alivio SL-M430 9-Speed ', NULL, 'ru'),
(30, 2185, 0, ' Shimano Deore FD-M590 Top Swing, 34.9mm ', NULL, 'ru'),
(31, 2185, 0, ' Shimano Deore SLX RD-M662 Shadow ', NULL, 'ru'),
(32, 2185, 0, ' Shimano FC-M431 48x36x26T., 175mm, Shimano BB-UN26, Chainguard ', NULL, 'ru'),
(33, 2185, 0, ' Cross Alloy ', NULL, 'ru'),
(42, 2185, 0, ' Shimano CS-HG20 11-34T., 9-Speed ', NULL, 'ru'),
(45, 2185, 74, '', NULL, 'ru'),
(34, 2185, 0, ' Magura HS11 hydr. Caliper Brake ', NULL, 'ru'),
(35, 2185, 0, ' Selle Royal Viper ', NULL, 'ru'),
(36, 2185, 0, ' Easton EA30 31.6mm ', NULL, 'ru'),
(37, 2185, 0, ' Easton EA30, 25.4mm ', NULL, 'ru'),
(38, 2185, 0, ' Easton EA30 Riser ', NULL, 'ru'),
(39, 2185, 0, ' FSA No. 10 semi-integrated ', NULL, 'ru'),
(27, 2186, 18, '', NULL, 'ru'),
(40, 2186, 40, '', NULL, 'ru'),
(43, 2186, 62, '', NULL, 'ru'),
(43, 2186, 72, '', NULL, 'ru'),
(13, 2186, 0, ' Alu Lite Trekking Comfort ', NULL, 'ru'),
(41, 2186, 49, '', NULL, 'ru'),
(15, 2186, 0, ' Suntour NEX ', NULL, 'ru'),
(46, 2186, 82, '', NULL, 'ru'),
(25, 2186, 0, ' Schürmann Yak19 V-Brake ', NULL, 'ru'),
(26, 2186, 0, ' Schwalbe Spicer Active 40x622 ', NULL, 'ru'),
(28, 2186, 0, ' Shimano DH-3N20 Hub Dynamo (front)  Shimano FH-RM30 (rear)', NULL, 'ru'),
(29, 2186, 0, ' Shimano ST-EF40, 8-Speed ', NULL, 'ru'),
(30, 2186, 0, ' Shimano FD-M310 Top Swing, 34.9mm ', NULL, 'ru'),
(31, 2186, 0, ' Shimano Alivio RD-M410 Top Normal ', NULL, 'ru'),
(32, 2186, 0, ' Shimano FC-M311 48x36x26T., 175mm, Shimano BB-UN26, Chainguard ', NULL, 'ru'),
(33, 2186, 0, ' Alloy Trekking ', NULL, 'ru'),
(42, 2186, 0, ' Shimano CS-HG31 11-30T., 8-Speed ', NULL, 'ru'),
(45, 2186, 74, '', NULL, 'ru'),
(34, 2186, 0, ' Shimano BR-M422 V-Brake Front & Rear ', NULL, 'ru'),
(35, 2186, 0, ' Selle Royal Freccia ', NULL, 'ru'),
(36, 2186, 0, ' Easton EA30 31.6mm ', NULL, 'ru'),
(37, 2186, 0, ' Easton EA30, 25.4mm ', NULL, 'ru'),
(38, 2186, 0, ' Easton EA30 Riser ', NULL, 'ru'),
(39, 2186, 0, ' FSA No. 10 semi-integrated ', NULL, 'ru'),
(27, 2187, 18, '', NULL, 'ru'),
(40, 2187, 40, '', NULL, 'ru'),
(43, 2187, 62, '', NULL, 'ru'),
(43, 2187, 72, '', NULL, 'ru'),
(13, 2187, 0, ' Alu Lite Trekking Comfort ', NULL, 'ru'),
(41, 2187, 49, '', NULL, 'ru'),
(15, 2187, 0, ' Suntour NEX ', NULL, 'ru'),
(46, 2187, 82, '', NULL, 'ru'),
(25, 2187, 0, ' Schürmann Yak19 V-Brake ', NULL, 'ru'),
(26, 2187, 0, ' Schwalbe Spicer Active 40x622 ', NULL, 'ru'),
(28, 2187, 0, ' Shimano DH-3N30-QR Hub Dynamo (перед),  Shimano FH-RM30 (зад)', NULL, 'ru'),
(29, 2187, 0, ' Tektro Eclipse Alu ', NULL, 'ru'),
(30, 2187, 0, ' Shimano Acera SL-M390 Rapidfire-Plus, 9-Speed ', NULL, 'ru'),
(31, 2187, 0, ' Shimano Acera RD-M390 9-Speed ', NULL, 'ru'),
(32, 2187, 0, ' Shimano FC-M371 48x36x26T., 175mm, Shimano BB-UN26, Chainguard ', NULL, 'ru'),
(33, 2187, 0, ' Alloy Trekking ', NULL, 'ru'),
(42, 2187, 0, ' Shimano CS-HG20 11-34T., 9-Speed ', NULL, 'ru'),
(45, 2187, 74, '', NULL, 'ru'),
(34, 2187, 0, ' Shimano BR-M422 V-Brake Front & Rear ', NULL, 'ru'),
(35, 2187, 0, ' Selle Royal Freccia ', NULL, 'ru'),
(36, 2187, 0, ' Easton EA30 31.6mm ', NULL, 'ru'),
(37, 2187, 0, ' Easton EA30, 25.4mm ', NULL, 'ru'),
(38, 2187, 0, ' Easton EA30 Riser ', NULL, 'ru'),
(39, 2187, 0, ' FSA No. 10 semi-integrated ', NULL, 'ru'),
(27, 2188, 18, '', NULL, 'ru'),
(40, 2188, 40, '', NULL, 'ru'),
(43, 2188, 62, '', NULL, 'ru'),
(43, 2188, 72, '', NULL, 'ru'),
(13, 2188, 0, ' Alu Lite Trekking Comfort ', NULL, 'ru'),
(41, 2188, 49, '', NULL, 'ru'),
(15, 2188, 0, ' Suntour NEX ', NULL, 'ru'),
(46, 2188, 82, '', NULL, 'ru'),
(25, 2188, 0, ' Schürmann Yak19 Disc ', NULL, 'ru'),
(26, 2188, 0, ' Schwalbe Spicer Active 40x622 ', NULL, 'ru'),
(28, 2188, 0, ' Shimano DH-3D30-QR Hub Dynamo (перед)  Shimano FH-M475 (зад)', NULL, 'ru'),
(29, 2188, 0, ' Shimano Acera SL-M390 Rapidfire-Plus, 9-Speed ', NULL, 'ru'),
(30, 2188, 0, ' Shimano Acera FD-M390 Top Swing, 34.9mm ', NULL, 'ru'),
(31, 2188, 0, ' Shimano Alivio RD-M430 Top Normal ', NULL, 'ru'),
(32, 2188, 0, ' Shimano FC-M371 48x36x26T.,175mm, Shimano BB-UN26, Chainguard ', NULL, 'ru'),
(33, 2188, 0, ' Alloy Trekking ', NULL, 'ru'),
(42, 2188, 0, ' Shimano CS-HG20 11-34T., 9-Speed ', NULL, 'ru'),
(45, 2188, 73, '', NULL, 'ru'),
(34, 2188, 0, ' Shimano 395 hydr. Disc Brake (160/160) ', NULL, 'ru'),
(35, 2188, 0, ' Selle Royal Freccia ', NULL, 'ru'),
(36, 2188, 0, ' Easton EA30 31.6mm ', NULL, 'ru'),
(37, 2188, 0, ' Easton EA30, 25.4mm ', NULL, 'ru'),
(38, 2188, 0, ' Easton EA30 Riser ', NULL, 'ru'),
(39, 2188, 0, ' FSA No. 10 semi-integrated ', NULL, 'ru'),
(27, 2189, 18, '', NULL, 'ru'),
(40, 2189, 40, '', NULL, 'ru'),
(43, 2189, 62, '', NULL, 'ru'),
(43, 2189, 72, '', NULL, 'ru'),
(13, 2189, 0, ' Alu Lite Trekking Comfort ', NULL, 'ru'),
(41, 2189, 49, '', NULL, 'ru'),
(15, 2189, 0, ' Suntour NEX HLO ', NULL, 'ru'),
(46, 2189, 82, '', NULL, 'ru'),
(25, 2189, 0, ' Schürmann Yak19 V-Brake ', NULL, 'ru'),
(26, 2189, 0, ' Schwalbe Spicer Active 40x622 ', NULL, 'ru'),
(28, 2189, 0, ' Shimano DH-3N30-QR Hub Dynamo (перед)  Shimano Deore FH-M590 (зад)', NULL, 'ru'),
(29, 2189, 0, ' Shimano Alivio SL-M430 9-Speed ', NULL, 'ru'),
(30, 2189, 0, ' Shimano Deore FD-M590 Top Swing, 34.9mm ', NULL, 'ru'),
(31, 2189, 0, ' Shimano Deore SLX RD-M662 Shadow ', NULL, 'ru'),
(32, 2189, 0, ' Shimano FC-M521 Octalink 48x36x26T., 175mm, Shimano BB-ES25, Chainguard ', NULL, 'ru'),
(33, 2189, 0, ' Alloy Trekking ', NULL, 'ru'),
(42, 2189, 0, ' Shimano CS-HG30 11-34T., 9-Speed ', NULL, 'ru'),
(45, 2189, 74, '', NULL, 'ru'),
(35, 2189, 0, ' Selle Royal Freccia ', NULL, 'ru'),
(36, 2189, 0, ' Easton EA30 31.6mm ', NULL, 'ru'),
(37, 2189, 0, ' Easton EA30, 25.4mm ', NULL, 'ru'),
(38, 2189, 0, ' Easton EA30 Riser ', NULL, 'ru'),
(39, 2189, 0, ' FSA No. 10 semi-integrated ', NULL, 'ru'),
(27, 2190, 18, '', NULL, 'ru'),
(40, 2190, 40, '', NULL, 'ru'),
(43, 2190, 62, '', NULL, 'ru'),
(43, 2190, 72, '', NULL, 'ru'),
(13, 2190, 0, ' Aluminium Superlite Trekking Comfort Double Butted ', NULL, 'ru'),
(41, 2190, 49, '', NULL, 'ru'),
(15, 2190, 0, ' Suntour NEX HLO ', NULL, 'ru'),
(46, 2190, 82, '', NULL, 'ru'),
(25, 2190, 0, ' Schürmann Yak19 Disc ', NULL, 'ru'),
(26, 2190, 0, ' Schwalbe Spicer Active 40x622 ', NULL, 'ru'),
(28, 2190, 0, ' Shimano DH-3D30-QR Hub Dynamo (перед.)  Shimano FH-M525 (зад)', NULL, 'ru'),
(29, 2190, 0, ' Shimano Alivio SL-M430 9-Speed ', NULL, 'ru'),
(30, 2190, 0, ' Shimano Deore FD-M590 Top Swing, 34.9mm ', NULL, 'ru'),
(31, 2190, 0, ' Shimano Deore SLX RD-M662 Shadow ', NULL, 'ru'),
(32, 2190, 0, ' Shimano FC-M521 Octalink 48x36x26T., 175mm, Shimano BB-ES25, Chainguard ', NULL, 'ru'),
(33, 2190, 0, ' Alloy Trekking ', NULL, 'ru'),
(42, 2190, 0, ' Shimano CS-HG30 11-34T., 9-Speed ', NULL, 'ru'),
(45, 2190, 73, '', NULL, 'ru'),
(34, 2190, 0, ' Shimano 395 hydr. Disc Brake (160/160) ', NULL, 'ru'),
(35, 2190, 0, ' Selle Royal Freccia ', NULL, 'ru'),
(36, 2190, 0, ' Easton EA30 31.6mm ', NULL, 'ru'),
(37, 2190, 0, ' Easton EA30, 25.4mm ', NULL, 'ru'),
(38, 2190, 0, ' Easton EA30 Riser ', NULL, 'ru'),
(39, 2190, 0, ' FSA No. 10 semi-integrated ', NULL, 'ru'),
(27, 2191, 18, '', NULL, 'ru'),
(40, 2191, 40, '', NULL, 'ru'),
(43, 2191, 71, '', NULL, 'ru'),
(13, 2191, 0, ' Alu Lite Trekking Cross ', NULL, 'ru'),
(41, 2191, 49, '', NULL, 'ru'),
(15, 2191, 0, ' Suntour NEX ', NULL, 'ru'),
(46, 2191, 82, '', NULL, 'ru'),
(25, 2191, 0, ' Schürmann Yak19 Disc ', NULL, 'ru'),
(26, 2191, 0, ' Schwalbe Smart Sam Active 44x622 ', NULL, 'ru'),
(28, 2191, 0, ' Shimano FH-RM35 ', NULL, 'ru'),
(29, 2191, 0, ' Shimano Acera SL-M390 Rapidfire-Plus, 9-Speed ', NULL, 'ru'),
(30, 2191, 0, ' Shimano Acera FD-M390 Top Swing, 34.9mm ', NULL, 'ru'),
(31, 2191, 0, ' Shimano Acera RD-M390 9-Speed ', NULL, 'ru'),
(32, 2191, 0, ' Shimano FC-M371 48x36x26T., 175mm, Shimano BB-UN26, Chainguard ', NULL, 'ru'),
(33, 2191, 0, ' Cross Alloy ', NULL, 'ru'),
(42, 2191, 0, ' Shimano CS-HG20 11-34T., 9-Speed ', NULL, 'ru'),
(45, 2191, 73, '', NULL, 'ru'),
(34, 2191, 0, ' Shimano 395 hydr. Disc Brake (160/160) ', NULL, 'ru'),
(35, 2191, 0, ' Selle Royal Viper ', NULL, 'ru'),
(36, 2191, 0, ' Easton EA30 31.6mm ', NULL, 'ru'),
(37, 2191, 0, ' Easton EA30, 25.4mm ', NULL, 'ru'),
(38, 2191, 0, ' Easton EA30 Riser ', NULL, 'ru'),
(39, 2191, 0, ' FSA No. 10 semi-integrated ', NULL, 'ru'),
(27, 2192, 18, '', NULL, 'ru'),
(40, 2192, 40, '', NULL, 'ru'),
(43, 2192, 63, '', NULL, 'ru'),
(13, 2192, 0, ' GTC Monocoque Twin Mold Technology ', NULL, 'ru'),
(41, 2192, 50, '', NULL, 'ru'),
(15, 2192, 0, ' CUBE CSL Race Carbon, 1 1/8"- 1 1/2" ', NULL, 'ru'),
(46, 2192, 81, '', NULL, 'ru'),
(25, 2192, 0, ' Shimano WH-R501, 20/24 spokes, asymmetrical rear rim design ', NULL, 'ru'),
(26, 2192, 0, ' Schwalbe Lugano 25x622 ', NULL, 'ru'),
(29, 2192, 0, ' Shimano Tiagra ST-4603, 3x10 speed ', NULL, 'ru'),
(30, 2192, 0, ' Shimano Tiagra FD-4603BL, 3x10 speed, clamp 34.9mm ', NULL, 'ru'),
(31, 2192, 0, ' Shimano Tiagra RD-4600GS, long cage, 3x10 speed ', NULL, 'ru'),
(32, 2192, 0, ' Shimano Tiagra FC-4603 Hollowtech II 50x39x30T, Innenlager PressFit SM-BB71-41 (86,5mm), 170mm (RH 50/53cm), 172,5mm (RH 56/58/60cm), 175mm (RH 62cm) ', NULL, 'ru'),
(45, 2192, 74, '', NULL, 'ru'),
(34, 2192, 0, ' Shimano Tiagra BR-4600 ', NULL, 'ru'),
(35, 2192, 0, ' Selle Italia X1 Road ', NULL, 'ru'),
(36, 2192, 0, ' Easton EA30 31.6*350mm ', NULL, 'ru'),
(37, 2192, 0, ' Easton EA30 Oversized, Lenkerklemmung 31.8mm, 8° ', NULL, 'ru'),
(38, 2192, 0, ' Easton EA30 Aero Oversized 31.8mm ', NULL, 'ru'),
(39, 2192, 0, ' CUBE CSL Race Carbon, 1 1/8"- 1 1/2" ', NULL, 'ru'),
(27, 2193, 18, '', NULL, 'ru'),
(40, 2193, 40, '', NULL, 'ru'),
(43, 2193, 59, '', NULL, 'ru'),
(13, 2193, 0, ' Alu Superlight 7005 STK Double butted, FSP 4-Link ', NULL, 'ru'),
(41, 2193, 55, '', NULL, 'ru'),
(15, 2193, 0, ' Rock Shox Recon Silver TK Air, 120mm, Poploc ', NULL, 'ru'),
(46, 2193, 80, '', NULL, 'ru'),
(25, 2193, 0, ' RFR ZX24 ', NULL, 'ru'),
(24, 2193, 0, ' Manitou Radium Expert RL, 200x51mm, Rebound, Lockout ', NULL, 'ru'),
(26, 2193, 0, ' Schwalbe Nobby Nic 2.25 ', NULL, 'ru');
INSERT INTO `catalog_product_features_values` (`feature_id`, `product_id`, `variant_id`, `value`, `value_int`, `language_code`) VALUES
(28, 2193, 0, ' Shimano FH-RM66 Centerlock Disc ', NULL, 'ru'),
(29, 2193, 0, ' Shimano Deore SL-M591, Rapidfire-Plus, 10-speed ', NULL, 'ru'),
(30, 2193, 0, ' Shimano Deore FD-M591-10. Down Swing 34.9mm, 10-speed ', NULL, 'ru'),
(31, 2193, 0, ' Shimano XT, RD-M781-SGSL, Shadow 10-speed ', NULL, 'ru'),
(32, 2193, 0, ' Shimano FC-M522, 42x32x24T, 175 mm, 3x10 speed, Innenlager BB-ES25 113mm ', NULL, 'ru'),
(33, 2193, 0, ' Alu PD-971 ', NULL, 'ru'),
(45, 2193, 73, '', NULL, 'ru'),
(34, 2193, 0, ' Shimano BR-M395 hydr. discbrake(180/160mm) ', NULL, 'ru'),
(35, 2193, 0, ' Selle Italia X1 ', NULL, 'ru'),
(36, 2193, 0, ' Easton EA30 31.6*400mm ', NULL, 'ru'),
(37, 2193, 0, ' Easton EA30 Oversized, Lenkerklemmung 31.8mm, 8° ', NULL, 'ru'),
(38, 2193, 0, ' Easton EA30 Lowriser Oversized, 660 mm ', NULL, 'ru'),
(39, 2193, 0, ' FSA No.10 semi-integrated, 1 1/8" ', NULL, 'ru'),
(27, 2194, 18, '', NULL, 'ru'),
(40, 2194, 40, '', NULL, 'ru'),
(43, 2194, 61, '', NULL, 'ru'),
(13, 2194, 0, ' High Performance Aluminum 7005 Advanced Hydroform, TLK, 4-fach konifiziert, FSP 4-Link, ISCG mount, 150mm X12 ', NULL, 'ru'),
(41, 2194, 42, '', NULL, 'ru'),
(15, 2194, 0, ' Fox 40 RC2 FIT, Kashima coated, 110x20mm Axle, 200mm ', NULL, 'ru'),
(46, 2194, 80, '', NULL, 'ru'),
(25, 2194, 0, 'Alex Supra30 Disc 32H', NULL, 'ru'),
(24, 2194, 0, ' Fox DHX RC4, 267x89mm, Rebound, High/Low-Speed Compression, BoostValve and Bottom Out adjustable, Kashima coated ', NULL, 'ru'),
(26, 2194, 0, 'Schwalbe Muddy Mary DH VertStar, 2.35', NULL, 'ru'),
(28, 2194, 0, 'Shimano SAINT HB-M820 Centerlock Disc, 20x110mm (перед)  Shimano SAINT FH-M825 Centerlock Disc, 12x150mm (зад)', NULL, 'ru'),
(32, 2194, 0, 'E13 The Hive LG1R 36T, 165mm, Oversized Alloy Axle', NULL, 'ru'),
(45, 2194, 73, '', NULL, 'ru'),
(34, 2194, 0, 'Formula RO Tune hydr. discbrake (203/180mm), Reach and Contact adjustable', NULL, 'ru'),
(35, 2194, 0, 'SDG Fly Ti RL', NULL, 'ru'),
(36, 2194, 0, 'Easton EA70 zero 31.6*400mm', NULL, 'ru'),
(37, 2194, 0, ' Easton Bolt-On Direct 45/50mm, Lenkerklemmung Oversized new 35.0mm ', NULL, 'ru'),
(38, 2194, 0, ' Easton Havoc Oversized new 35.0mm, 800mm ', NULL, 'ru'),
(39, 2194, 0, ' FSA Gravity 1/DX Pro, oben Zero Stack 1 1/2" reduziert auf 1 1/8", unten 1 1/2" extern reduziert 1 1/8" ', NULL, 'ru'),
(27, 2195, 17, '', NULL, 'ru'),
(40, 2195, 40, '', NULL, 'ru'),
(43, 2195, 59, '', NULL, 'ru'),
(13, 2195, 0, ' Alu Lite 6061 AMF RFR-Geometry ', NULL, 'ru'),
(41, 2195, 75, '', NULL, 'ru'),
(41, 2195, 54, '', NULL, 'ru'),
(15, 2195, 0, ' SR Suntour XCT ', NULL, 'ru'),
(46, 2195, 80, '', NULL, 'ru'),
(25, 2195, 0, ' Aluminium ', NULL, 'ru'),
(26, 2195, 0, ' Kenda 24 x 1.95 TEAM CUBE ', NULL, 'ru'),
(28, 2195, 0, ' Scape Aluminium ', NULL, 'ru'),
(29, 2195, 0, ' Shimano ST-EF31 Shifter, 7-fach ', NULL, 'ru'),
(30, 2195, 0, ' Shimano FD-C050 Dual Pull 31.8mm ', NULL, 'ru'),
(31, 2195, 0, ' Shimano RD-M310 ', NULL, 'ru'),
(32, 2195, 0, ' Shimano FC-M311 42x32x22 Z., Kettenschutz ', NULL, 'ru'),
(33, 2195, 0, ' Scape ', NULL, 'ru'),
(42, 2195, 0, ' Shimano MF-TZ31 14-34Z., 7-fach ', NULL, 'ru'),
(45, 2195, 74, '', NULL, 'ru'),
(34, 2195, 0, ' Aluminium V-Brake mit Powermodulator und Bremshebel ', NULL, 'ru'),
(35, 2195, 0, ' Scape TEAM ', NULL, 'ru'),
(36, 2195, 0, ' Scape Alu Lite ', NULL, 'ru'),
(37, 2195, 0, ' Scape Alu Lite ', NULL, 'ru'),
(38, 2195, 0, ' Scape Alu Lite ', NULL, 'ru'),
(39, 2195, 0, ' VP A-Headset ', NULL, 'ru'),
(27, 2196, 17, '', NULL, 'ru'),
(27, 2196, 27, '', NULL, 'ru'),
(40, 2196, 40, '', NULL, 'ru'),
(43, 2196, 69, '', NULL, 'ru'),
(13, 2196, 0, 'Алюминий 6061, Alu Lite 6061 AMF RFR-Geometry', NULL, 'ru'),
(41, 2196, 75, '', NULL, 'ru'),
(41, 2196, 54, '', NULL, 'ru'),
(41, 2196, 49, '', NULL, 'ru'),
(41, 2196, 51, '', NULL, 'ru'),
(15, 2196, 0, 'Пружинно-эластомерная, SR Suntour XCT 80mm', NULL, 'ru'),
(46, 2196, 79, '', NULL, 'ru'),
(26, 2196, 0, 'Kenda 24 x 1.95 TEAM CUBE', NULL, 'ru'),
(29, 2196, 0, 'Shimano ST-EF31 Shifter, 7-fach', NULL, 'ru'),
(30, 2196, 0, 'Shimano FD-C050 Dual Pull 31.8mm', NULL, 'ru'),
(31, 2196, 0, 'Shimano RD-M310', NULL, 'ru'),
(32, 2196, 0, 'Shimano FC-M311 42x32x22 Z., Kettenschutz', NULL, 'ru'),
(42, 2196, 0, 'Shimano MF-TZ31 14-34Z., 7-fach', NULL, 'ru'),
(45, 2196, 74, '', NULL, 'ru'),
(34, 2196, 0, 'Ободные механические, Aluminium V-Brake mit Powermodulator und Bremshebel', NULL, 'ru'),
(35, 2196, 0, 'Scape TEAM', NULL, 'ru'),
(36, 2196, 0, 'Scape Alu Lite', NULL, 'ru'),
(37, 2196, 0, 'Scape Alu Lite', NULL, 'ru'),
(38, 2196, 0, 'Scape Alu Lite', NULL, 'ru'),
(39, 2196, 0, 'VP A-Headset', NULL, 'ru'),
(27, 2197, 17, '', NULL, 'ru'),
(40, 2197, 40, '', NULL, 'ru'),
(43, 2197, 69, '', NULL, 'ru'),
(13, 2197, 0, ' 6061er Aluminium, thermisch behandelt, KID-Geometrie ', NULL, 'ru'),
(15, 2197, 0, ' SR Suntour ', NULL, 'ru'),
(25, 2197, 0, ' Aluminium ', NULL, 'ru'),
(26, 2197, 0, ' Kenda 24 x 1.95 TEAM CUBE ', NULL, 'ru'),
(28, 2197, 0, ' Scape Aluminium ', NULL, 'ru'),
(29, 2197, 0, ' Shimano SL-RS41 Revo Shifter, 7-fach ', NULL, 'ru'),
(30, 2197, 0, ' Shimano FD-C050 Dual Pull 31.8mm ', NULL, 'ru'),
(31, 2197, 0, ' Shimano RD-M310 ', NULL, 'ru'),
(32, 2197, 0, ' Sunrace 42x34x24Z., Kettenschutz, mit Vierkant-Innenlager ', NULL, 'ru'),
(33, 2197, 0, 'Scape', NULL, 'ru'),
(42, 2197, 0, '  Shimano MF-TZ31 14-34Z., 7-fach ', NULL, 'ru'),
(45, 2197, 74, '', NULL, 'ru'),
(34, 2197, 0, ' Aluminium V-Brake mit Powermodulator und Bremshebel ', NULL, 'ru'),
(35, 2197, 0, ' Scape TEAM KID ', NULL, 'ru'),
(36, 2197, 0, ' Scape Alu Lite ', NULL, 'ru'),
(37, 2197, 0, ' Scape Alu Lite ', NULL, 'ru'),
(38, 2197, 0, ' Scape Alu Lite ', NULL, 'ru'),
(39, 2197, 0, ' VP A-Headset ', NULL, 'ru'),
(31, 2198, 0, ' Shimano RD-TX31 ', NULL, 'ru'),
(30, 2198, 0, ' Shimano SL-RS41 Revo Shifter rechts, 7-Gang ', NULL, 'ru'),
(29, 2198, 0, ' Aluminium V-Brake mit Powermodulator und Bremshebel ', NULL, 'ru'),
(28, 2198, 0, ' Scape Aluminium ', NULL, 'ru'),
(26, 2198, 0, ' Kenda 20 x 2.0 TEAM CUBE ', NULL, 'ru'),
(25, 2198, 0, ' Aluminium ', NULL, 'ru'),
(46, 2198, 84, '', NULL, 'ru'),
(15, 2198, 0, ' Hi Ten Starrgabel ', NULL, 'ru'),
(13, 2198, 0, ' 6061er Aluminium, thermisch behandelt, KID-Geometrie ', NULL, 'ru'),
(43, 2198, 69, '', NULL, 'ru'),
(43, 2198, 68, '', NULL, 'ru'),
(40, 2198, 40, '', NULL, 'ru'),
(27, 2198, 17, '', NULL, 'ru'),
(32, 2199, 0, ' Hudson 32Z., 114mm, Kettenschutz, mit Vierkant-Innenlager ', NULL, 'ru'),
(28, 2199, 0, ' Scape Aluminium Rücktrittbremsnabe ', NULL, 'ru'),
(26, 2199, 0, ' Kenda 16 x 1.95 TEAM CUBE ', NULL, 'ru'),
(25, 2199, 0, ' Aluminium ', NULL, 'ru'),
(46, 2199, 77, '', NULL, 'ru'),
(15, 2199, 0, ' Hi Ten Starrgabel ', NULL, 'ru'),
(13, 2199, 0, ' 6061er Aluminium, thermisch behandelt, KID-Geometrie ', NULL, 'ru'),
(43, 2199, 68, '', NULL, 'ru'),
(40, 2199, 40, '', NULL, 'ru'),
(27, 2199, 17, '', NULL, 'ru'),
(27, 2200, 18, '', NULL, 'ru'),
(40, 2200, 39, '', NULL, 'ru'),
(43, 2200, 59, '', NULL, 'ru'),
(13, 2200, 0, 'Alu Superlite AMF 7005 Double Butted, WLS_Geometry', NULL, 'ru'),
(41, 2200, 44, '', NULL, 'ru'),
(15, 2200, 0, 'Suntour Raidon Air 100mm, Remote_Lockout', NULL, 'ru'),
(46, 2200, 80, '', NULL, 'ru'),
(25, 2200, 0, 'RFR ZX24', NULL, 'ru'),
(26, 2200, 0, 'Schwalbe Rapid Rob Performance 2.25', NULL, 'ru'),
(28, 2200, 0, 'Shimano HB-RM66 Disc / Shimano FH-RM66 Disc', NULL, 'ru'),
(29, 2200, 0, 'Shimano Alivio SL-M430, Rapidfire-Plus, 9-speed', NULL, 'ru'),
(30, 2200, 0, 'Shimano Alivio FD-M430, Top Swing 34,9mm, 9-speed', NULL, 'ru'),
(31, 2200, 0, 'Shimano SLX RD-M662 Shadow 9-speed', NULL, 'ru'),
(32, 2200, 0, 'Shimano FC-M430 44x32x22T, with BB-UN26', NULL, 'ru'),
(33, 2200, 0, 'Fasten Alu', NULL, 'ru'),
(45, 2200, 73, '', NULL, 'ru'),
(34, 2200, 0, 'Shimano BR-M445 hydr. discbrake(180/160mm)', NULL, 'ru'),
(35, 2200, 0, 'Selle Italia X1', NULL, 'ru'),
(36, 2200, 0, 'Easton EA30 31,6mm', NULL, 'ru'),
(37, 2200, 0, 'Easton EA30 Oversized', NULL, 'ru'),
(38, 2200, 0, 'Easton EA30 Lowriser Oversized', NULL, 'ru'),
(39, 2200, 0, 'FSA No.10 semi-integrated', NULL, 'ru'),
(27, 2201, 18, '', NULL, 'ru'),
(40, 2201, 39, '', NULL, 'ru'),
(43, 2201, 59, '', NULL, 'ru'),
(13, 2201, 0, 'Alu Lite AMF 6061 RFR-Geometry, Disc only', NULL, 'ru'),
(41, 2201, 55, '', NULL, 'ru'),
(41, 2201, 49, '', NULL, 'ru'),
(15, 2201, 0, 'Rock Shox Recon TK Air, 100mm, Poploc', NULL, 'ru'),
(46, 2201, 80, '', NULL, 'ru'),
(25, 2201, 0, 'Alex ZX 24', NULL, 'ru'),
(26, 2201, 0, 'Schwalbe Smart Sam 2.255', NULL, 'ru'),
(29, 2201, 0, 'Shimano Deore SL-M591 Rapidfire-Plus, 10-speed', NULL, 'ru'),
(30, 2201, 0, 'Shimano Deore FD-M590 Top Swing 34,9mm, 10-speed', NULL, 'ru'),
(31, 2201, 0, 'Shimano Deore XT RD-M780 Shadow 10-speed', NULL, 'ru'),
(32, 2201, 0, 'Shimano FC-M522 42x32x24T, 175mm, with BB-ES25', NULL, 'ru'),
(33, 2201, 0, 'Fasten Alu', NULL, 'ru'),
(45, 2201, 73, '', NULL, 'ru'),
(34, 2201, 0, 'Shimano BR-M445 hydr. discbrake(160/160mm)', NULL, 'ru'),
(35, 2201, 0, 'Scape Active 8', NULL, 'ru'),
(36, 2201, 0, 'Easton EA30 31,6mm', NULL, 'ru'),
(37, 2201, 0, 'Easton EA30 Oversized', NULL, 'ru'),
(38, 2201, 0, 'Easton EA30 Lowriser Oversized', NULL, 'ru'),
(39, 2201, 0, 'FSA No.10 semi-integrated', NULL, 'ru'),
(42, 2202, 0, 'Shimano CS-HG81 11-36T, 10-speed', NULL, 'ru'),
(33, 2202, 0, 'Fasten Alu', NULL, 'ru'),
(32, 2202, 0, 'Shimano FC-M552 2-Piece 42x32x24T, 175mm, integrated BB 3x10 speed', NULL, 'ru'),
(31, 2202, 0, 'Shimano Deore XT RD-M773 Shadow 10-speed', NULL, 'ru'),
(30, 2202, 0, 'Shimano SLX FD-M660-10, Top Swing, 34.9mm, 10-speed', NULL, 'ru'),
(29, 2202, 0, 'Shimano SLX SL-M660-10 Rapidfire-Plus, 10-speed', NULL, 'ru'),
(28, 2202, 0, 'Shimano Disc HB-M475', NULL, 'ru'),
(25, 2202, 0, 'RFR AX24', NULL, 'ru'),
(26, 2202, 0, 'Schwalbe Smart Sam 2.25', NULL, 'ru'),
(46, 2202, 80, '', NULL, 'ru'),
(41, 2202, 55, '', NULL, 'ru'),
(15, 2202, 0, 'Rock Shox Dart 3 100mm, PopLoc', NULL, 'ru'),
(13, 2202, 0, 'Alu Lite AMF 7005 RFR-Geometry', NULL, 'ru'),
(43, 2202, 59, '', NULL, 'ru'),
(40, 2202, 38, '', NULL, 'ru'),
(27, 2202, 18, '', NULL, 'ru'),
(45, 2202, 73, '', NULL, 'ru'),
(34, 2202, 0, 'Hayes Stroker Ryde hydr. discbrake (160/160mm)', NULL, 'ru'),
(35, 2202, 0, 'Scape Active7', NULL, 'ru'),
(36, 2202, 0, 'RFR Complight 31,6mm', NULL, 'ru'),
(37, 2202, 0, 'Easton EA30 Oversized', NULL, 'ru'),
(38, 2202, 0, 'Easton EA30 Lowriser Oversized', NULL, 'ru'),
(39, 2202, 0, 'FSA No.10 semi-integrated', NULL, 'ru'),
(27, 2203, 18, '', NULL, 'ru'),
(40, 2203, 39, '', NULL, 'ru'),
(43, 2203, 59, '', NULL, 'ru'),
(13, 2203, 0, 'Alu Lite AMF 6061 RFR-Geometry ', NULL, 'ru'),
(41, 2203, 51, '', NULL, 'ru'),
(15, 2203, 0, 'Suntour XCM Lockout 100mm ', NULL, 'ru'),
(46, 2203, 80, '', NULL, 'ru'),
(25, 2203, 0, 'Mach1 Exe ', NULL, 'ru'),
(26, 2203, 0, 'Schwalbe Smart Sam 2.25 ', NULL, 'ru'),
(28, 2203, 0, 'Shimano HB-RM40 / Shimano FH-RM30 ', NULL, 'ru'),
(29, 2203, 0, 'Shimano Schalt-/Bremsgriffe ST-EF51 EZ Fire Plus, 8-speed ', NULL, 'ru'),
(30, 2203, 0, 'Shimano FD-M310, Top Swing 34,9mm, 8-speed ', NULL, 'ru'),
(31, 2203, 0, 'Shimano Alivio RD-M410 Top Normal 8-speed ', NULL, 'ru'),
(32, 2203, 0, 'Shimano Acera FC-M361 42x32x22T, Shimano BB-UN26 ', NULL, 'ru'),
(33, 2203, 0, 'Fasten Alu ', NULL, 'ru'),
(45, 2203, 74, '', NULL, 'ru'),
(34, 2203, 0, 'Shimano BR-M422 V-Brake ', NULL, 'ru'),
(35, 2203, 0, 'Scape Active 8 ', NULL, 'ru'),
(36, 2203, 0, ' Easton EA30 31,6mm*400mm black/black ', NULL, 'ru'),
(37, 2203, 0, 'Easton EA30 Oversized ', NULL, 'ru'),
(38, 2203, 0, 'Easton EA30 Lowriser Oversized ', NULL, 'ru'),
(39, 2203, 0, 'FSA No.10 semi-integrated ', NULL, 'ru'),
(27, 2204, 18, '', NULL, 'ru'),
(40, 2204, 39, '', NULL, 'ru'),
(43, 2204, 59, '', NULL, 'ru'),
(13, 2204, 0, ' Алюминий 6061, Alu Lite AMF RFR-Geometry, Disc only', NULL, 'ru'),
(41, 2204, 55, '', NULL, 'ru'),
(41, 2204, 49, '', NULL, 'ru'),
(15, 2204, 0, ' Масляно-пружинная, Rock Shox XC 28, 100mm, Poploc', NULL, 'ru'),
(46, 2204, 80, '', NULL, 'ru'),
(25, 2204, 0, ' Двойные, Alex ZX 24', NULL, 'ru'),
(26, 2204, 0, ' Schwalbe Smart Sam 2.25', NULL, 'ru'),
(28, 2204, 0, ' Shimano HB-RM66 Disc', NULL, 'ru'),
(29, 2204, 0, ' Shimano Deore SL-M591 Rapidfire-Plus, 10-speed', NULL, 'ru'),
(30, 2204, 0, ' Shimano Deore, FD-M590 Top Swing 34,9mm, 10-speed', NULL, 'ru'),
(31, 2204, 0, ' Shimano SLX, RD-M663 Shadow 10-speed', NULL, 'ru'),
(32, 2204, 0, ' Shimano FC-M522 42x32x24T, 175mm, with BB-ES25', NULL, 'ru'),
(33, 2204, 0, ' Fasten Alu', NULL, 'ru'),
(45, 2204, 73, '', NULL, 'ru'),
(34, 2204, 0, 'Shimano BR-M445 hydr. discbrake(160/160mm)', NULL, 'ru'),
(35, 2204, 0, ' Scape Active 8', NULL, 'ru'),
(36, 2204, 0, ' Easton EA30 31,6mm', NULL, 'ru'),
(37, 2204, 0, ' Easton EA30 Oversized', NULL, 'ru'),
(38, 2204, 0, ' Easton EA30 Lowriser Oversized', NULL, 'ru'),
(39, 2204, 0, ' FSA No.10 semi-integrated', NULL, 'ru'),
(26, 2206, 0, ' Kenda TEAM CUBE ', NULL, 'ru'),
(46, 2206, 85, '', NULL, 'ru'),
(25, 2206, 0, ' Aluminium ', NULL, 'ru'),
(15, 2206, 0, ' Aluminium Starrgabel ', NULL, 'ru'),
(13, 2206, 0, ' 6061er Aluminium, thermisch behandelt, KID-Geometrie ', NULL, 'ru'),
(43, 2206, 70, '', NULL, 'ru'),
(43, 2206, 68, '', NULL, 'ru'),
(40, 2206, 40, '', NULL, 'ru'),
(27, 2206, 30, '', NULL, 'ru'),
(26, 2205, 0, ' Kenda TEAM CUBE', NULL, 'ru'),
(46, 2205, 85, '', NULL, 'ru'),
(25, 2205, 0, ' Aluminium', NULL, 'ru'),
(15, 2205, 0, ' Жесткая, Aluminium Starrgabel', NULL, 'ru'),
(13, 2205, 0, ' Алюминий 6061, thermisch behandelt, KID-Geometrie', NULL, 'ru'),
(43, 2205, 70, '', NULL, 'ru'),
(43, 2205, 68, '', NULL, 'ru'),
(40, 2205, 39, '', NULL, 'ru'),
(27, 2205, 30, '', NULL, 'ru'),
(27, 2207, 18, '', NULL, 'ru'),
(40, 2207, 39, '', NULL, 'ru'),
(43, 2207, 59, '', NULL, 'ru'),
(13, 2207, 0, 'Alu Superlite AMF 6061 Double Butted, RFR-Geometry, Disc only', NULL, 'ru'),
(41, 2207, 49, '', NULL, 'ru'),
(15, 2207, 0, 'Rock Shox Recon TK Air, 100mm, Poploc', NULL, 'ru'),
(46, 2207, 80, '', NULL, 'ru'),
(25, 2207, 0, 'Alex ZX 24', NULL, 'ru'),
(26, 2207, 0, 'Schwalbe Rapid Rob Performance 2.25', NULL, 'ru'),
(28, 2207, 0, 'Shimano HB-M475 Disc; Shimano FH-M475 Disc', NULL, 'ru'),
(29, 2207, 0, 'Shimano Deore SL-M591, Rapidfire-Plus, 10-speed', NULL, 'ru'),
(30, 2207, 0, 'Shimano Deore FD-M590, Top Swing 34,9mm, 10-speed', NULL, 'ru'),
(31, 2207, 0, 'Shimano Deore XT RD-M780 Shadow 10-speed', NULL, 'ru'),
(32, 2207, 0, 'Shimano FC-M552 2-Piece 42x32x24T, 175mm, integrated BB, 3x10 speed', NULL, 'ru'),
(33, 2207, 0, 'Fasten Alu', NULL, 'ru'),
(45, 2207, 73, '', NULL, 'ru'),
(34, 2207, 0, 'Formula RX hydr. discbrake (180/160mm)', NULL, 'ru'),
(35, 2207, 0, 'Selle Italia X1', NULL, 'ru'),
(36, 2207, 0, 'Easton EA30 31,6mm', NULL, 'ru'),
(37, 2207, 0, 'Easton EA30 Oversized', NULL, 'ru'),
(38, 2207, 0, 'Easton EA30 Lowriser Oversized', NULL, 'ru'),
(39, 2207, 0, 'FSA No.10 semi-integrated', NULL, 'ru'),
(40, 2208, 39, '', NULL, 'ru'),
(43, 2208, 68, '', NULL, 'ru'),
(13, 2208, 0, '6061er Aluminium, thermally threated, KID-geometry', NULL, 'ru'),
(15, 2208, 0, 'Hi Ten rigid fork', NULL, 'ru'),
(46, 2208, 77, '', NULL, 'ru'),
(25, 2208, 0, 'Aluminium', NULL, 'ru'),
(26, 2208, 0, 'Kenda 16 x 1.95 TEAM CUBE', NULL, 'ru'),
(28, 2208, 0, 'Scape Aluminium / Scape Aluminium backpedal brake', NULL, 'ru'),
(32, 2208, 0, 'Hudson 32Z., 114mm, chain guard with square bottom bracket', NULL, 'ru'),
(33, 2208, 0, 'Scape TEAM KID', NULL, 'ru'),
(45, 2208, 74, '', NULL, 'ru'),
(34, 2208, 0, 'Aluminium VR-Cantilever and brake lever', NULL, 'ru'),
(35, 2208, 0, 'Scape Alu Lite', NULL, 'ru'),
(36, 2208, 0, 'Scape', NULL, 'ru'),
(37, 2208, 0, 'Scape Alu Lite', NULL, 'ru'),
(38, 2208, 0, 'Scape Alu Lite', NULL, 'ru'),
(39, 2208, 0, 'VP A-Headset', NULL, 'ru'),
(40, 2209, 38, '', NULL, 'ru'),
(43, 2209, 69, '', NULL, 'ru'),
(13, 2209, 0, ' 6061er Aluminium, heat treated, KID-Geometry', NULL, 'ru'),
(15, 2209, 0, ' RST-191 suspension fork', NULL, 'ru'),
(46, 2209, 84, '', NULL, 'ru'),
(25, 2209, 0, ' Aluminium', NULL, 'ru'),
(26, 2209, 0, ' Kenda 24 x 1.95 TEAM CUBE', NULL, 'ru'),
(28, 2209, 0, ' Aluminium', NULL, 'ru'),
(29, 2209, 0, ' Shimano SL-RS41 Revo Shifter, 7-fach', NULL, 'ru'),
(30, 2209, 0, ' Shimano FD-C050 Dual Pull 31.8mm', NULL, 'ru'),
(31, 2209, 0, ' Shimano RD-M310', NULL, 'ru'),
(32, 2209, 0, ' Sunrace 42x34x24Z., 140mm, chain protection, with Classic Botton Bracket', NULL, 'ru'),
(33, 2209, 0, ' Scape', NULL, 'ru'),
(42, 2209, 0, ' Shimano MF-TZ31 14-34Z., 7-fach', NULL, 'ru'),
(45, 2209, 74, '', NULL, 'ru'),
(34, 2209, 0, ' Aluminium V-Brake with Powermodulator brake levers', NULL, 'ru'),
(35, 2209, 0, ' Scape TEAM KID', NULL, 'ru'),
(36, 2209, 0, ' Scape Alu Lite', NULL, 'ru'),
(37, 2209, 0, ' Scape Alu Lite', NULL, 'ru'),
(38, 2209, 0, ' Scape Alu Lite incl. Barends', NULL, 'ru'),
(39, 2209, 0, ' VP A-Headset', NULL, 'ru'),
(28, 2205, 0, ' Scape Aluminium', NULL, 'ru'),
(35, 2205, 0, ' Scape TEAM CUBIE', NULL, 'ru'),
(36, 2205, 0, ' Scape Alu Lite', NULL, 'ru'),
(37, 2205, 0, ' Scape Alu Lite inkl. Prallschutz', NULL, 'ru'),
(38, 2205, 0, ' Scape Alu Lite', NULL, 'ru'),
(39, 2205, 0, ' VP', NULL, 'ru'),
(28, 2206, 0, ' Scape Aluminium ', NULL, 'ru'),
(35, 2206, 0, ' Scape TEAM CUBIE ', NULL, 'ru'),
(36, 2206, 0, ' Scape Alu Lite ', NULL, 'ru'),
(37, 2206, 0, ' Scape Alu Lite inkl. Prallschutz ', NULL, 'ru'),
(38, 2206, 0, ' Scape Alu Lite ', NULL, 'ru'),
(39, 2206, 0, ' VP ', NULL, 'ru'),
(27, 2210, 18, '', NULL, 'ru'),
(40, 2210, 39, '', NULL, 'ru'),
(43, 2210, 59, '', NULL, 'ru'),
(13, 2210, 0, 'Alu Superlite 7005 STK Double Butted, FSP 4-Link-System', NULL, 'ru'),
(41, 2210, 49, '', NULL, 'ru'),
(15, 2210, 0, 'Manitou Marvel LTD 100mm, Air Assist, Remote-Lockout', NULL, 'ru'),
(46, 2210, 80, '', NULL, 'ru'),
(25, 2210, 0, 'RFR ZX24', NULL, 'ru'),
(24, 2210, 0, 'Manitou Radium Expert 165x38mm length, Lockout', NULL, 'ru'),
(26, 2210, 0, 'Schwalbe Nobby Nic Performance 2.25', NULL, 'ru'),
(28, 2210, 0, 'Shimano Deore XT Disc HB-M756, Shimano Deore XT Disc FH-M756', NULL, 'ru'),
(29, 2210, 0, 'Shimano Deore SL-M591 Rapidfire-Plus, 10-speed', NULL, 'ru'),
(30, 2210, 0, 'Shimano Deore FD-M591-10 Down Swing 34, 9mm, 10-speed', NULL, 'ru'),
(31, 2210, 0, 'Shimano Deore XT RD-M780 Shadow 10-speed', NULL, 'ru'),
(32, 2210, 0, 'Shimano FC-M552 2-Piece 42x32x24T, 175mm, integrated BB, 3x10 speed', NULL, 'ru'),
(33, 2210, 0, 'Fasten Alu', NULL, 'ru'),
(45, 2210, 73, '', NULL, 'ru'),
(34, 2210, 0, 'Hayes Stroker Ryde hydr. discbrake (180/160mm)', NULL, 'ru'),
(35, 2210, 0, 'Selle Italia X1', NULL, 'ru'),
(36, 2210, 0, 'Easton EA30 31, 6mm', NULL, 'ru'),
(37, 2210, 0, 'Easton EA30 Oversized', NULL, 'ru'),
(38, 2210, 0, 'Easton EA30 Lowriser Oversized', NULL, 'ru'),
(39, 2210, 0, 'FSA No.10 semi-integrated', NULL, 'ru'),
(33, 2198, 0, ' Scape ', NULL, 'ru'),
(42, 2198, 0, ' Shimano MF-TZ31 13-34Z., 7-fach ', NULL, 'ru'),
(45, 2198, 74, '', NULL, 'ru'),
(34, 2198, 0, ' Prowheel 36Z., 127mm, Kettenschutz, mit Vierkant-Innenlager ', NULL, 'ru'),
(35, 2198, 0, ' Scape TEAM KID ', NULL, 'ru'),
(36, 2198, 0, ' Scape Alu Lite ', NULL, 'ru'),
(37, 2198, 0, ' Scape Alu Lite ', NULL, 'ru'),
(38, 2198, 0, ' Scape Alu Lite ', NULL, 'ru'),
(39, 2198, 0, ' VP A-Headset ', NULL, 'ru'),
(33, 2199, 0, ' Scape ', NULL, 'ru'),
(35, 2199, 0, ' Scape TEAM KID ', NULL, 'ru'),
(36, 2199, 0, ' Scape Alu Lite ', NULL, 'ru'),
(37, 2199, 0, ' Scape Alu Lite ', NULL, 'ru'),
(38, 2199, 0, ' Scape Alu Lite ', NULL, 'ru'),
(39, 2199, 0, ' VP A-Headset ', NULL, 'ru'),
(37, 2066, 0, 'A-Head CEN', NULL, 'ru'),
(38, 2066, 0, 'XM CEN Steel Rise 540', NULL, 'ru'),
(39, 2066, 0, 'A-Head', NULL, 'ru'),
(36, 2127, 0, ' Alloy 27.2', NULL, 'ru'),
(37, 2127, 0, ' A-Head CEN 15', NULL, 'ru'),
(38, 2127, 0, ' Merida CEN STEEL Rise 540', NULL, 'ru'),
(39, 2127, 0, ' A-Head', NULL, 'ru'),
(38, 2128, 0, ' Merida CEN Steel Riser, 540 mm', NULL, 'ru'),
(39, 2128, 0, ' Ahead', NULL, 'ru'),
(31, 2211, 0, 'SHIMANO Acera M360', NULL, 'ru'),
(29, 2211, 0, 'SHIMANO ST-EF51-7 EZ-fire Plus', NULL, 'ru'),
(28, 2211, 0, 'alloy (32 holes', NULL, 'ru'),
(26, 2211, 0, 'KELLYS Cobra 50-559 (26x2.0)', NULL, 'ru'),
(25, 2211, 0, 'KLS Draft 559x19 (32 holes)', NULL, 'ru'),
(46, 2211, 80, '', NULL, 'ru'),
(15, 2211, 0, 'SR SUNTOUR XCT V4, 100mm, coil spring', NULL, 'ru'),
(41, 2211, 48, '', NULL, 'ru'),
(41, 2211, 45, '', NULL, 'ru'),
(13, 2211, 0, 'KELLYS Alutec Lite 6061 - RRC Geometry (Race Ready Concept)', NULL, 'ru'),
(43, 2211, 59, '', NULL, 'ru'),
(40, 2211, 39, '', NULL, 'ru'),
(27, 2211, 17, '', NULL, 'ru'),
(33, 2211, 0, 'plastic', NULL, 'ru'),
(42, 2211, 0, 'SHIMANO MF-TZ21 (14-28)', NULL, 'ru'),
(45, 2211, 74, '', NULL, 'ru'),
(34, 2211, 0, 'APSE', NULL, 'ru'),
(35, 2211, 0, 'KLS DriveLine PRO-Comp', NULL, 'ru'),
(36, 2211, 0, 'KALLOY (diam 27.2mm)', NULL, 'ru'),
(37, 2211, 0, 'KALLOY (diam 28.6mm / 15°)', NULL, 'ru'),
(38, 2211, 0, 'steel RiseBar (diam 25.4mm)', NULL, 'ru'),
(39, 2211, 0, 'semi-integrated', NULL, 'ru'),
(27, 2212, 17, '', NULL, 'ru'),
(40, 2212, 39, '', NULL, 'ru'),
(43, 2212, 59, '', NULL, 'ru'),
(13, 2212, 0, 'KELLYS Alutec Lite 6061 - RRC Geometry (Race Ready Concept)', NULL, 'ru'),
(41, 2212, 45, '', NULL, 'ru'),
(15, 2212, 0, 'SR SUNTOUR XCT V4, 100mm, coil spring', NULL, 'ru'),
(46, 2212, 80, '', NULL, 'ru'),
(25, 2212, 0, 'KLS Draft 559x19 (32 holes)', NULL, 'ru'),
(26, 2212, 0, 'KELLYS Cobra 50-559 (26x2.0)', NULL, 'ru'),
(28, 2212, 0, 'alloy / Shimano RM30 (32 holes)', NULL, 'ru'),
(29, 2212, 0, 'SHIMANO ST-EF65-8 EZ-fire Plus', NULL, 'ru'),
(30, 2212, 0, 'SHIMANO TY10 (31.8mm)', NULL, 'ru'),
(31, 2212, 0, 'SHIMANO Acera M360', NULL, 'ru'),
(32, 2212, 0, 'PROWHEEL (42x34x24)', NULL, 'ru'),
(33, 2212, 0, 'plastic', NULL, 'ru'),
(42, 2212, 0, 'SHIMANO (12) CS-HG31-8 (11-34)', NULL, 'ru'),
(45, 2212, 74, '', NULL, 'ru'),
(34, 2212, 0, 'APSE', NULL, 'ru'),
(35, 2212, 0, 'KLS DriveLine', NULL, 'ru'),
(36, 2212, 0, 'KALLOY (diam 27.2mm)', NULL, 'ru'),
(37, 2212, 0, 'KALLOY (diam 28.6mm / 15°)', NULL, 'ru'),
(38, 2212, 0, 'steel RiseBar (diam 25.4mm)', NULL, 'ru'),
(39, 2212, 0, 'semi-integrated', NULL, 'ru'),
(27, 2213, 17, '', NULL, 'ru'),
(40, 2213, 40, '', NULL, 'ru'),
(43, 2213, 59, '', NULL, 'ru'),
(13, 2213, 0, 'Kellys Alutec Lite 6061 - RRC Geometry (Race Ready Concept)', NULL, 'ru'),
(41, 2213, 45, '', NULL, 'ru'),
(41, 2213, 48, '', NULL, 'ru'),
(15, 2213, 0, 'SR Suntour XCT, 100mm, coil spring', NULL, 'ru'),
(46, 2213, 80, '', NULL, 'ru'),
(25, 2213, 0, 'KLS Draft 559 x 19 (32 holes) со спицами steel U.C.P.', NULL, 'ru'),
(26, 2213, 0, 'Kellys Cobra 50-559 (26 x 2.0)', NULL, 'ru'),
(28, 2213, 0, 'alloy (32 holes)', NULL, 'ru'),
(29, 2213, 0, 'Shimano ST-EF51-7 EZ-fire Plus', NULL, 'ru'),
(30, 2213, 0, 'Shimano TY10 (31.8mm)', NULL, 'ru'),
(31, 2213, 0, 'Shimano Acera M360', NULL, 'ru'),
(32, 2213, 0, 'Prowheel (42x34x24)', NULL, 'ru'),
(33, 2213, 0, 'plastic ', NULL, 'ru'),
(42, 2213, 0, 'Shimano MF-TZ21 (14-28)', NULL, 'ru'),
(45, 2213, 74, '', NULL, 'ru'),
(34, 2213, 0, 'Apse Тормозной трос Driving Force SCS (SlickCableSystem)', NULL, 'ru'),
(35, 2213, 0, 'KLS DriveLine', NULL, 'ru'),
(36, 2213, 0, 'Kalloy (diam 27.2mm)', NULL, 'ru'),
(37, 2213, 0, 'Kalloy (diam 28.6mm / 15°)', NULL, 'ru'),
(38, 2213, 0, 'steel RiseBar (diam 25.4mm)', NULL, 'ru'),
(39, 2213, 0, 'semi-integrated', NULL, 'ru'),
(27, 2214, 17, '', NULL, 'ru'),
(40, 2214, 40, '', NULL, 'ru'),
(43, 2214, 59, '', NULL, 'ru'),
(13, 2214, 0, 'Kellys Alutec Lite 6061 - RRC Geometry (Race Ready Concept)', NULL, 'ru'),
(41, 2214, 45, '', NULL, 'ru'),
(41, 2214, 48, '', NULL, 'ru'),
(41, 2214, 50, '', NULL, 'ru'),
(15, 2214, 0, 'SR Suntour XCT, 100mm, coil spring', NULL, 'ru'),
(46, 2214, 80, '', NULL, 'ru'),
(25, 2214, 0, 'KLS Draft 559 x 19 (32 holes) со спицами stainless steel', NULL, 'ru'),
(26, 2214, 0, 'Kellys Cobra 50-559 (26 x 2.0)', NULL, 'ru'),
(28, 2214, 0, 'alloy / Shimano RM30 (32 holes)', NULL, 'ru'),
(29, 2214, 0, 'Shimano ST-EF51-8 EZ-fire Plus', NULL, 'ru'),
(30, 2214, 0, 'Shimano TY10 (31.8mm)', NULL, 'ru'),
(31, 2214, 0, 'Shimano Acera M360', NULL, 'ru'),
(32, 2214, 0, 'Prowheel (42x34x24)', NULL, 'ru'),
(33, 2214, 0, 'plastic ', NULL, 'ru'),
(42, 2214, 0, 'Shimano CS-HG31-8 (11-34)', NULL, 'ru'),
(45, 2214, 74, '', NULL, 'ru'),
(34, 2214, 0, 'Apse Тормозной трос Driving Force SCS (SlickCableSystem)', NULL, 'ru'),
(35, 2214, 0, 'KLS DriveLine', NULL, 'ru'),
(36, 2214, 0, 'Kalloy (diam 27.2mm)', NULL, 'ru'),
(37, 2214, 0, 'Kalloy (diam 28.6mm / 15°)', NULL, 'ru'),
(38, 2214, 0, 'steel RiseBar (diam 25.4mm)', NULL, 'ru'),
(39, 2214, 0, 'semi-integrated', NULL, 'ru'),
(27, 2215, 18, '', NULL, 'ru'),
(40, 2215, 40, '', NULL, 'ru'),
(43, 2215, 59, '', NULL, 'ru'),
(13, 2215, 0, 'Kellys Alutec Lite 6061 - RRC Geometry (Race Ready Concept)', NULL, 'ru'),
(41, 2215, 45, '', NULL, 'ru'),
(41, 2215, 48, '', NULL, 'ru'),
(41, 2215, 50, '', NULL, 'ru'),
(15, 2215, 0, 'SR Suntour XCT, 100mm, coil spring', NULL, 'ru'),
(25, 2215, 0, 'KLS Draft Disc 559 x 19 (32 holes) со спицами stainless steel', NULL, 'ru'),
(26, 2215, 0, 'Kenda Kinetics 54-559 (26 x 2.10)', NULL, 'ru'),
(28, 2215, 0, 'Sram MTH-306 Disc (32 holes)', NULL, 'ru'),
(29, 2215, 0, 'Shimano ST-EF51-8 EZ-fire Plus', NULL, 'ru'),
(30, 2215, 0, 'Shimano M190 (31.8mm)', NULL, 'ru'),
(31, 2215, 0, 'Shimano Alivio M430', NULL, 'ru'),
(32, 2215, 0, 'SR Suntour XCT (42x32x22)', NULL, 'ru'),
(33, 2215, 0, 'plastic ', NULL, 'ru'),
(42, 2215, 0, 'Shimano CS-HG31-8 (11-34)', NULL, 'ru'),
(45, 2215, 73, '', NULL, 'ru'),
(34, 2215, 0, 'Tektro Novela Mechanical Disc 160mm front / 160mm rear Тормозной трос Driving Force SCS (SlickCableSystem)', NULL, 'ru'),
(35, 2215, 0, 'KLS DriveLine', NULL, 'ru'),
(36, 2215, 0, 'Kalloy (diam 27.2mm)', NULL, 'ru'),
(37, 2215, 0, 'Kalloy (diam 28.6mm / 15°)', NULL, 'ru'),
(38, 2215, 0, 'steel RiseBar (diam 25.4mm)', NULL, 'ru'),
(39, 2215, 0, 'semi-integrated', NULL, 'ru'),
(27, 2216, 18, '', NULL, 'ru'),
(40, 2216, 40, '', NULL, 'ru'),
(43, 2216, 59, '', NULL, 'ru'),
(13, 2216, 0, 'Kellys Alutec Lite 6061 - RRC Geometry (Race Ready Concept)', NULL, 'ru'),
(41, 2216, 45, '', NULL, 'ru'),
(41, 2216, 48, '', NULL, 'ru'),
(15, 2216, 0, 'SR Suntour XCT MLO, 100mm, coil / Mechanical Lockout', NULL, 'ru'),
(46, 2216, 80, '', NULL, 'ru'),
(25, 2216, 0, 'KLS Draft Disc 559 x 19 (32 holes) со спицами stainless steel', NULL, 'ru'),
(26, 2216, 0, 'Kenda Kinetics 54-559 (26 x 2.10)', NULL, 'ru'),
(28, 2216, 0, 'Sram MTH-306 Disc (32 holes)', NULL, 'ru'),
(29, 2216, 0, 'Shimano SL-M310 Rapidfire Plus', NULL, 'ru'),
(30, 2216, 0, 'Shimano M190 (31.8mm)', NULL, 'ru'),
(31, 2216, 0, 'Shimano Alivio M430', NULL, 'ru'),
(32, 2216, 0, 'SR Suntour XCT (42x32x22)', NULL, 'ru'),
(33, 2216, 0, 'plastic ', NULL, 'ru'),
(42, 2216, 0, 'Shimano CS-HG31-8 (11-34)', NULL, 'ru'),
(45, 2216, 73, '', NULL, 'ru'),
(34, 2216, 0, 'Hayes Dyno Sport Hydraulic Disc 160mm front / 160mm rear', NULL, 'ru'),
(35, 2216, 0, 'KLS DriveLine', NULL, 'ru'),
(36, 2216, 0, 'Kalloy (diam 27.2mm)', NULL, 'ru'),
(37, 2216, 0, 'Kalloy (diam 28.6mm / 15°)', NULL, 'ru'),
(38, 2216, 0, 'steel RiseBar (diam 25.4mm)', NULL, 'ru'),
(39, 2216, 0, 'semi-integrated', NULL, 'ru'),
(27, 2226, 17, '', NULL, 'ru'),
(40, 2226, 39, '', NULL, 'ru'),
(43, 2226, 59, '', NULL, 'ru'),
(13, 2226, 0, 'Alpha Silver Aluminum, полуинтегрированная рулевая труба, двухосевая нижняя труба с интегрированными усилениями, крепления для багажника и крыльев, возможна установка дисковых тормозов, сменный крюк заднего переключателя', NULL, 'ru'),
(41, 2226, 48, '', NULL, 'ru'),
(15, 2226, 0, 'SR Suntour XCM V3 w/30mm stanchions, coil spring & preload, 100mm хода', NULL, 'ru'),
(46, 2226, 80, '', NULL, 'ru'),
(25, 2226, 0, 'Bontrager 550 36 отв.', NULL, 'ru'),
(26, 2226, 0, 'Bontrager LT3, 26x2.0"', NULL, 'ru'),
(28, 2226, 0, 'Formula DC20 (перед.), Formula DC22 (задн.);', NULL, 'ru'),
(29, 2226, 0, 'Shimano EF51, 8 speed', NULL, 'ru'),
(30, 2226, 0, 'Shimano Altus', NULL, 'ru'),
(31, 2226, 0, 'Shimano Acera M360', NULL, 'ru'),
(32, 2226, 0, 'Shimano TX M171, 42/34/24', NULL, 'ru'),
(33, 2226, 0, 'Wellgo nylon platform', NULL, 'ru'),
(42, 2226, 0, 'Shimano HG31 11-32, 8 speed', NULL, 'ru'),
(45, 2226, 73, '', NULL, 'ru'),
(34, 2226, 0, 'Tektro Novela mechanical disc brakes w/Shimano EF51 levers', NULL, 'ru'),
(35, 2226, 0, 'Bontrager SSR', NULL, 'ru'),
(36, 2226, 0, 'Bontrager SSR, 31.6mm, 20mm offset', NULL, 'ru'),
(37, 2226, 0, 'Bontrager Forged, 25.4mm', NULL, 'ru'),
(38, 2226, 0, 'Bontrager Riser, 25.4mm, 30mm rise', NULL, 'ru'),
(39, 2226, 0, '1-1/8" threadless', NULL, 'ru'),
(31, 2227, 0, 'Shimano TX35', NULL, 'ru'),
(30, 2227, 0, 'Shimano TX', NULL, 'ru'),
(25, 2227, 0, 'Bontrager 550 36 отв.', NULL, 'ru'),
(26, 2227, 0, 'Bontrager LT3, 26x2.0', NULL, 'ru'),
(28, 2227, 0, 'Formula DC20 (перед.), Formula DC25 (задн.)', NULL, 'ru'),
(29, 2227, 0, 'Shimano EF51, 7 speed', NULL, 'ru'),
(46, 2227, 80, '', NULL, 'ru'),
(41, 2227, 48, '', NULL, 'ru'),
(15, 2227, 0, 'SR Suntour XCT V4 w/coil spring & preload, 80mm хода', NULL, 'ru'),
(13, 2227, 0, 'Alpha Silver Aluminum, облегченная рулевая труба, двухосевая нижняя труба, возможна установка дисковых тормозов, сменный крюк заднего переключателя', NULL, 'ru'),
(43, 2227, 59, '', NULL, 'ru'),
(40, 2227, 39, '', NULL, 'ru'),
(27, 2227, 17, '', NULL, 'ru'),
(32, 2227, 0, 'Shimano TX M131, 48/38/28', NULL, 'ru'),
(33, 2227, 0, 'Wellgo nylon platform', NULL, 'ru'),
(42, 2227, 0, 'SRAM PG-730 12-32, 7 speed', NULL, 'ru'),
(45, 2227, 73, '', NULL, 'ru'),
(34, 2227, 0, 'Zoom DB-280 mechanical disc brakes w/Shimano EF51 levers', NULL, 'ru'),
(35, 2227, 0, 'Bontrager SSR', NULL, 'ru'),
(36, 2227, 0, 'Bontrager SSR, 31.6mm, 20mm offset', NULL, 'ru'),
(37, 2227, 0, 'Bontrager Forged, 25.4mm', NULL, 'ru'),
(38, 2227, 0, 'Bontrager Riser, 25.4mm, 30mm rise', NULL, 'ru'),
(39, 2227, 0, '1-1/8', NULL, 'ru'),
(27, 2228, 18, '', NULL, 'ru'),
(40, 2228, 40, '', NULL, 'ru'),
(43, 2228, 59, '', NULL, 'ru'),
(13, 2228, 0, 'Alpha Gold Aluminum, полуинтегрированная рулевая труба, батированные и гидроформованные трубы, внутренняя прокладка троса переднего переключателя, крепления для багажника и крыльев, сменный крюк зад. переключателя', NULL, 'ru'),
(41, 2228, 46, '', NULL, 'ru'),
(41, 2228, 48, '', NULL, 'ru'),
(41, 2228, 50, '', NULL, 'ru'),
(15, 2228, 0, 'SR Suntour XCM, ход 100mm, ноги 30 мм.', NULL, 'ru'),
(46, 2228, 80, '', NULL, 'ru'),
(25, 2228, 0, 'Bontrager AT-650 32-отв., двойной', NULL, 'ru'),
(26, 2228, 0, 'Bontrager XR2, 26x2.2"', NULL, 'ru'),
(28, 2228, 0, 'Formula DC20 LW (перед.); Formula DC22 LW (задн.)', NULL, 'ru'),
(29, 2228, 0, 'Shimano Alivio, 9 speed', NULL, 'ru'),
(30, 2228, 0, 'Shimano Acera', NULL, 'ru'),
(31, 2228, 0, 'Shimano Deore', NULL, 'ru'),
(32, 2228, 0, 'Shimano Alivio, 44/32/22', NULL, 'ru'),
(33, 2228, 0, 'Wellgo nylon platform', NULL, 'ru'),
(42, 2228, 0, 'Shimano HG20 11-34, 9 speed', NULL, 'ru'),
(45, 2228, 73, '', NULL, 'ru'),
(34, 2228, 0, 'Shimano M395 Hydraulic Disc', NULL, 'ru'),
(35, 2228, 0, 'Bontrager Evoke 1', NULL, 'ru'),
(36, 2228, 0, 'Bontrager SSR, 31.6mm, 20mm offset', NULL, 'ru'),
(37, 2228, 0, 'Bontrager SSR, 31.8mm, 10 degree', NULL, 'ru'),
(38, 2228, 0, 'Bontrager Low Riser, 31.8mm, 15mm rise, 9 degree sweep', NULL, 'ru'),
(39, 2228, 0, '1-1/8" threadless, semi-integrated, semi-cartridge bearings', NULL, 'ru'),
(27, 2229, 18, '', NULL, 'ru'),
(40, 2229, 40, '', NULL, 'ru'),
(43, 2229, 59, '', NULL, 'ru'),
(13, 2229, 0, 'Alpha Gold Aluminum, полуинтегрированная рулевая труба, батированные и гидроформованные трубы, внутренняя прокладка троса переднего переключателя, крепления для багажника и крыльев, сменный крюк зад. переключателя', NULL, 'ru'),
(41, 2229, 46, '', NULL, 'ru'),
(41, 2229, 48, '', NULL, 'ru'),
(41, 2229, 50, '', NULL, 'ru'),
(15, 2229, 0, 'SR Suntour XCR-RL, preload, remote lockout, 100mm хода', NULL, 'ru'),
(46, 2229, 80, '', NULL, 'ru'),
(25, 2229, 0, 'Bontrager AT-850 32-отв. ', NULL, 'ru'),
(26, 2229, 0, 'Bontrager XR2, 26x2.2"', NULL, 'ru'),
(28, 2229, 0, 'Shimano RM66', NULL, 'ru'),
(29, 2229, 0, 'Shimano Deore, 10 speed', NULL, 'ru'),
(30, 2229, 0, 'Shimano Deore', NULL, 'ru'),
(31, 2229, 0, 'Shimano Deore XT', NULL, 'ru'),
(32, 2229, 0, 'Shimano M522, 42/32/24', NULL, 'ru'),
(33, 2229, 0, 'Wellgo nylon platform', NULL, 'ru'),
(42, 2229, 0, 'Shimano HG62 11-36, 10 speed', NULL, 'ru'),
(45, 2229, 73, '', NULL, 'ru'),
(34, 2229, 0, 'Shimano M395 Hydraulic Disc', NULL, 'ru'),
(35, 2229, 0, 'Bontrager Evoke 1', NULL, 'ru'),
(36, 2229, 0, 'Bontrager SSR, 31.6mm, 20mm offset', NULL, 'ru'),
(37, 2229, 0, 'Bontrager Race Lite, 31.8mm, 7 degree', NULL, 'ru'),
(38, 2229, 0, 'Bontrager Low Riser, 31.8mm, 15mm rise, 9 degree sweep', NULL, 'ru'),
(39, 2229, 0, '1-1/8" threadless, semi-integrated, semi-cartridge bearings', NULL, 'ru'),
(27, 2230, 18, '', NULL, 'ru'),
(27, 2230, 76, '', NULL, 'ru'),
(40, 2230, 40, '', NULL, 'ru'),
(43, 2230, 59, '', NULL, 'ru'),
(13, 2230, 0, 'Alpha Gold Aluminum, батированные и гидроформованые трубы, G2 Geometry', NULL, 'ru'),
(41, 2230, 45, '', NULL, 'ru'),
(41, 2230, 47, '', NULL, 'ru'),
(41, 2230, 50, '', NULL, 'ru'),
(15, 2230, 0, 'RockShox XC32, coil spring, lockout, custom G2 Geometry, 51mm offset, 100mm хода', NULL, 'ru'),
(46, 2230, 83, '', NULL, 'ru'),
(25, 2230, 0, 'Bontrager AT-850 32-отв.двойной', NULL, 'ru'),
(26, 2230, 0, 'Bontrager 29-2, 29x2.2"', NULL, 'ru'),
(28, 2230, 0, 'Formula DC20 LW (перед.); Formula DC22 LW (задн.) ', NULL, 'ru'),
(29, 2230, 0, 'Shimano Alivio, 9 speed', NULL, 'ru'),
(30, 2230, 0, 'Shimano Acera', NULL, 'ru'),
(31, 2230, 0, 'Shimano Deore', NULL, 'ru'),
(32, 2230, 0, 'Shimano Alivio, 44/32/22', NULL, 'ru'),
(33, 2230, 0, 'Wellgo nylon platform', NULL, 'ru'),
(42, 2230, 0, 'Shimano HG20 11-34, 9 speed', NULL, 'ru'),
(45, 2230, 73, '', NULL, 'ru'),
(34, 2230, 0, 'Hayes Dyno Sport Hydraulic Disc', NULL, 'ru'),
(35, 2230, 0, 'Bontrager Evoke 1', NULL, 'ru'),
(36, 2230, 0, 'Bontrager SSR, 27.2mm, 12mm offset', NULL, 'ru'),
(37, 2230, 0, 'Bontrager Race Lite, 31.8mm, 7 degree', NULL, 'ru'),
(38, 2230, 0, 'Bontrager Low Riser, 31.8mm, 5mm rise, 9 degree sweep', NULL, 'ru'),
(39, 2230, 0, '1-1/8" threadless, semi-integrated, semi-cartridge bearings', NULL, 'ru'),
(27, 2231, 18, '', NULL, 'ru'),
(40, 2231, 39, '', NULL, 'ru'),
(43, 2231, 59, '', NULL, 'ru'),
(13, 2231, 0, ' Trail SAVE, Womens,двойное баттирование, 6061 alloy, ', NULL, 'ru'),
(41, 2231, 44, '', NULL, 'ru'),
(15, 2231, 0, 'RST Blaze TNL ход 100мм c более мягкой пружиной. Пружина-эластомер. ', NULL, 'ru'),
(46, 2231, 80, '', NULL, 'ru'),
(25, 2231, 0, 'AlexRims DC 4.5 Disc 28 spoke ', NULL, 'ru'),
(26, 2231, 0, 'Schwalbe Rapid Rob 2,1" ', NULL, 'ru'),
(28, 2231, 0, 'Formula DC20\\DC22 ', NULL, 'ru'),
(29, 2231, 0, ' Shimano Alivio ', NULL, 'ru'),
(30, 2231, 0, ' Shimano Altus ', NULL, 'ru'),
(31, 2231, 0, 'Shimano Aсеra ', NULL, 'ru'),
(32, 2231, 0, ' Shimano FC М 311 (22/32/42) ', NULL, 'ru'),
(33, 2231, 0, 'FPD Platform ', NULL, 'ru'),
(42, 2231, 0, '12-32 (8 speed) Sun Race M66 ', NULL, 'ru'),
(45, 2231, 73, '', NULL, 'ru'),
(34, 2231, 0, 'Promax , механические, дисковые 160\\160 mm ', NULL, 'ru'),
(35, 2231, 0, 'Cannondale womens XC w/Airflow ', NULL, 'ru'),
(36, 2231, 0, 'Cannondale C4 31.6 S, M -350 mm L, X- 400 mm ', NULL, 'ru'),
(37, 2231, 0, 'Cannondale C4 1 1\\8"? 31,8 12 градусов ', NULL, 'ru'),
(38, 2231, 0, 'cannondale C4 riser, 660X30 mm, 6061 mm ', NULL, 'ru'),
(27, 2232, 18, '', NULL, 'ru'),
(40, 2232, 39, '', NULL, 'ru'),
(43, 2232, 59, '', NULL, 'ru'),
(13, 2232, 0, 'Trail, double butted 6061 alloy, SAVE, 1-1/8”', NULL, 'ru'),
(41, 2232, 48, '', NULL, 'ru'),
(15, 2232, 0, ' RST Blaze Pro TNL, 100mm, coil/elastomer, lockout, 1-1/8" ', NULL, 'ru'),
(46, 2232, 80, '', NULL, 'ru'),
(25, 2232, 0, 'Alex DC4.5, double wall, 32 hole', NULL, 'ru'),
(26, 2232, 0, 'Kenda Small Block 8, 2.1" ', NULL, 'ru'),
(28, 2232, 0, 'Cannondale C4 ', NULL, 'ru'),
(29, 2232, 0, 'Shimano Acera ', NULL, 'ru'),
(30, 2232, 0, 'Shimano Altus, 34.9 clamp ', NULL, 'ru'),
(31, 2232, 0, ' Shimano Acera ', NULL, 'ru'),
(32, 2232, 0, 'Shimano, FC-M311, 42/32/22 ', NULL, 'ru'),
(33, 2232, 0, ' FPD Platform ', NULL, 'ru'),
(42, 2232, 0, 'SunRace M66, 12-32, 8-speed', NULL, 'ru'),
(45, 2232, 73, '', NULL, 'ru'),
(34, 2232, 0, ' Promax ', NULL, 'ru'),
(35, 2232, 0, 'Cannondale Stage 2 ', NULL, 'ru'),
(36, 2232, 0, 'Cannondale C4, 31.6 x 400 mm ', NULL, 'ru'),
(37, 2232, 0, 'Cannondale C4, 1-1/8", 31.8, 12 deg ', NULL, 'ru'),
(38, 2232, 0, 'Cannondale C4 riser, 660x30 mm, 6061 alloy ', NULL, 'ru'),
(27, 2233, 18, '', NULL, 'ru'),
(40, 2233, 39, '', NULL, 'ru'),
(43, 2233, 59, '', NULL, 'ru'),
(13, 2233, 0, 'Trail SAVE, двойное баттирование, 6061 alloy, ', NULL, 'ru'),
(41, 2233, 47, '', NULL, 'ru'),
(41, 2233, 50, '', NULL, 'ru'),
(15, 2233, 0, 'RST Blaze ход 100мм Пружина-эластомер. ', NULL, 'ru'),
(46, 2233, 80, '', NULL, 'ru'),
(25, 2233, 0, 'AlexRims DC 4.5 Disc 32 spoke ', NULL, 'ru'),
(26, 2233, 0, 'Kenda Small block Eight (Dual Tread comp) 26*2.1 ', NULL, 'ru'),
(28, 2233, 0, 'Cannondale C4', NULL, 'ru'),
(29, 2233, 0, ' Shimano Altus ', NULL, 'ru'),
(30, 2233, 0, 'Shimano M190 34.9 Down Swing ', NULL, 'ru'),
(31, 2233, 0, 'Shimano Aсеra ', NULL, 'ru'),
(32, 2233, 0, 'Shimano FC M131 (24/34/42) ', NULL, 'ru'),
(33, 2233, 0, 'FPD Platform ', NULL, 'ru'),
(42, 2233, 0, ' 11-32 (8 speed) Sun Race M56 ', NULL, 'ru'),
(45, 2233, 73, '', NULL, 'ru'),
(34, 2233, 0, 'Cannondale Helix 6, гидравлические, дисковые 160\\160 mm ', NULL, 'ru'),
(35, 2233, 0, 'Cannondale Stage 2 ', NULL, 'ru'),
(36, 2233, 0, 'Cannondale C4 31.6 S, M -350 mm L, X- 400 mm ', NULL, 'ru'),
(37, 2233, 0, 'Cannondale C4 1 1\\8"? 31,8 12 градусов ', NULL, 'ru'),
(38, 2233, 0, 'cannondale C4 riser, 660X30 mm, 6061 mm ', NULL, 'ru'),
(27, 2234, 18, '', NULL, 'ru'),
(40, 2234, 39, '', NULL, 'ru'),
(43, 2234, 59, '', NULL, 'ru'),
(13, 2234, 0, 'Trail SL, Optimized 6061 alloy, SAVE, 1,5'''' headtube ', NULL, 'ru'),
(41, 2234, 44, '', NULL, 'ru'),
(41, 2234, 46, '', NULL, 'ru'),
(41, 2234, 49, '', NULL, 'ru'),
(15, 2234, 0, 'RST Deuce TNL, 100mm, coil/elastomer, lockout, 1,5'''' ', NULL, 'ru'),
(46, 2234, 80, '', NULL, 'ru'),
(25, 2234, 0, 'Maddux DC 3.0, Double Wall w/eylet, 28 hole front, 32 hole rear ', NULL, 'ru'),
(26, 2234, 0, 'Shwalbe Rapid Rob, 2,1'''' ', NULL, 'ru'),
(28, 2234, 0, 'Cannondale C4 ', NULL, 'ru'),
(29, 2234, 0, 'Shimano Altus ', NULL, 'ru'),
(30, 2234, 0, 'Shimano Altus, 34.9 clamp ', NULL, 'ru'),
(31, 2234, 0, ' Shimano Alivio ', NULL, 'ru'),
(32, 2234, 0, 'Shimano FC-361, 42/32/22 ', NULL, 'ru'),
(33, 2234, 0, ' FPD Platform ', NULL, 'ru'),
(42, 2234, 0, 'SunRace M66, 12-32, 8-speed ', NULL, 'ru'),
(45, 2234, 73, '', NULL, 'ru'),
(34, 2234, 0, ' Cannondale Helix 6 Hydraulic Disc Brake, 160/160 mm ', NULL, 'ru'),
(35, 2234, 0, 'Cannondale Stage 2 ', NULL, 'ru'),
(36, 2234, 0, ' Cannondale C3, 31.6 x 400 mm ', NULL, 'ru'),
(37, 2234, 0, 'Cannondale C4, 1,5", 31.8, 7 deg ', NULL, 'ru'),
(38, 2234, 0, 'Cannondale C3 rizer, 680x20 mm, 6061 alloy ', NULL, 'ru'),
(27, 2235, 18, '', NULL, 'ru'),
(40, 2235, 39, '', NULL, 'ru'),
(43, 2235, 59, '', NULL, 'ru'),
(13, 2235, 0, 'Trail SL, Optimized 6061 alloy, SAVE, 1,5'''' headtube ', NULL, 'ru'),
(41, 2235, 44, '', NULL, 'ru'),
(41, 2235, 47, '', NULL, 'ru'),
(41, 2235, 50, '', NULL, 'ru'),
(15, 2235, 0, 'RST Deuce Coil, 100mm, coil/elastomer, lockout, rebound 1,5'''' ', NULL, 'ru'),
(46, 2235, 80, '', NULL, 'ru'),
(25, 2235, 0, 'Maddux DC 3.0, Double Wall w/eylet, 28 hole front, 32 hole rear ', NULL, 'ru'),
(26, 2235, 0, 'Shwalbe Rapid Rob, 2,1'''' ', NULL, 'ru'),
(28, 2235, 0, 'Cannondale C4 ', NULL, 'ru'),
(29, 2235, 0, ' Shimano Alivio ', NULL, 'ru'),
(30, 2235, 0, 'Shimano Alivio, 34,9 clamp ', NULL, 'ru'),
(31, 2235, 0, ' Shimano Deore, shadow ', NULL, 'ru'),
(32, 2235, 0, 'Shimano FC-430-8 Oktalink, 44/32/22 ', NULL, 'ru'),
(33, 2235, 0, 'FPD Platform ', NULL, 'ru'),
(42, 2235, 0, 'SunRace M96, 12-34, 9-speed ', NULL, 'ru'),
(45, 2235, 73, '', NULL, 'ru'),
(34, 2235, 0, 'Tectro Draco Pro hudraulic, 160/160mm ', NULL, 'ru'),
(35, 2235, 0, 'Cannondale Stage 2 ', NULL, 'ru'),
(36, 2235, 0, 'Cannondale C3, 31.6 x 400 mm ', NULL, 'ru'),
(37, 2235, 0, 'Cannondale C4, 1,5", 31.8, 7 deg ', NULL, 'ru'),
(38, 2235, 0, 'Cannondale C3 rizer, 680x20 mm, 6061 alloy ', NULL, 'ru'),
(27, 2236, 18, '', NULL, 'ru'),
(40, 2236, 39, '', NULL, 'ru'),
(43, 2236, 59, '', NULL, 'ru'),
(13, 2236, 0, 'Trail SL SAVE threaded BB and 1.5'''' head Tube, Disc Only ', NULL, 'ru'),
(41, 2236, 46, '', NULL, 'ru'),
(41, 2236, 50, '', NULL, 'ru'),
(15, 2236, 0, 'RockShox Recon Silver TK Solo AIR 100 mm custom 1.5'''' Alloy steerer ', NULL, 'ru'),
(46, 2236, 80, '', NULL, 'ru'),
(25, 2236, 0, 'Maddux DC3.0, double wall w/eyelet, 28 hole front, 32 hole rea ', NULL, 'ru'),
(26, 2236, 0, 'Schwalbe Black Jack 2.1”, wb" ', NULL, 'ru'),
(28, 2236, 0, 'Shimano M525 ', NULL, 'ru'),
(29, 2236, 0, 'Shimano SLX display ', NULL, 'ru'),
(30, 2236, 0, ' Shimano Deore ', NULL, 'ru'),
(31, 2236, 0, 'Shimano XT ', NULL, 'ru'),
(32, 2236, 0, 'Shimano Deore 44/32/22t ', NULL, 'ru'),
(42, 2236, 0, ' Shimano HG50 11-32t 9sp ', NULL, 'ru'),
(45, 2236, 73, '', NULL, 'ru'),
(34, 2236, 0, ' Hayes Stroker Ryde Comp ', NULL, 'ru'),
(35, 2236, 0, 'Cannondale Halo steel rails ', NULL, 'ru'),
(36, 2236, 0, 'Cannondale C4 31.6 mm zero offset ', NULL, 'ru'),
(37, 2236, 0, 'Cannondale C4 1.5” ', NULL, 'ru'),
(38, 2236, 0, 'Cannondale C3 riser ', NULL, 'ru'),
(27, 2237, 18, '', NULL, 'ru'),
(40, 2237, 39, '', NULL, 'ru'),
(43, 2237, 59, '', NULL, 'ru'),
(13, 2237, 0, ' Trail SAVE, Womens,двойное баттирование, 6061 alloy, ', NULL, 'ru'),
(41, 2237, 42, '', NULL, 'ru'),
(41, 2237, 54, '', NULL, 'ru'),
(41, 2237, 55, '', NULL, 'ru'),
(15, 2237, 0, 'RST Gila T ход 100мм c более мягкой пружиной ', NULL, 'ru'),
(46, 2237, 80, '', NULL, 'ru'),
(25, 2237, 0, 'AlexRims DC 4.5 Disc 28 spoke ', NULL, 'ru'),
(26, 2237, 0, 'Kenda Small block Eight (Dual Tread comp) 26*2.1 ', NULL, 'ru'),
(28, 2237, 0, 'Formula DC20\\DC22 ', NULL, 'ru'),
(29, 2237, 0, 'Shimano Acera ', NULL, 'ru'),
(30, 2237, 0, 'Shimano M190 34.9 Down Swing ', NULL, 'ru'),
(31, 2237, 0, 'Shimano Aсеra ', NULL, 'ru'),
(32, 2237, 0, 'Shimano FC M131 (24/34/42) ', NULL, 'ru'),
(33, 2237, 0, 'FPD Platform ', NULL, 'ru'),
(42, 2237, 0, '11-32 (8 speed) Sun Race M56', NULL, 'ru'),
(45, 2237, 73, '', NULL, 'ru'),
(34, 2237, 0, ' Tektro Novela, механические, дисковые 160\\160 mm ', NULL, 'ru'),
(35, 2237, 0, 'Cannondale womens XC w/Airflow ', NULL, 'ru'),
(36, 2237, 0, 'Cannondale C4 31.6 S, M -350 mm L, X- 400 mm ', NULL, 'ru'),
(37, 2237, 0, 'Cannondale C4 1 1\\8"? 31,8 12 градусов ', NULL, 'ru'),
(38, 2237, 0, 'cannondale C4 riser, 660X30 mm, 6061 mm ', NULL, 'ru'),
(27, 2238, 18, '', NULL, 'ru'),
(40, 2238, 38, '', NULL, 'ru'),
(43, 2238, 59, '', NULL, 'ru'),
(13, 2238, 0, 'Trail, баттированная, сплав 6061, размер XL', NULL, 'ru'),
(41, 2238, 50, '', NULL, 'ru'),
(15, 2238, 0, 'RST Gila Pro TNL, пружинная, ход 100 мм, с гидравлической блокировкой', NULL, 'ru'),
(46, 2238, 80, '', NULL, 'ru'),
(25, 2238, 0, 'Alex DC 4.5, двойные, под диск', NULL, 'ru'),
(26, 2238, 0, 'Kenda Small Block 8, 26х2.1', NULL, 'ru'),
(28, 2238, 0, 'Formula CDH20/CDH22, 32 отверстия, под 6 болтов', NULL, 'ru'),
(29, 2238, 0, 'Shimano Aliviо, 24 скорости', NULL, 'ru'),
(30, 2238, 0, 'Shimano FD-M311', NULL, 'ru'),
(31, 2238, 0, 'Shimano Aliviо', NULL, 'ru'),
(32, 2238, 0, 'Shimano FC-M311, звезды 22/32/42T', NULL, 'ru'),
(33, 2238, 0, 'FPD Platform', NULL, 'ru'),
(42, 2238, 0, 'Sunrace, 8-ми скоростная, звезды 12-32Т', NULL, 'ru'),
(45, 2238, 73, '', NULL, 'ru'),
(34, 2238, 0, 'Promax Orange, дисковые, механические, ротора 160 мм', NULL, 'ru'),
(35, 2238, 0, 'Cannondale Stage 2', NULL, 'ru'),
(36, 2238, 0, 'Cannondale C4, 31.6 мм', NULL, 'ru'),
(37, 2238, 0, 'Cannondale C4, 31.8 мм', NULL, 'ru'),
(38, 2238, 0, 'Cannondale C4, гнутый, сплав 6061, двойной баттинг, длина 660 мм', NULL, 'ru'),
(36, 2239, 0, 'Cannondale C3, 31.6 mm ', NULL, 'ru'),
(45, 2239, 73, '', NULL, 'ru'),
(34, 2239, 0, 'Promax Orange Mechanical Disc, 160/160 mm ', NULL, 'ru'),
(35, 2239, 0, 'Cannondale Stage 2 w/steel rails ', NULL, 'ru'),
(33, 2239, 0, 'VP Platform with steel cage ', NULL, 'ru'),
(42, 2239, 0, 'Sun Race M66 12-32T 8-Speed ', NULL, 'ru'),
(32, 2239, 0, 'Shimano FC-M361 42/32/22 ', NULL, 'ru'),
(30, 2239, 0, 'Shimano FD-M311 ', NULL, 'ru'),
(31, 2239, 0, 'Shimano Alivio ', NULL, 'ru'),
(29, 2239, 0, 'Shimano Alivio Trigger ', NULL, 'ru'),
(28, 2239, 0, 'Formula DC20 Alloy 28H 6 Bolt Front, Formula DC22 Alloy 32H 6 Bolt Rear ', NULL, 'ru'),
(26, 2239, 0, 'Kenda Small Block 8, 26 x 2.1 ', NULL, 'ru'),
(25, 2239, 0, ' Alex DC4.5, double wall, disc specific, 28H front, and 32H Rear ', NULL, 'ru'),
(46, 2239, 80, '', NULL, 'ru'),
(15, 2239, 0, 'RST Deuce TNL ход100mm, шток 1.5', NULL, 'ru'),
(41, 2239, 47, '', NULL, 'ru'),
(13, 2239, 0, 'Trail SL SAVE и 1.5', NULL, 'ru'),
(43, 2239, 59, '', NULL, 'ru'),
(27, 2239, 18, '', NULL, 'ru'),
(40, 2239, 38, '', NULL, 'ru'),
(37, 2239, 0, ' Cannondale C3 1.5', NULL, 'ru'),
(38, 2239, 0, 'Cannondale C3 riser 20 mm, 6061 double butted, 680 mm ', NULL, 'ru'),
(27, 2240, 28, '', NULL, 'ru'),
(40, 2240, 39, '', NULL, 'ru'),
(43, 2240, 68, '', NULL, 'ru'),
(13, 2240, 0, 'Алюминий 6001 ', NULL, 'ru'),
(15, 2240, 0, 'Hi TEN ', NULL, 'ru'),
(46, 2240, 77, '', NULL, 'ru'),
(25, 2240, 0, 'Алюминий, двойной 16'''' ', NULL, 'ru'),
(28, 2240, 0, 'пер JOYTECH/NOVATECH, задн JOYTECH/NOVATECH Тормозная ', NULL, 'ru'),
(33, 2240, 0, 'FP Тайвань ', NULL, 'ru'),
(36, 2240, 0, ' ZOOM ', NULL, 'ru'),
(37, 2240, 0, 'ZOOM ', NULL, 'ru'),
(38, 2240, 0, ' ZOOM', NULL, 'ru'),
(27, 2241, 27, '', NULL, 'ru'),
(40, 2241, 39, '', NULL, 'ru'),
(43, 2241, 68, '', NULL, 'ru'),
(13, 2241, 0, ' Алюминий 6061 ', NULL, 'ru'),
(15, 2241, 0, 'Hi-Ten ', NULL, 'ru'),
(46, 2241, 77, '', NULL, 'ru'),
(25, 2241, 0, 'Алюминий. 16" ', NULL, 'ru'),
(26, 2241, 0, ' Innova ', NULL, 'ru'),
(28, 2241, 0, 'Quando ', NULL, 'ru'),
(32, 2241, 0, 'Prowheel ', NULL, 'ru'),
(33, 2241, 0, ' FP ', NULL, 'ru'),
(45, 2241, 74, '', NULL, 'ru'),
(34, 2241, 0, 'C-star Alloy ', NULL, 'ru'),
(35, 2241, 0, 'Cionlli ', NULL, 'ru'),
(36, 2241, 0, 'Zoom ', NULL, 'ru'),
(37, 2241, 0, ' Zoom ', NULL, 'ru'),
(38, 2241, 0, 'Zoom ', NULL, 'ru'),
(27, 2242, 27, '', NULL, 'ru'),
(40, 2242, 39, '', NULL, 'ru'),
(43, 2242, 68, '', NULL, 'ru'),
(13, 2242, 0, ' Hi-Ten ', NULL, 'ru'),
(15, 2242, 0, 'Hi-Ten ', NULL, 'ru'),
(46, 2242, 77, '', NULL, 'ru'),
(25, 2242, 0, 'Алюминий. 16" ', NULL, 'ru'),
(26, 2242, 0, 'Innova ', NULL, 'ru'),
(28, 2242, 0, 'Quando ', NULL, 'ru'),
(32, 2242, 0, 'Prowheel ', NULL, 'ru'),
(33, 2242, 0, 'FP ', NULL, 'ru'),
(45, 2242, 74, '', NULL, 'ru'),
(34, 2242, 0, 'C-star Alloy ', NULL, 'ru'),
(35, 2242, 0, 'Cionlli ', NULL, 'ru'),
(36, 2242, 0, 'Zoom ', NULL, 'ru'),
(37, 2242, 0, ' Zoom', NULL, 'ru'),
(38, 2242, 0, 'Zoom ', NULL, 'ru'),
(27, 2243, 28, '', NULL, 'ru'),
(40, 2243, 39, '', NULL, 'ru'),
(43, 2243, 68, '', NULL, 'ru'),
(13, 2243, 0, ' Hi-Ten ', NULL, 'ru'),
(15, 2243, 0, ' Hi-Ten', NULL, 'ru'),
(46, 2243, 77, '', NULL, 'ru'),
(25, 2243, 0, 'Алюминий. 16"', NULL, 'ru'),
(26, 2243, 0, 'Innova ', NULL, 'ru'),
(28, 2243, 0, 'Quando ', NULL, 'ru'),
(32, 2243, 0, 'Prowheel ', NULL, 'ru'),
(33, 2243, 0, 'FP ', NULL, 'ru'),
(45, 2243, 74, '', NULL, 'ru'),
(34, 2243, 0, 'C-star Alloy ', NULL, 'ru'),
(35, 2243, 0, ' Cionlli ', NULL, 'ru'),
(36, 2243, 0, 'Zoom ', NULL, 'ru'),
(37, 2243, 0, 'Zoom ', NULL, 'ru'),
(38, 2243, 0, 'Zoom ', NULL, 'ru'),
(27, 2244, 27, '', NULL, 'ru'),
(40, 2244, 39, '', NULL, 'ru'),
(43, 2244, 68, '', NULL, 'ru'),
(43, 2244, 69, '', NULL, 'ru'),
(13, 2244, 0, 'Hi TEN', NULL, 'ru'),
(41, 2244, 49, '', NULL, 'ru'),
(15, 2244, 0, 'Hi-Ten ', NULL, 'ru'),
(25, 2244, 0, 'Алюминий, двойной 20''''', NULL, 'ru'),
(26, 2244, 0, 'Innova', NULL, 'ru'),
(28, 2244, 0, 'Quando', NULL, 'ru'),
(29, 2244, 0, 'Shimano 6 speed Revoshift', NULL, 'ru'),
(31, 2244, 0, 'Shimano 6 speed', NULL, 'ru'),
(32, 2244, 0, 'Prowheel, Тайвань', NULL, 'ru'),
(33, 2244, 0, 'FP Тайвань', NULL, 'ru'),
(42, 2244, 0, 'Shimano 6 speed', NULL, 'ru'),
(45, 2244, 74, '', NULL, 'ru'),
(34, 2244, 0, 'C-star Alloy', NULL, 'ru'),
(35, 2244, 0, 'Cionlli', NULL, 'ru'),
(36, 2244, 0, 'Zoom', NULL, 'ru'),
(37, 2244, 0, 'Zoom', NULL, 'ru'),
(38, 2244, 0, 'Zoom', NULL, 'ru'),
(39, 2244, 0, 'VP', NULL, 'ru'),
(27, 2245, 17, '', NULL, 'ru'),
(40, 2245, 39, '', NULL, 'ru'),
(43, 2245, 59, '', NULL, 'ru'),
(13, 2245, 0, 'Pride 6061 алюминий', NULL, 'ru'),
(41, 2245, 54, '', NULL, 'ru'),
(41, 2245, 55, '', NULL, 'ru'),
(15, 2245, 0, 'RST CapaT26', NULL, 'ru'),
(46, 2245, 80, '', NULL, 'ru'),
(25, 2245, 0, 'Alex Rims DM18', NULL, 'ru'),
(26, 2245, 0, 'Innova IA-2016 26*2,00''''', NULL, 'ru'),
(28, 2245, 0, 'Quando', NULL, 'ru'),
(29, 2245, 0, 'Shimano ST-EF40-7', NULL, 'ru'),
(30, 2245, 0, 'Shimano TX51', NULL, 'ru'),
(31, 2245, 0, 'Shimano TX35', NULL, 'ru'),
(32, 2245, 0, 'Shimano FCM-171', NULL, 'ru'),
(33, 2245, 0, 'VP-990S', NULL, 'ru'),
(42, 2245, 0, 'Shimano MF-TZ21', NULL, 'ru'),
(45, 2245, 74, '', NULL, 'ru'),
(34, 2245, 0, 'C-star Alloy', NULL, 'ru'),
(35, 2245, 0, 'Cionlli', NULL, 'ru'),
(36, 2245, 0, 'Zoom, Тайвань', NULL, 'ru'),
(37, 2245, 0, 'Kalloy 31,8 oversized', NULL, 'ru'),
(38, 2245, 0, 'Kalloy 31,8 oversized', NULL, 'ru'),
(39, 2245, 0, 'Neco 1-1/8''''', NULL, 'ru'),
(42, 2246, 0, 'Shimano MF-TZ21', NULL, 'ru'),
(33, 2246, 0, 'VP-990S', NULL, 'ru'),
(32, 2246, 0, 'Shimano FCM-171', NULL, 'ru'),
(31, 2246, 0, 'Shimano TX35', NULL, 'ru'),
(30, 2246, 0, 'Shimano TX51', NULL, 'ru'),
(29, 2246, 0, 'Shimano ST-EF40-7', NULL, 'ru'),
(28, 2246, 0, 'Quando', NULL, 'ru'),
(26, 2246, 0, 'Innova IA-2016 26*2,00''''', NULL, 'ru'),
(25, 2246, 0, 'Alex Rims DM18', NULL, 'ru'),
(46, 2246, 80, '', NULL, 'ru'),
(15, 2246, 0, 'RST CapaT26', NULL, 'ru'),
(41, 2246, 47, '', NULL, 'ru'),
(41, 2246, 44, '', NULL, 'ru'),
(41, 2246, 42, '', NULL, 'ru'),
(13, 2246, 0, 'Pride 6061 Alloy', NULL, 'ru'),
(43, 2246, 59, '', NULL, 'ru'),
(40, 2246, 39, '', NULL, 'ru'),
(27, 2246, 17, '', NULL, 'ru'),
(45, 2246, 73, '', NULL, 'ru'),
(34, 2246, 0, 'Tektro Novella', NULL, 'ru'),
(35, 2246, 0, 'Cionlli', NULL, 'ru'),
(36, 2246, 0, 'Zoom, Тайвань', NULL, 'ru'),
(37, 2246, 0, 'Kalloy 31,8 oversized', NULL, 'ru'),
(38, 2246, 0, 'Kalloy 31,8 oversized', NULL, 'ru');
INSERT INTO `catalog_product_features_values` (`feature_id`, `product_id`, `variant_id`, `value`, `value_int`, `language_code`) VALUES
(39, 2246, 0, 'Neco 1-1/8''''', NULL, 'ru'),
(27, 2247, 17, '', NULL, 'ru'),
(40, 2247, 39, '', NULL, 'ru'),
(43, 2247, 59, '', NULL, 'ru'),
(13, 2247, 0, 'Pride 6061 Alloy', NULL, 'ru'),
(41, 2247, 44, '', NULL, 'ru'),
(41, 2247, 47, '', NULL, 'ru'),
(41, 2247, 50, '', NULL, 'ru'),
(15, 2247, 0, 'RST CapaT26', NULL, 'ru'),
(46, 2247, 80, '', NULL, 'ru'),
(25, 2247, 0, 'Alex Rims DM18', NULL, 'ru'),
(26, 2247, 0, 'Innova IA-2016 26*2,00''''', NULL, 'ru'),
(28, 2247, 0, 'Quando', NULL, 'ru'),
(29, 2247, 0, 'Shimano ST-EF40-7', NULL, 'ru'),
(30, 2247, 0, 'Shimano TX51', NULL, 'ru'),
(31, 2247, 0, 'Shimano TX35', NULL, 'ru'),
(32, 2247, 0, 'Shimano FCM-171', NULL, 'ru'),
(33, 2247, 0, 'VP-990S', NULL, 'ru'),
(42, 2247, 0, 'Shimano MF-TZ21', NULL, 'ru'),
(45, 2247, 74, '', NULL, 'ru'),
(34, 2247, 0, 'C-star Alloy', NULL, 'ru'),
(35, 2247, 0, 'Cionlli', NULL, 'ru'),
(36, 2247, 0, 'Zoom, Тайвань', NULL, 'ru'),
(37, 2247, 0, 'Kalloy 31,8 oversized', NULL, 'ru'),
(38, 2247, 0, 'Kalloy 31,8 oversized', NULL, 'ru'),
(39, 2247, 0, 'Neco 1-1/8''''', NULL, 'ru'),
(45, 2248, 74, '', NULL, 'ru'),
(34, 2248, 0, 'Promax TX-117', NULL, 'ru'),
(32, 2248, 0, 'Jinyan GS-S310, 24x34x42T', NULL, 'ru'),
(33, 2248, 0, 'Natty CS-95', NULL, 'ru'),
(42, 2248, 0, 'Shimano TZ-21, 14-28T', NULL, 'ru'),
(31, 2248, 0, 'Shimano Tourney, 7 ск.', NULL, 'ru'),
(30, 2248, 0, 'Shimano SIS', NULL, 'ru'),
(29, 2248, 0, 'Shimano ST-EF40, 3х7ск.', NULL, 'ru'),
(28, 2248, 0, 'Передняя втулка - Quando KT-A16F, Задняя втулка - Quando KT-A11R', NULL, 'ru'),
(28, 2249, 0, 'Quando KT-122F (перед), 	Quando KT-305R(зад)', NULL, 'ru'),
(26, 2249, 0, 'Innova IA-2022 20"x2.0"', NULL, 'ru'),
(25, 2249, 0, 'HJC P-20', NULL, 'ru'),
(46, 2249, 84, '', NULL, 'ru'),
(15, 2249, 0, 'Стальная Hi-Ten, 20"', NULL, 'ru'),
(13, 2249, 0, 'Стальная Pride Hi-Ten, 20"', NULL, 'ru'),
(43, 2249, 68, '', NULL, 'ru'),
(40, 2249, 40, '', NULL, 'ru'),
(27, 2249, 27, '', NULL, 'ru'),
(29, 2250, 0, 'Shimano ST-EF40, 3х7ск.', NULL, 'ru'),
(28, 2250, 0, 'Передняя втулка - Quando KT-A16F, Задняя втулка - Quando KT-A11R', NULL, 'ru'),
(26, 2250, 0, 'Innova IA2022, 24"x2.0"', NULL, 'ru'),
(25, 2250, 0, 'HJC DA-250', NULL, 'ru'),
(46, 2250, 79, '', NULL, 'ru'),
(15, 2250, 0, 'Zoom Bravo-386E', NULL, 'ru'),
(13, 2250, 0, 'Стальная Pride Hi-Ten, 24"', NULL, 'ru'),
(43, 2250, 69, '', NULL, 'ru'),
(40, 2250, 40, '', NULL, 'ru'),
(27, 2250, 28, '', NULL, 'ru'),
(31, 2251, 0, 'Shimano Tourney, 7ск.', NULL, 'ru'),
(30, 2251, 0, 'Shimano SIS', NULL, 'ru'),
(29, 2251, 0, 'Shimano ST-EF51, 3х7ск', NULL, 'ru'),
(28, 2251, 0, 'Quando KT-A15FQR (перед). Quando KT-A12RQR(зад)', NULL, 'ru'),
(26, 2251, 0, 'Innova IA2022, 24"x2.0"', NULL, 'ru'),
(25, 2251, 0, 'HJC DA-250', NULL, 'ru'),
(46, 2251, 80, '', NULL, 'ru'),
(15, 2251, 0, 'Zoom Bravo 306E', NULL, 'ru'),
(13, 2251, 0, 'Pride Alloy 6061 24"', NULL, 'ru'),
(43, 2251, 69, '', NULL, 'ru'),
(43, 2251, 59, '', NULL, 'ru'),
(40, 2251, 40, '', NULL, 'ru'),
(27, 2251, 27, '', NULL, 'ru'),
(27, 2251, 17, '', NULL, 'ru'),
(28, 2252, 0, 'Quando KT-122F (перед), 	Quando KT-305R(зад)', NULL, 'ru'),
(26, 2252, 0, 'Innova IA-2022 20"x2.0"', NULL, 'ru'),
(25, 2252, 0, 'HJC P-20', NULL, 'ru'),
(46, 2252, 84, '', NULL, 'ru'),
(15, 2252, 0, 'Стальная Hi-Ten, 20"', NULL, 'ru'),
(13, 2252, 0, 'Стальная Pride Hi-Ten, 20"', NULL, 'ru'),
(43, 2252, 68, '', NULL, 'ru'),
(40, 2252, 40, '', NULL, 'ru'),
(27, 2252, 28, '', NULL, 'ru'),
(27, 2253, 17, '', NULL, 'ru'),
(40, 2253, 39, '', NULL, 'ru'),
(43, 2253, 59, '', NULL, 'ru'),
(13, 2253, 0, 'Pride 6061 Alloy, Double butted, smooth welding', NULL, 'ru'),
(41, 2253, 44, '', NULL, 'ru'),
(41, 2253, 47, '', NULL, 'ru'),
(41, 2253, 50, '', NULL, 'ru'),
(15, 2253, 0, 'RST Gila T 100 mm', NULL, 'ru'),
(46, 2253, 80, '', NULL, 'ru'),
(25, 2253, 0, 'Alex Rims DM18', NULL, 'ru'),
(26, 2253, 0, 'Kenda K-1027 KOMODO', NULL, 'ru'),
(28, 2253, 0, 'Formula', NULL, 'ru'),
(29, 2253, 0, 'Shimano ST-EF60-8', NULL, 'ru'),
(30, 2253, 0, 'Shimano FDM-190', NULL, 'ru'),
(31, 2253, 0, 'Shimano Acera', NULL, 'ru'),
(32, 2253, 0, 'SUNTOUR XCT V1', NULL, 'ru'),
(33, 2253, 0, 'VP-990S', NULL, 'ru'),
(42, 2253, 0, 'Shimano HG40', NULL, 'ru'),
(45, 2253, 73, '', NULL, 'ru'),
(34, 2253, 0, 'Механика Tektro IO', NULL, 'ru'),
(35, 2253, 0, 'Cionlli', NULL, 'ru'),
(36, 2253, 0, 'Kalloy, Тайвань', NULL, 'ru'),
(37, 2253, 0, 'Kalloy 31,8 oversized', NULL, 'ru'),
(38, 2253, 0, 'Kalloy 31,8 oversized', NULL, 'ru'),
(39, 2253, 0, 'Neco 1-1/8''''', NULL, 'ru'),
(27, 2254, 18, '', NULL, 'ru'),
(40, 2254, 39, '', NULL, 'ru'),
(43, 2254, 59, '', NULL, 'ru'),
(13, 2254, 0, 'Pride 6061, SUPER LIGHT 1,6 kg', NULL, 'ru'),
(41, 2254, 50, '', NULL, 'ru'),
(15, 2254, 0, 'RST Blaze TNL 100 mm с гидравлическим локаутом', NULL, 'ru'),
(46, 2254, 80, '', NULL, 'ru'),
(25, 2254, 0, 'Alex Rims DP17', NULL, 'ru'),
(26, 2254, 0, 'Kenda K-1027 KOMODO', NULL, 'ru'),
(28, 2254, 0, 'Formula', NULL, 'ru'),
(29, 2254, 0, 'SRAM X-4', NULL, 'ru'),
(30, 2254, 0, 'Shimano FD-M311', NULL, 'ru'),
(31, 2254, 0, 'SRAM X-4', NULL, 'ru'),
(32, 2254, 0, 'SUNTOUR XCT V1', NULL, 'ru'),
(33, 2254, 0, 'VP-990S', NULL, 'ru'),
(42, 2254, 0, 'Shimano HG40', NULL, 'ru'),
(45, 2254, 73, '', NULL, 'ru'),
(34, 2254, 0, 'Гидравлика Avid Elixir 1', NULL, 'ru'),
(35, 2254, 0, 'Cionlli', NULL, 'ru'),
(36, 2254, 0, 'Kalloy, Тайвань', NULL, 'ru'),
(37, 2254, 0, 'Kalloy 31,8 oversized', NULL, 'ru'),
(38, 2254, 0, 'Kalloy 31,8 oversized', NULL, 'ru'),
(39, 2254, 0, 'Neco 1-1/8''''', NULL, 'ru'),
(27, 2255, 18, '', NULL, 'ru'),
(27, 2255, 76, '', NULL, 'ru'),
(40, 2255, 39, '', NULL, 'ru'),
(43, 2255, 59, '', NULL, 'ru'),
(13, 2255, 0, 'Pride 6061 Alloy, Double butted, smooth welding', NULL, 'ru'),
(41, 2255, 47, '', NULL, 'ru'),
(15, 2255, 0, 'SUNTOUR XCT 29", 80 мм, LO', NULL, 'ru'),
(46, 2255, 83, '', NULL, 'ru'),
(25, 2255, 0, 'Alex Rims DP17', NULL, 'ru'),
(26, 2255, 0, 'Kenda small block 8', NULL, 'ru'),
(28, 2255, 0, 'Formula', NULL, 'ru'),
(29, 2255, 0, 'SRAM X-4', NULL, 'ru'),
(30, 2255, 0, 'Shimano FD-M311', NULL, 'ru'),
(31, 2255, 0, 'SRAM X-4', NULL, 'ru'),
(32, 2255, 0, 'SUNTOUR XCT V1', NULL, 'ru'),
(33, 2255, 0, 'VP-990S', NULL, 'ru'),
(42, 2255, 0, 'Shimano HG40', NULL, 'ru'),
(45, 2255, 73, '', NULL, 'ru'),
(34, 2255, 0, 'Механика Tektro Novella', NULL, 'ru'),
(35, 2255, 0, 'Cionlli', NULL, 'ru'),
(36, 2255, 0, 'Kalloy, Тайвань', NULL, 'ru'),
(37, 2255, 0, 'Kalloy 31,8 oversized', NULL, 'ru'),
(38, 2255, 0, 'Kalloy 31,8 oversized', NULL, 'ru'),
(39, 2255, 0, 'Neco 1-1/8''''', NULL, 'ru'),
(35, 2248, 0, 'Cionlli 6873', NULL, 'ru'),
(26, 2248, 0, 'Innova IA2022, 24', NULL, 'ru'),
(25, 2248, 0, 'HJC DA-250', NULL, 'ru'),
(46, 2248, 79, '', NULL, 'ru'),
(15, 2248, 0, 'Zoom Bravo-386E', NULL, 'ru'),
(13, 2248, 0, 'Hi TEN', NULL, 'ru'),
(43, 2248, 69, '', NULL, 'ru'),
(43, 2248, 59, '', NULL, 'ru'),
(40, 2248, 40, '', NULL, 'ru'),
(27, 2248, 27, '', NULL, 'ru'),
(27, 2248, 17, '', NULL, 'ru'),
(36, 2248, 0, 'HL Corp SP-200 250mm 25.4mm', NULL, 'ru'),
(37, 2248, 0, 'HL Corp HS-C81-2, 80mm', NULL, 'ru'),
(38, 2248, 0, 'HL Corp MTB-153 560mm 25.4mm', NULL, 'ru'),
(39, 2248, 0, 'Neco CC-800', NULL, 'ru'),
(27, 2256, 27, '', NULL, 'ru'),
(40, 2256, 40, '', NULL, 'ru'),
(43, 2256, 68, '', NULL, 'ru'),
(13, 2256, 0, 'Стальная Pride Hi-Ten, 16"', NULL, 'ru'),
(15, 2256, 0, 'Стальная Hi-Ten, 16"', NULL, 'ru'),
(46, 2256, 77, '', NULL, 'ru'),
(25, 2256, 0, 'HJC-P6-N', NULL, 'ru'),
(26, 2256, 0, 'Innova IA-2016 16x2,125', NULL, 'ru'),
(28, 2256, 0, 'Quando KT-122F (перед), 	Quando KT-305R(зад)', NULL, 'ru'),
(32, 2256, 0, 'Prowheel S106 36T', NULL, 'ru'),
(33, 2256, 0, 'Natty CS-66A', NULL, 'ru'),
(45, 2256, 74, '', NULL, 'ru'),
(34, 2256, 0, 'Promax TX-117 (передний), Ножной (задний)', NULL, 'ru'),
(35, 2256, 0, 'Cionlli CL-901', NULL, 'ru'),
(36, 2256, 0, 'Fufeng FF-A1', NULL, 'ru'),
(37, 2256, 0, 'Zoom MX-C784-1/2', NULL, 'ru'),
(38, 2256, 0, 'Neco CC-800', NULL, 'ru'),
(39, 2256, 0, 'Neco CC-800', NULL, 'ru'),
(32, 2249, 0, 'Prowheel S106, 40T', NULL, 'ru'),
(33, 2249, 0, 'Natty CS-820', NULL, 'ru'),
(45, 2249, 74, '', NULL, 'ru'),
(34, 2249, 0, 'Promax TX-117 (передний), Ножной (задний)', NULL, 'ru'),
(35, 2249, 0, 'Cionlli 5518', NULL, 'ru'),
(36, 2249, 0, 'HL Corp SP-200 250mm 25.4mm', NULL, 'ru'),
(37, 2249, 0, 'Zoom MX-C784-1/2', NULL, 'ru'),
(38, 2249, 0, 'Zoom MX-16ED', NULL, 'ru'),
(39, 2249, 0, 'Neco CC-800', NULL, 'ru'),
(30, 2250, 0, 'Shimano SIS', NULL, 'ru'),
(31, 2250, 0, 'Shimano Tourney, 7 ск.', NULL, 'ru'),
(32, 2250, 0, 'Jinyan GS-S310, 24x34x42T', NULL, 'ru'),
(33, 2250, 0, 'Natty CS-95', NULL, 'ru'),
(42, 2250, 0, 'Shimano TZ-21, 14-28T', NULL, 'ru'),
(45, 2250, 74, '', NULL, 'ru'),
(34, 2250, 0, 'Promax TX-117', NULL, 'ru'),
(35, 2250, 0, 'Cionlli 6873', NULL, 'ru'),
(36, 2250, 0, 'HL Corp SP-200 250mm 25.4mm', NULL, 'ru'),
(37, 2250, 0, 'HL Corp HS-C81-2, 80mm', NULL, 'ru'),
(38, 2250, 0, 'HL Corp MTB-153 560mm 25.4mm', NULL, 'ru'),
(39, 2250, 0, 'Neco CC-800', NULL, 'ru'),
(32, 2251, 0, 'Prowheel MA-A533, 24x34x42T', NULL, 'ru'),
(33, 2251, 0, 'Natty CS-95', NULL, 'ru'),
(42, 2251, 0, 'Shimano TZ-21, 14-28T', NULL, 'ru'),
(45, 2251, 74, '', NULL, 'ru'),
(34, 2251, 0, 'Promax TX-117', NULL, 'ru'),
(35, 2251, 0, 'Cionlli 6783', NULL, 'ru'),
(36, 2251, 0, 'HL Corp SP-235 300mm 27.2mm', NULL, 'ru'),
(37, 2251, 0, 'Kalloy AS-061 75mm', NULL, 'ru'),
(38, 2251, 0, 'Kalloy AL-021 560mm 25.4mm', NULL, 'ru'),
(39, 2251, 0, 'Neco H846SW', NULL, 'ru'),
(32, 2252, 0, 'Prowheel S106, 40T', NULL, 'ru'),
(33, 2252, 0, 'Natty CS-60', NULL, 'ru'),
(45, 2252, 74, '', NULL, 'ru'),
(34, 2252, 0, 'Promax TX-117 (передний), Ножной (задний)', NULL, 'ru'),
(35, 2252, 0, 'Cionlli 5518', NULL, 'ru'),
(36, 2252, 0, 'HL Corp SP-200 250mm 25.4mm', NULL, 'ru'),
(37, 2252, 0, 'Zoom MX-C784-1/2', NULL, 'ru'),
(38, 2252, 0, 'Zoom MX-16ED', NULL, 'ru'),
(39, 2252, 0, 'Neco CC-800', NULL, 'ru'),
(27, 2257, 27, '', NULL, 'ru'),
(40, 2257, 40, '', NULL, 'ru'),
(43, 2257, 68, '', NULL, 'ru'),
(13, 2257, 0, 'Pride 6061 Alloy, 20"', NULL, 'ru'),
(15, 2257, 0, 'Стальная Hi-Ten, 20"', NULL, 'ru'),
(46, 2257, 84, '', NULL, 'ru'),
(25, 2257, 0, 'HJC DA-250', NULL, 'ru'),
(26, 2257, 0, 'Innova IA-2022, 20"x2.0"', NULL, 'ru'),
(28, 2257, 0, 'Quando KT-A15FQR (перед). Quando KT-A12RQR(зад)', NULL, 'ru'),
(29, 2257, 0, 'Shimano Tourney, SL-RS35-6R', NULL, 'ru'),
(31, 2257, 0, 'Shimano Tourney, RD-FT30 6 ск.', NULL, 'ru'),
(32, 2257, 0, 'Prowheel PRO-V42PP, 40T', NULL, 'ru'),
(33, 2257, 0, 'Natty CS-95', NULL, 'ru'),
(45, 2257, 74, '', NULL, 'ru'),
(34, 2257, 0, 'Promax TX-117', NULL, 'ru'),
(35, 2257, 0, 'Cionlli 5518', NULL, 'ru'),
(36, 2257, 0, 'HL Corp SP-235 350mm 27.2mm', NULL, 'ru'),
(37, 2257, 0, 'Kalloy TDS-C340-8, 60mm', NULL, 'ru'),
(38, 2257, 0, 'Kalloy AL-025 560mm 25.4mm', NULL, 'ru'),
(39, 2257, 0, 'Neco H846SW', NULL, 'ru'),
(27, 2258, 28, '', NULL, 'ru'),
(40, 2258, 40, '', NULL, 'ru'),
(43, 2258, 68, '', NULL, 'ru'),
(13, 2258, 0, 'Pride Alloy 6061 20"', NULL, 'ru'),
(15, 2258, 0, 'Стальная Hi-Ten, 20"', NULL, 'ru'),
(46, 2258, 84, '', NULL, 'ru'),
(25, 2258, 0, 'HJC DA-250', NULL, 'ru'),
(26, 2258, 0, 'Innova IA-2022 20"x2.0"', NULL, 'ru'),
(28, 2258, 0, 'Передняя втулка - Quando KT-A16F, Задняя втулка - Quando KT-A11R', NULL, 'ru'),
(32, 2258, 0, 'Prowheel PRO-V42PP, 40T', NULL, 'ru'),
(33, 2258, 0, 'Natty CS-95', NULL, 'ru'),
(45, 2258, 74, '', NULL, 'ru'),
(34, 2258, 0, 'Promax TX-117 (передний), Ножной (задний)', NULL, 'ru'),
(35, 2258, 0, 'Cionlli 3028', NULL, 'ru'),
(36, 2258, 0, 'HL Corp SP-102 250mm 27.2 mm', NULL, 'ru'),
(37, 2258, 0, 'ZOOM HA-C40-2, 40mm', NULL, 'ru'),
(38, 2258, 0, 'Zoom MTB-AL-158TP, 560mm', NULL, 'ru'),
(39, 2258, 0, 'VP H732', NULL, 'ru'),
(27, 2259, 17, '', NULL, 'ru'),
(40, 2259, 39, '', NULL, 'ru'),
(43, 2259, 62, '', NULL, 'ru'),
(13, 2259, 0, 'Alloy 6061', NULL, 'ru'),
(41, 2259, 55, '', NULL, 'ru'),
(15, 2259, 0, 'Hi TEN', NULL, 'ru'),
(46, 2259, 80, '', NULL, 'ru'),
(25, 2259, 0, 'Алюминий, двойной 26''''', NULL, 'ru'),
(26, 2259, 0, 'Kenda K935', NULL, 'ru'),
(28, 2259, 0, 'Quando', NULL, 'ru'),
(29, 2259, 0, 'Shimano 6 speed', NULL, 'ru'),
(31, 2259, 0, 'Shimano RD-TZ50', NULL, 'ru'),
(32, 2259, 0, 'Prowheel, Тайвань', NULL, 'ru'),
(33, 2259, 0, 'VP-607', NULL, 'ru'),
(42, 2259, 0, 'Shimano MF-TZ20 14-28T', NULL, 'ru'),
(45, 2259, 74, '', NULL, 'ru'),
(34, 2259, 0, 'C-star Alloy', NULL, 'ru'),
(35, 2259, 0, 'Velo, Тайвань', NULL, 'ru'),
(36, 2259, 0, 'Kalloy, Тайвань', NULL, 'ru'),
(37, 2259, 0, 'Zoom', NULL, 'ru'),
(38, 2259, 0, 'Zoom', NULL, 'ru'),
(39, 2259, 0, 'VP', NULL, 'ru');

-- --------------------------------------------------------

--
-- Структура таблицы `catalog_product_feature_variants`
--

DROP TABLE IF EXISTS `catalog_product_feature_variants`;
CREATE TABLE IF NOT EXISTS `catalog_product_feature_variants` (
  `variant_id` mediumint(8) unsigned NOT NULL AUTO_INCREMENT,
  `feature_id` mediumint(8) unsigned NOT NULL DEFAULT '0',
  `position` smallint(5) unsigned NOT NULL DEFAULT '0',
  PRIMARY KEY (`variant_id`),
  UNIQUE KEY `variant_id` (`variant_id`),
  KEY `position` (`position`)
) ENGINE=MyISAM  DEFAULT CHARSET=utf8 AUTO_INCREMENT=86 ;

--
-- Дамп данных таблицы `catalog_product_feature_variants`
--

INSERT INTO `catalog_product_feature_variants` (`variant_id`, `feature_id`, `position`) VALUES
(19, 27, 2),
(18, 27, 1),
(8, 9, 1),
(9, 9, 2),
(10, 9, 3),
(17, 27, 0),
(16, 9, 5),
(15, 9, 4),
(20, 27, 3),
(72, 43, 13),
(70, 43, 11),
(69, 43, 10),
(68, 43, 9),
(67, 43, 8),
(66, 43, 7),
(27, 27, 10),
(28, 27, 11),
(29, 27, 12),
(30, 27, 13),
(65, 43, 6),
(64, 43, 5),
(63, 43, 4),
(62, 43, 3),
(61, 43, 2),
(60, 43, 1),
(59, 43, 0),
(38, 40, 1),
(39, 40, 2),
(40, 40, 3),
(73, 45, 1),
(42, 41, 2),
(43, 41, 3),
(44, 41, 5),
(45, 41, 6),
(46, 41, 8),
(47, 41, 9),
(48, 41, 10),
(49, 41, 11),
(50, 41, 12),
(51, 41, 13),
(57, 41, 15),
(53, 41, 0),
(54, 41, 4),
(55, 41, 7),
(56, 41, 14),
(71, 43, 12),
(74, 45, 2),
(75, 41, 1),
(76, 27, 4),
(77, 46, 1),
(78, 46, 2),
(79, 46, 4),
(80, 46, 5),
(81, 46, 6),
(82, 46, 7),
(83, 46, 8),
(84, 46, 3),
(85, 46, 0);

-- --------------------------------------------------------

--
-- Структура таблицы `catalog_product_feature_variants_translation`
--

DROP TABLE IF EXISTS `catalog_product_feature_variants_translation`;
CREATE TABLE IF NOT EXISTS `catalog_product_feature_variants_translation` (
  `variant_id` mediumint(8) unsigned NOT NULL DEFAULT '0',
  `variant` varchar(255) NOT NULL DEFAULT '',
  `language_code` varchar(2) NOT NULL,
  PRIMARY KEY (`variant_id`,`language_code`)
) ENGINE=MyISAM DEFAULT CHARSET=utf8;

--
-- Дамп данных таблицы `catalog_product_feature_variants_translation`
--

INSERT INTO `catalog_product_feature_variants_translation` (`variant_id`, `variant`, `language_code`) VALUES
(10, '19"', 'ru'),
(9, '18"', 'ru'),
(8, '16"', 'ru'),
(18, 'Любительские', 'ru'),
(17, 'Начальные', 'ru'),
(16, '22"', 'ru'),
(15, '20"', 'ru'),
(19, 'Полупрофессиональные', 'ru'),
(20, 'Профессиональные', 'ru'),
(67, 'Триал', 'ru'),
(66, 'Дерт', 'ru'),
(65, 'Стрит', 'ru'),
(64, 'BMX', 'ru'),
(63, 'Шоссе', 'ru'),
(27, 'Для мальчиков', 'ru'),
(28, 'Для девочек', 'ru'),
(29, 'Трехколесные', 'ru'),
(30, 'Беговелы', 'ru'),
(62, 'Город/Комфорт', 'ru'),
(61, 'Даунхилл', 'ru'),
(60, 'Фрирайд', 'ru'),
(59, 'Кросс-кантри', 'ru'),
(38, '2011', 'ru'),
(39, '2012', 'ru'),
(40, '2013', 'ru'),
(73, 'Дисковые тормоза', 'ru'),
(42, '15', 'ru'),
(43, '15,5', 'ru'),
(44, '17', 'ru'),
(45, '17,5', 'ru'),
(46, '18,5', 'ru'),
(47, '19', 'ru'),
(48, '19,5', 'ru'),
(49, '20', 'ru'),
(50, '21', 'ru'),
(51, '22', 'ru'),
(53, '13', 'ru'),
(54, '16', 'ru'),
(55, '18', 'ru'),
(56, '22.5', 'ru'),
(57, '23', 'ru'),
(68, 'Детские', 'ru'),
(69, 'Подростковые', 'ru'),
(70, 'Беговелы', 'ru'),
(71, 'Кроссовые', 'ru'),
(72, 'Туристические', 'ru'),
(74, 'V-Brake (Ободные тормоза)', 'ru'),
(75, '14.5', 'ru'),
(76, 'Найнер (29er)', 'ru'),
(77, '16', 'ru'),
(78, '18', 'ru'),
(79, '24', 'ru'),
(80, '26', 'ru'),
(81, '27', 'ru'),
(82, '28', 'ru'),
(83, '29', 'ru'),
(84, '20', 'ru'),
(85, '12', 'ru');

-- --------------------------------------------------------

--
-- Структура таблицы `catalog_product_filters`
--

DROP TABLE IF EXISTS `catalog_product_filters`;
CREATE TABLE IF NOT EXISTS `catalog_product_filters` (
  `filter_id` mediumint(8) unsigned NOT NULL AUTO_INCREMENT,
  `categories_path` text NOT NULL,
  `feature_id` mediumint(8) unsigned NOT NULL DEFAULT '0',
  `position` smallint(5) unsigned NOT NULL DEFAULT '0',
  `field_type` char(1) NOT NULL DEFAULT '',
  `show_on_home_page` tinyint(1) NOT NULL DEFAULT '1',
  `status` tinyint(1) NOT NULL DEFAULT '1',
  `round_to` smallint(5) unsigned NOT NULL DEFAULT '1',
  `display` char(1) NOT NULL DEFAULT 'Y',
  `display_count` smallint(5) unsigned NOT NULL DEFAULT '10',
  PRIMARY KEY (`filter_id`),
  KEY `feature_id` (`feature_id`)
) ENGINE=MyISAM  DEFAULT CHARSET=utf8 AUTO_INCREMENT=17 ;

--
-- Дамп данных таблицы `catalog_product_filters`
--

INSERT INTO `catalog_product_filters` (`filter_id`, `categories_path`, `feature_id`, `position`, `field_type`, `show_on_home_page`, `status`, `round_to`, `display`, `display_count`) VALUES
(1, '1,4,7,18,11,12,21,22,23,24,2,9,3,20,5,6,15', 0, 1, 'P', 0, 1, 1, 'Y', 10),
(10, '1,7,4,8,2,3,5,6', 0, 0, 'M', 0, 1, 1, 'Y', 10),
(12, '1,7,4,8,10,11,12,13', 41, 0, '', 0, 1, 1, 'Y', 10),
(13, '1,4,7,18,11,12,21,22,23,24', 40, 4, '', 1, 1, 1, 'Y', 10),
(14, '1,4,7,18,11,12,21,22,23,24', 43, 5, '', 1, 1, 1, 'Y', 10),
(15, '1,4,7,18,11,12,21,22,23,24', 45, 8, '', 1, 1, 1, 'Y', 10),
(16, '1,4,7,18,11,12,21,22,23,24', 46, 7, '', 1, 1, 1, 'Y', 10);

-- --------------------------------------------------------

--
-- Структура таблицы `catalog_product_filters_translation`
--

DROP TABLE IF EXISTS `catalog_product_filters_translation`;
CREATE TABLE IF NOT EXISTS `catalog_product_filters_translation` (
  `filter_id` mediumint(8) unsigned NOT NULL DEFAULT '0',
  `language_code` varchar(2) NOT NULL,
  `filter_name` varchar(255) NOT NULL DEFAULT '',
  PRIMARY KEY (`filter_id`,`language_code`)
) ENGINE=MyISAM DEFAULT CHARSET=utf8;

--
-- Дамп данных таблицы `catalog_product_filters_translation`
--

INSERT INTO `catalog_product_filters_translation` (`filter_id`, `language_code`, `filter_name`) VALUES
(1, 'ru', 'Цена'),
(14, 'ru', 'Назначение'),
(13, 'ru', 'Год выпуска'),
(10, 'ru', 'Производители'),
(12, 'ru', 'Размер рамы'),
(15, 'ru', 'Тип тормозов'),
(16, 'ru', 'Диаметр колеса');

-- --------------------------------------------------------

--
-- Структура таблицы `catalog_product_image`
--

DROP TABLE IF EXISTS `catalog_product_image`;
CREATE TABLE IF NOT EXISTS `catalog_product_image` (
  `image_id` int(10) unsigned NOT NULL AUTO_INCREMENT,
  `product_id` int(10) unsigned NOT NULL,
  `thumbnail` varchar(250) NOT NULL,
  `preview` varchar(250) NOT NULL,
  `detail` varchar(250) NOT NULL,
  `full` varchar(250) NOT NULL,
  `type` int(11) NOT NULL,
  `changed` timestamp NOT NULL DEFAULT CURRENT_TIMESTAMP ON UPDATE CURRENT_TIMESTAMP,
  PRIMARY KEY (`image_id`)
) ENGINE=MyISAM  DEFAULT CHARSET=utf8 AUTO_INCREMENT=377 ;

--
-- Дамп данных таблицы `catalog_product_image`
--

INSERT INTO `catalog_product_image` (`image_id`, `product_id`, `thumbnail`, `preview`, `detail`, `full`, `type`, `changed`) VALUES
(1, 2024, 'Gary-Fisher-Wahoo-2024-1-106x77.jpg', 'Gary-Fisher-Wahoo-2024-1-218x147.jpg', 'Gary-Fisher-Wahoo-2024-1-377x254.jpg', 'Gary-Fisher-Wahoo-2024-1-850x570.jpg', 1, '2013-01-12 08:18:59'),
(299, 2061, 'Trek-2013-MT-220-Girls-2061-299-86x60.jpg', 'Trek-2013-MT-220-Girls-2061-299-215x215.jpg', 'Trek-2013-MT-220-Girls-2061-299-474x474.jpg', 'Trek-2013-MT-220-Girls-2061-299-850x570.jpg', 2, '2013-01-18 07:11:59'),
(3, 2025, 'Trek-3500-2025-3-106x77.jpg', 'Trek-3500-2025-3-218x147.jpg', 'Trek-3500-2025-3-377x254.jpg', 'Trek-3500-2025-3-850x570.jpg', 1, '2013-01-12 11:12:56'),
(4, 2025, 'Trek-3500-2025-4-86x60.jpg', 'Trek-3500-2025-4-215x215.jpg', 'Trek-3500-2025-4-474x474.jpg', 'Trek-3500-2025-4-850x570.jpg', 2, '2013-01-12 11:14:06'),
(11, 2029, 'Trek-2012-4300-2029-11-106x77.jpg', 'Trek-2012-4300-2029-11-218x147.jpg', 'Trek-2012-4300-2029-11-377x254.jpg', 'Trek-2012-4300-2029-11-850x570.jpg', 1, '2013-01-13 02:53:43'),
(10, 2028, 'Trek-2012-3700-2028-10-106x77.jpg', 'Trek-2012-3700-2028-10-218x147.jpg', 'Trek-2012-3700-2028-10-377x254.jpg', 'Trek-2012-3700-2028-10-850x570.jpg', 1, '2013-01-13 02:41:25'),
(8, 2027, 'Trek-2013-3700-Disc-2027-8-106x77.jpg', 'Trek-2013-3700-Disc-2027-8-218x147.jpg', 'Trek-2013-3700-Disc-2027-8-377x254.jpg', 'Trek-2013-3700-Disc-2027-8-850x570.jpg', 1, '2013-01-13 02:09:55'),
(9, 2027, 'Trek-2013-3700-Disc-2027-9-86x60.jpg', 'Trek-2013-3700-Disc-2027-9-215x215.jpg', 'Trek-2013-3700-Disc-2027-9-474x474.jpg', 'Trek-2013-3700-Disc-2027-9-850x570.jpg', 2, '2013-01-13 02:11:23'),
(12, 2030, 'Trek-2012-4300-Disc-2030-12-106x77.jpg', 'Trek-2012-4300-Disc-2030-12-218x147.jpg', 'Trek-2012-4300-Disc-2030-12-377x254.jpg', 'Trek-2012-4300-Disc-2030-12-850x570.jpg', 1, '2013-01-13 03:01:24'),
(13, 2031, 'Trek-2012-4500-Disc-2031-13-106x77.jpg', 'Trek-2012-4500-Disc-2031-13-218x147.jpg', 'Trek-2012-4500-Disc-2031-13-377x254.jpg', 'Trek-2012-4500-Disc-2031-13-850x570.jpg', 1, '2013-01-13 03:11:35'),
(14, 2031, 'Trek-2012-4500-Disc-2031-14-86x60.jpg', 'Trek-2012-4500-Disc-2031-14-215x215.jpg', 'Trek-2012-4500-Disc-2031-14-474x474.jpg', 'Trek-2012-4500-Disc-2031-14-850x570.jpg', 2, '2013-01-13 03:12:04'),
(15, 2032, 'Trek-2012-4900-Disc-2032-15-106x77.jpg', 'Trek-2012-4900-Disc-2032-15-218x147.jpg', 'Trek-2012-4900-Disc-2032-15-377x254.jpg', 'Trek-2012-4900-Disc-2032-15-850x570.jpg', 1, '2013-01-13 03:23:12'),
(16, 2032, 'Trek-2012-4900-Disc-2032-16-86x60.jpg', 'Trek-2012-4900-Disc-2032-16-215x215.jpg', 'Trek-2012-4900-Disc-2032-16-474x474.jpg', 'Trek-2012-4900-Disc-2032-16-850x570.jpg', 2, '2013-01-13 03:23:36'),
(17, 2032, 'Trek-2012-4900-Disc-2032-17-86x60.jpg', 'Trek-2012-4900-Disc-2032-17-215x215.jpg', 'Trek-2012-4900-Disc-2032-17-474x474.jpg', 'Trek-2012-4900-Disc-2032-17-850x570.jpg', 2, '2013-01-13 03:23:55'),
(18, 2033, 'Trek-2012-6000-2033-18-106x77.jpg', 'Trek-2012-6000-2033-18-218x147.jpg', 'Trek-2012-6000-2033-18-377x254.jpg', 'Trek-2012-6000-2033-18-850x570.jpg', 1, '2013-01-13 04:06:38'),
(19, 2033, 'Trek-2012-6000-2033-19-86x60.jpg', 'Trek-2012-6000-2033-19-215x215.jpg', 'Trek-2012-6000-2033-19-474x474.jpg', 'Trek-2012-6000-2033-19-850x570.jpg', 2, '2013-01-13 04:06:58'),
(20, 2034, 'Trek-2012-MT-220-Boys-2034-20-106x77.jpg', 'Trek-2012-MT-220-Boys-2034-20-218x147.jpg', 'Trek-2012-MT-220-Boys-2034-20-377x254.jpg', 'Trek-2012-MT-220-Boys-2034-20-850x570.jpg', 1, '2013-01-13 04:17:26'),
(21, 2035, 'Trek-2012-Mystic-20-2035-21-106x77.jpg', 'Trek-2012-Mystic-20-2035-21-218x147.jpg', 'Trek-2012-Mystic-20-2035-21-377x254.jpg', 'Trek-2012-Mystic-20-2035-21-850x570.jpg', 1, '2013-01-13 04:24:39'),
(22, 2035, 'Trek-2012-Mystic-20-2035-22-86x60.jpg', 'Trek-2012-Mystic-20-2035-22-215x215.jpg', 'Trek-2012-Mystic-20-2035-22-474x474.jpg', 'Trek-2012-Mystic-20-2035-22-850x570.jpg', 2, '2013-01-13 04:25:36'),
(23, 2038, 'Disk-2SB-belaya-36H-KT-SR6R-zad-2038-23-106x77.jpg', 'Disk-2SB-belaya-36H-KT-SR6R-zad-2038-23-218x147.jpg', 'Disk-2SB-belaya-36H-KT-SR6R-zad-2038-23-377x254.jpg', 'Disk-2SB-belaya-36H-KT-SR6R-zad-2038-23-850x570.jpg', 1, '2013-01-13 11:34:40'),
(24, 2039, 'Disk-2SB-belaya-36H-KT-SR6F-per-2039-24-106x77.jpg', 'Disk-2SB-belaya-36H-KT-SR6F-per-2039-24-218x147.jpg', 'Disk-2SB-belaya-36H-KT-SR6F-per-2039-24-377x254.jpg', 'Disk-2SB-belaya-36H-KT-SR6F-per-2039-24-850x570.jpg', 1, '2013-01-13 11:39:14'),
(25, 2040, '-Disk-2-proma-32H-KT-SR6R-zad-2040-25-106x77.jpg', '-Disk-2-proma-32H-KT-SR6R-zad-2040-25-218x147.jpg', '-Disk-2-proma-32H-KT-SR6R-zad-2040-25-377x254.jpg', '-Disk-2-proma-32H-KT-SR6R-zad-2040-25-850x570.jpg', 1, '2013-01-13 11:42:15'),
(26, 2041, '-Disk-2-proma-36H-KT-SR6F-pered-2041-26-106x77.jpg', '-Disk-2-proma-36H-KT-SR6F-pered-2041-26-218x147.jpg', '-Disk-2-proma-36H-KT-SR6F-pered-2041-26-377x254.jpg', '-Disk-2-proma-36H-KT-SR6F-pered-2041-26-850x570.jpg', 1, '2013-01-13 11:52:27'),
(27, 2042, '-Disk-20mm-KT-TW2F-32H-2042-27-106x77.jpg', '-Disk-20mm-KT-TW2F-32H-2042-27-218x147.jpg', '-Disk-20mm-KT-TW2F-32H-2042-27-377x254.jpg', '-Disk-20mm-KT-TW2F-32H-2042-27-850x570.jpg', 1, '2013-01-13 12:05:30'),
(28, 2043, '-FireEye-Excelerant-F520-belaya-32-spitsyi-2043-28-106x77.jpg', '-FireEye-Excelerant-F520-belaya-32-spitsyi-2043-28-218x147.jpg', '-FireEye-Excelerant-F520-belaya-32-spitsyi-2043-28-377x254.jpg', '-FireEye-Excelerant-F520-belaya-32-spitsyi-2043-28-850x570.jpg', 1, '2013-01-13 12:53:19'),
(222, 2145, 'Cube-Analog-26-2013-2145-222-106x77.jpg', 'Cube-Analog-26-2013-2145-222-218x147.jpg', 'Cube-Analog-26-2013-2145-222-377x254.jpg', 'Cube-Analog-26-2013-2145-222-850x570.jpg', 1, '2013-01-16 03:57:23'),
(31, 2045, '-FireEye-Excelerant-RS10-chernaya-32-2045-31-106x77.jpg', '-FireEye-Excelerant-RS10-chernaya-32-2045-31-218x147.jpg', '-FireEye-Excelerant-RS10-chernaya-32-2045-31-377x254.jpg', '-FireEye-Excelerant-RS10-chernaya-32-2045-31-850x570.jpg', 1, '2013-01-14 05:18:54'),
(32, 2046, '-KT-C99F-per-2SB-36H-prom-podshipnik-na-36-spits-2046-32-106x77.jpg', '-KT-C99F-per-2SB-36H-prom-podshipnik-na-36-spits-2046-32-218x147.jpg', '-KT-C99F-per-2SB-36H-prom-podshipnik-na-36-spits-2046-32-377x254.jpg', '-KT-C99F-per-2SB-36H-prom-podshipnik-na-36-spits-2046-32-850x570.jpg', 1, '2013-01-14 05:22:56'),
(33, 2047, '-KT-CT1R-zad-2SB-36H-prom-podshipnik-zad-pod-kassetu-na--2047-33-106x77.jpg', '-KT-CT1R-zad-2SB-36H-prom-podshipnik-zad-pod-kassetu-na--2047-33-218x147.jpg', '-KT-CT1R-zad-2SB-36H-prom-podshipnik-zad-pod-kassetu-na--2047-33-377x254.jpg', '-KT-CT1R-zad-2SB-36H-prom-podshipnik-zad-pod-kassetu-na--2047-33-850x570.jpg', 1, '2013-01-14 05:26:44'),
(203, 2048, '-MTB-X-9-6B-Disc-zad-32H-135-9mm-2048-203-106x77.jpg', '-MTB-X-9-6B-Disc-zad-32H-135-9mm-2048-203-218x147.jpg', '-MTB-X-9-6B-Disc-zad-32H-135-9mm-2048-203-377x254.jpg', '-MTB-X-9-6B-Disc-zad-32H-135-9mm-2048-203-850x570.jpg', 1, '2013-01-15 17:12:12'),
(193, 2049, 'vtulka-MTB-X-9-6B-Disc-per-32H-100-9mm-2049-193-106x77.jpg', 'vtulka-MTB-X-9-6B-Disc-per-32H-100-9mm-2049-193-218x147.jpg', 'vtulka-MTB-X-9-6B-Disc-per-32H-100-9mm-2049-193-377x254.jpg', 'vtulka-MTB-X-9-6B-Disc-per-32H-100-9mm-2049-193-850x570.jpg', 1, '2013-01-15 16:49:04'),
(36, 2050, '-MTB-X-9-6B-Disc-per-32H20x110-2050-36-106x77.jpg', '-MTB-X-9-6B-Disc-per-32H20x110-2050-36-218x147.jpg', '-MTB-X-9-6B-Disc-per-32H20x110-2050-36-377x254.jpg', '-MTB-X-9-6B-Disc-per-32H20x110-2050-36-850x570.jpg', 1, '2013-01-14 05:41:40'),
(37, 2051, '-MTB-zadnyaya-AtomLab-10mm-2051-37-106x77.jpg', '-MTB-zadnyaya-AtomLab-10mm-2051-37-218x147.jpg', '-MTB-zadnyaya-AtomLab-10mm-2051-37-377x254.jpg', '-MTB-zadnyaya-AtomLab-10mm-2051-37-850x570.jpg', 1, '2013-01-14 06:06:30'),
(38, 2052, 'Trek-2013-3500-Disc-2052-38-106x77.jpg', 'Trek-2013-3500-Disc-2052-38-218x147.jpg', 'Trek-2013-3500-Disc-2052-38-377x254.jpg', '', 2, '2013-01-14 07:38:18'),
(40, 2052, 'Trek-2013-3500-Disc-2052-40-106x77.jpg', 'Trek-2013-3500-Disc-2052-40-218x147.jpg', 'Trek-2013-3500-Disc-2052-40-377x254.jpg', 'Trek-2013-3500-Disc-2052-40-850x570.jpg', 1, '2013-01-14 07:39:16'),
(41, 2053, 'Trek-2013-3700-2053-41-106x77.jpg', 'Trek-2013-3700-2053-41-218x147.jpg', 'Trek-2013-3700-2053-41-377x254.jpg', 'Trek-2013-3700-2053-41-850x570.jpg', 1, '2013-01-14 07:49:40'),
(42, 2053, 'Trek-2013-3700-2053-42-86x60.jpg', 'Trek-2013-3700-2053-42-215x215.jpg', 'Trek-2013-3700-2053-42-474x474.jpg', 'Trek-2013-3700-2053-42-850x570.jpg', 2, '2013-01-14 07:50:09'),
(43, 2054, 'Trek-2013-3900-2054-43-106x77.jpg', 'Trek-2013-3900-2054-43-218x147.jpg', 'Trek-2013-3900-2054-43-377x254.jpg', 'Trek-2013-3900-2054-43-850x570.jpg', 1, '2013-01-14 08:01:12'),
(44, 2054, 'Trek-2013-3900-2054-44-86x60.jpg', 'Trek-2013-3900-2054-44-215x215.jpg', 'Trek-2013-3900-2054-44-474x474.jpg', 'Trek-2013-3900-2054-44-850x570.jpg', 2, '2013-01-14 08:01:35'),
(45, 2055, 'Trek-2013-3900-Disc-2055-45-106x77.jpg', 'Trek-2013-3900-Disc-2055-45-218x147.jpg', 'Trek-2013-3900-Disc-2055-45-377x254.jpg', 'Trek-2013-3900-Disc-2055-45-850x570.jpg', 1, '2013-01-14 08:07:43'),
(46, 2056, 'Trek-2013-4300-Disc-2056-46-106x77.jpg', 'Trek-2013-4300-Disc-2056-46-218x147.jpg', 'Trek-2013-4300-Disc-2056-46-377x254.jpg', 'Trek-2013-4300-Disc-2056-46-850x570.jpg', 1, '2013-01-14 09:06:55'),
(47, 2057, 'Trek-2013-Cobia-2057-47-106x77.jpg', 'Trek-2013-Cobia-2057-47-218x147.jpg', 'Trek-2013-Cobia-2057-47-377x254.jpg', 'Trek-2013-Cobia-2057-47-850x570.jpg', 1, '2013-01-14 09:15:15'),
(48, 2058, 'Trek-2013-Marlin-2058-48-106x77.jpg', 'Trek-2013-Marlin-2058-48-218x147.jpg', 'Trek-2013-Marlin-2058-48-377x254.jpg', 'Trek-2013-Marlin-2058-48-850x570.jpg', 1, '2013-01-14 09:22:48'),
(49, 2059, 'Trek-2013-Jet-16-2059-49-106x77.jpg', 'Trek-2013-Jet-16-2059-49-218x147.jpg', 'Trek-2013-Jet-16-2059-49-377x254.jpg', 'Trek-2013-Jet-16-2059-49-850x570.jpg', 1, '2013-01-14 09:32:33'),
(50, 2059, 'Trek-2013-Jet-16-2059-50-86x60.jpg', 'Trek-2013-Jet-16-2059-50-215x215.jpg', 'Trek-2013-Jet-16-2059-50-474x474.jpg', 'Trek-2013-Jet-16-2059-50-850x570.jpg', 2, '2013-01-14 09:32:51'),
(51, 2060, 'Trek-2013-MT-220-Boys-2060-51-106x77.jpg', 'Trek-2013-MT-220-Boys-2060-51-218x147.jpg', 'Trek-2013-MT-220-Boys-2060-51-377x254.jpg', 'Trek-2013-MT-220-Boys-2060-51-850x570.jpg', 1, '2013-01-14 09:49:51'),
(52, 2061, 'Trek-2013-MT-220-Girls-2061-52-106x77.jpg', 'Trek-2013-MT-220-Girls-2061-52-218x147.jpg', 'Trek-2013-MT-220-Girls-2061-52-377x254.jpg', 'Trek-2013-MT-220-Girls-2061-52-850x570.jpg', 1, '2013-01-14 10:06:27'),
(53, 2062, 'Trek-2013-Mystic-16-2062-53-106x77.jpg', 'Trek-2013-Mystic-16-2062-53-218x147.jpg', 'Trek-2013-Mystic-16-2062-53-377x254.jpg', 'Trek-2013-Mystic-16-2062-53-850x570.jpg', 1, '2013-01-14 10:12:05'),
(54, 2063, 'Trek-2013-Skye-2063-54-106x77.jpg', 'Trek-2013-Skye-2063-54-218x147.jpg', 'Trek-2013-Skye-2063-54-377x254.jpg', 'Trek-2013-Skye-2063-54-850x570.jpg', 1, '2013-01-14 10:18:57'),
(55, 2064, 'Trek-2013-Skye-S-2064-55-106x77.jpg', 'Trek-2013-Skye-S-2064-55-218x147.jpg', 'Trek-2013-Skye-S-2064-55-377x254.jpg', 'Trek-2013-Skye-S-2064-55-850x570.jpg', 1, '2013-01-14 10:26:35'),
(56, 2064, 'Trek-2013-Skye-S-2064-56-86x60.jpg', 'Trek-2013-Skye-S-2064-56-215x215.jpg', 'Trek-2013-Skye-S-2064-56-474x474.jpg', 'Trek-2013-Skye-S-2064-56-850x570.jpg', 2, '2013-01-14 10:26:59'),
(57, 2065, 'Trek-2013-Skye-SL-2065-57-106x77.jpg', 'Trek-2013-Skye-SL-2065-57-218x147.jpg', 'Trek-2013-Skye-SL-2065-57-377x254.jpg', 'Trek-2013-Skye-SL-2065-57-850x570.jpg', 1, '2013-01-14 10:35:20'),
(58, 2066, 'Merida-Dakar-620-2012-2066-58-106x77.jpg', 'Merida-Dakar-620-2012-2066-58-218x147.jpg', 'Merida-Dakar-620-2012-2066-58-377x254.jpg', 'Merida-Dakar-620-2012-2066-58-850x570.jpg', 1, '2013-01-14 11:38:51'),
(59, 2067, 'Merida-Juliet-10-V-2012-2067-59-106x77.jpg', 'Merida-Juliet-10-V-2012-2067-59-218x147.jpg', 'Merida-Juliet-10-V-2012-2067-59-377x254.jpg', 'Merida-Juliet-10-V-2012-2067-59-850x570.jpg', 1, '2013-01-14 11:49:00'),
(60, 2068, '-QUANDO-BMX-KT-D1-TF-per-36H-2068-60-106x77.jpg', '-QUANDO-BMX-KT-D1-TF-per-36H-2068-60-218x147.jpg', '-QUANDO-BMX-KT-D1-TF-per-36H-2068-60-377x254.jpg', '-QUANDO-BMX-KT-D1-TF-per-36H-2068-60-850x570.jpg', 1, '2013-01-14 13:56:01'),
(209, 2069, '-TATU-BIKE-zadn-32H-shosse-krasnaya-2069-209-106x77.jpg', '-TATU-BIKE-zadn-32H-shosse-krasnaya-2069-209-218x147.jpg', '-TATU-BIKE-zadn-32H-shosse-krasnaya-2069-209-377x254.jpg', '-TATU-BIKE-zadn-32H-shosse-krasnaya-2069-209-850x570.jpg', 1, '2013-01-15 17:20:02'),
(162, 2070, '-TATU-BIKE-zadn-vmh-36n-4-prom-podsh-chernaya-524g-os-14-2070-162-106x77.jpg', '-TATU-BIKE-zadn-vmh-36n-4-prom-podsh-chernaya-524g-os-14-2070-162-218x147.jpg', '-TATU-BIKE-zadn-vmh-36n-4-prom-podsh-chernaya-524g-os-14-2070-162-377x254.jpg', '-TATU-BIKE-zadn-vmh-36n-4-prom-podsh-chernaya-524g-os-14-2070-162-850x570.jpg', 1, '2013-01-15 16:03:32'),
(68, 2071, '-TATU-BIKE-zadn-vmh-48n-chernaya-58-2071-68-106x77.jpg', '-TATU-BIKE-zadn-vmh-48n-chernaya-58-2071-68-218x147.jpg', '-TATU-BIKE-zadn-vmh-48n-chernaya-58-2071-68-377x254.jpg', '-TATU-BIKE-zadn-vmh-48n-chernaya-58-2071-68-850x570.jpg', 1, '2013-01-14 14:46:01'),
(64, 2072, '-TATU-BIKE-zadn-disk-36n-4-prom-podsh-DH-12h150-chernaya-2072-64-106x77.jpg', '-TATU-BIKE-zadn-disk-36n-4-prom-podsh-DH-12h150-chernaya-2072-64-218x147.jpg', '-TATU-BIKE-zadn-disk-36n-4-prom-podsh-DH-12h150-chernaya-2072-64-377x254.jpg', '-TATU-BIKE-zadn-disk-36n-4-prom-podsh-DH-12h150-chernaya-2072-64-850x570.jpg', 1, '2013-01-14 14:10:38'),
(65, 2073, '-TATU-BIKE-zadn-disk-36n-4-prom-podsh-zolotistaya-491g-2073-65-106x77.jpg', '-TATU-BIKE-zadn-disk-36n-4-prom-podsh-zolotistaya-491g-2073-65-218x147.jpg', '-TATU-BIKE-zadn-disk-36n-4-prom-podsh-zolotistaya-491g-2073-65-377x254.jpg', '-TATU-BIKE-zadn-disk-36n-4-prom-podsh-zolotistaya-491g-2073-65-850x570.jpg', 1, '2013-01-14 14:26:11'),
(66, 2074, '-TATU-BIKE-zadn-disk-36n-4-prom-podsh-krasnaya-491g-2074-66-106x77.jpg', '-TATU-BIKE-zadn-disk-36n-4-prom-podsh-krasnaya-491g-2074-66-218x147.jpg', '-TATU-BIKE-zadn-disk-36n-4-prom-podsh-krasnaya-491g-2074-66-377x254.jpg', '-TATU-BIKE-zadn-disk-36n-4-prom-podsh-krasnaya-491g-2074-66-850x570.jpg', 1, '2013-01-14 14:29:15'),
(67, 2075, '-TATU-BIKE-zadn-disk-36n-SINGLE-S-2075-67-106x77.jpg', '-TATU-BIKE-zadn-disk-36n-SINGLE-S-2075-67-218x147.jpg', '-TATU-BIKE-zadn-disk-36n-SINGLE-S-2075-67-377x254.jpg', '-TATU-BIKE-zadn-disk-36n-SINGLE-S-2075-67-850x570.jpg', 1, '2013-01-14 14:41:28'),
(197, 2076, 'TATU-BIKE-peredn-disk-32n-2-prom-podsh-zolotistaya-141g-2076-197-106x77.jpg', 'TATU-BIKE-peredn-disk-32n-2-prom-podsh-zolotistaya-141g-2076-197-218x147.jpg', 'TATU-BIKE-peredn-disk-32n-2-prom-podsh-zolotistaya-141g-2076-197-377x254.jpg', 'TATU-BIKE-peredn-disk-32n-2-prom-podsh-zolotistaya-141g-2076-197-850x570.jpg', 1, '2013-01-15 16:55:40'),
(201, 2077, 'TATU-BIKE-peredn-disk-32n-20mm-2-prom-podsh-belaya-215g-2077-201-106x77.jpg', 'TATU-BIKE-peredn-disk-32n-20mm-2-prom-podsh-belaya-215g-2077-201-218x147.jpg', 'TATU-BIKE-peredn-disk-32n-20mm-2-prom-podsh-belaya-215g-2077-201-377x254.jpg', 'TATU-BIKE-peredn-disk-32n-20mm-2-prom-podsh-belaya-215g-2077-201-850x570.jpg', 1, '2013-01-15 17:09:14'),
(221, 2144, 'CUBE-AIM-Disc-29-2013-2144-221-86x60.jpg', 'CUBE-AIM-Disc-29-2013-2144-221-215x215.jpg', 'CUBE-AIM-Disc-29-2013-2144-221-474x474.jpg', 'CUBE-AIM-Disc-29-2013-2144-221-850x570.jpg', 2, '2013-01-16 03:39:37'),
(72, 2079, '-TATU-BIKE-peredn-disk-36n-2-prom-podsh-krasnaya-213g-2079-72-106x77.jpg', '-TATU-BIKE-peredn-disk-36n-2-prom-podsh-krasnaya-213g-2079-72-218x147.jpg', '-TATU-BIKE-peredn-disk-36n-2-prom-podsh-krasnaya-213g-2079-72-377x254.jpg', '-TATU-BIKE-peredn-disk-36n-2-prom-podsh-krasnaya-213g-2079-72-850x570.jpg', 1, '2013-01-14 15:07:19'),
(73, 2080, '-TATU-BIKE-peredn-disk-36n-2-prom-podsh-chernaya-213g-2080-73-106x77.jpg', '-TATU-BIKE-peredn-disk-36n-2-prom-podsh-chernaya-213g-2080-73-218x147.jpg', '-TATU-BIKE-peredn-disk-36n-2-prom-podsh-chernaya-213g-2080-73-377x254.jpg', '-TATU-BIKE-peredn-disk-36n-2-prom-podsh-chernaya-213g-2080-73-850x570.jpg', 1, '2013-01-14 15:09:40'),
(74, 2081, '-TATU-BIKE-peredn-disk-36n-20mm-2-prom-podsh-zolotistaya-2081-74-106x77.jpg', '-TATU-BIKE-peredn-disk-36n-20mm-2-prom-podsh-zolotistaya-2081-74-218x147.jpg', '-TATU-BIKE-peredn-disk-36n-20mm-2-prom-podsh-zolotistaya-2081-74-377x254.jpg', '-TATU-BIKE-peredn-disk-36n-20mm-2-prom-podsh-zolotistaya-2081-74-850x570.jpg', 1, '2013-01-14 15:16:43'),
(210, 2083, '-TATU-BIKE-peredn-disk-36n-20mm-2-prom-podsh-chernaya-21-2083-210-106x77.jpg', '-TATU-BIKE-peredn-disk-36n-20mm-2-prom-podsh-chernaya-21-2083-210-218x147.jpg', '-TATU-BIKE-peredn-disk-36n-20mm-2-prom-podsh-chernaya-21-2083-210-377x254.jpg', '-TATU-BIKE-peredn-disk-36n-20mm-2-prom-podsh-chernaya-21-2083-210-850x570.jpg', 1, '2013-01-15 17:21:24'),
(195, 2082, '-TATU-BIKE-peredn-disk-36n-20mm-2-prom-podsh-krasnaya-21-2082-195-106x77.jpg', '-TATU-BIKE-peredn-disk-36n-20mm-2-prom-podsh-krasnaya-21-2082-195-218x147.jpg', '-TATU-BIKE-peredn-disk-36n-20mm-2-prom-podsh-krasnaya-21-2082-195-377x254.jpg', '-TATU-BIKE-peredn-disk-36n-20mm-2-prom-podsh-krasnaya-21-2082-195-850x570.jpg', 1, '2013-01-15 16:52:20'),
(191, 2104, 'X17-BMX-alyum-na-prom-2104-191-106x77.jpg', 'X17-BMX-alyum-na-prom-2104-191-218x147.jpg', 'X17-BMX-alyum-na-prom-2104-191-377x254.jpg', 'X17-BMX-alyum-na-prom-2104-191-850x570.jpg', 1, '2013-01-15 16:46:03'),
(172, 2085, '-zadn-FH-M770-XT-32sp-serebr-2085-172-106x77.jpg', '-zadn-FH-M770-XT-32sp-serebr-2085-172-218x147.jpg', '-zadn-FH-M770-XT-32sp-serebr-2085-172-377x254.jpg', '-zadn-FH-M770-XT-32sp-serebr-2085-172-850x570.jpg', 1, '2013-01-15 16:15:59'),
(182, 2086, '-zadn-Shimano-FH-M600-Hone-32H-2086-182-106x77.jpg', '-zadn-Shimano-FH-M600-Hone-32H-2086-182-218x147.jpg', '-zadn-Shimano-FH-M600-Hone-32H-2086-182-377x254.jpg', '-zadn-Shimano-FH-M600-Hone-32H-2086-182-850x570.jpg', 1, '2013-01-15 16:36:23'),
(80, 2087, 'TATU-BIKE-MTB-alyu-32h-chern-kasetn-8-9zv-2087-80-106x77.jpg', 'TATU-BIKE-MTB-alyu-32h-chern-kasetn-8-9zv-2087-80-218x147.jpg', 'TATU-BIKE-MTB-alyu-32h-chern-kasetn-8-9zv-2087-80-377x254.jpg', 'TATU-BIKE-MTB-alyu-32h-chern-kasetn-8-9zv-2087-80-850x570.jpg', 1, '2013-01-14 15:50:43'),
(208, 2088, '-TATU-BIKE-disk-alyu-32h-chern-ekstsentrik-453g-8-9zv-2088-208-106x77.jpg', '-TATU-BIKE-disk-alyu-32h-chern-ekstsentrik-453g-8-9zv-2088-208-218x147.jpg', '-TATU-BIKE-disk-alyu-32h-chern-ekstsentrik-453g-8-9zv-2088-208-377x254.jpg', '-TATU-BIKE-disk-alyu-32h-chern-ekstsentrik-453g-8-9zv-2088-208-850x570.jpg', 1, '2013-01-15 17:18:29'),
(82, 2089, '-zadn-X17-BMX-Dual-alyum-2089-82-106x77.jpg', '-zadn-X17-BMX-Dual-alyum-2089-82-218x147.jpg', '-zadn-X17-BMX-Dual-alyum-2089-82-377x254.jpg', '-zadn-X17-BMX-Dual-alyum-2089-82-850x570.jpg', 1, '2013-01-14 16:18:15'),
(83, 2090, '-CHOSEN-vmh-48-spits-promyi-2090-83-106x77.jpg', '-CHOSEN-vmh-48-spits-promyi-2090-83-218x147.jpg', '-CHOSEN-vmh-48-spits-promyi-2090-83-377x254.jpg', '-CHOSEN-vmh-48-spits-promyi-2090-83-850x570.jpg', 1, '2013-01-14 16:26:35'),
(84, 2091, '-Formula-DC22LW-32-spitsyi-chernaya-pod-disk-6-boltov-2091-84-106x77.jpg', '-Formula-DC22LW-32-spitsyi-chernaya-pod-disk-6-boltov-2091-84-218x147.jpg', '-Formula-DC22LW-32-spitsyi-chernaya-pod-disk-6-boltov-2091-84-377x254.jpg', '-Formula-DC22LW-32-spitsyi-chernaya-pod-disk-6-boltov-2091-84-850x570.jpg', 1, '2013-01-14 16:28:49'),
(85, 2092, '-Formula-DC22LW-36-spits-chernaya-pod-disk-6-boltov-2092-85-106x77.jpg', '-Formula-DC22LW-36-spits-chernaya-pod-disk-6-boltov-2092-85-218x147.jpg', '-Formula-DC22LW-36-spits-chernaya-pod-disk-6-boltov-2092-85-377x254.jpg', '-Formula-DC22LW-36-spits-chernaya-pod-disk-6-boltov-2092-85-850x570.jpg', 1, '2013-01-14 16:31:30'),
(86, 2093, '-Formula-OV32-2093-86-106x77.jpg', '-Formula-OV32-2093-86-218x147.jpg', '-Formula-OV32-2093-86-377x254.jpg', '-Formula-OV32-2093-86-850x570.jpg', 1, '2013-01-14 16:36:52'),
(87, 2094, '-BMX-alyu-48h-14mm-425g-2094-87-106x77.jpg', '-BMX-alyu-48h-14mm-425g-2094-87-218x147.jpg', '-BMX-alyu-48h-14mm-425g-2094-87-377x254.jpg', '-BMX-alyu-48h-14mm-425g-2094-87-850x570.jpg', 1, '2013-01-14 16:41:14'),
(88, 2095, '-TATU-BIKE-disk-alyu-32h-chern-ekstsentrik-251g-2095-88-106x77.jpg', '-TATU-BIKE-disk-alyu-32h-chern-ekstsentrik-251g-2095-88-218x147.jpg', '-TATU-BIKE-disk-alyu-32h-chern-ekstsentrik-251g-2095-88-377x254.jpg', '-TATU-BIKE-disk-alyu-32h-chern-ekstsentrik-251g-2095-88-850x570.jpg', 1, '2013-01-14 16:47:11'),
(89, 2096, '-TATU-BIKE-disk-alyu-36h-chern-22151136-2096-89-106x77.jpg', '-TATU-BIKE-disk-alyu-36h-chern-22151136-2096-89-218x147.jpg', '-TATU-BIKE-disk-alyu-36h-chern-22151136-2096-89-377x254.jpg', '-TATU-BIKE-disk-alyu-36h-chern-22151136-2096-89-850x570.jpg', 1, '2013-01-14 16:55:30'),
(202, 2097, '-HB-M495-36sp-disk-2097-202-106x77.jpg', '-HB-M495-36sp-disk-2097-202-218x147.jpg', '-HB-M495-36sp-disk-2097-202-377x254.jpg', '-HB-M495-36sp-disk-2097-202-850x570.jpg', 1, '2013-01-15 17:10:52'),
(91, 2098, '-HB-M525-Deore-disk-2098-91-106x77.jpg', '-HB-M525-Deore-disk-2098-91-218x147.jpg', '-HB-M525-Deore-disk-2098-91-377x254.jpg', '-HB-M525-Deore-disk-2098-91-850x570.jpg', 1, '2013-01-14 17:01:52'),
(92, 2099, '-HB-M801-Saint-36sp-2099-92-106x77.jpg', '-HB-M801-Saint-36sp-2099-92-218x147.jpg', '-HB-M801-Saint-36sp-2099-92-377x254.jpg', '-HB-M801-Saint-36sp-2099-92-850x570.jpg', 1, '2013-01-14 17:05:06'),
(93, 2100, '-HB-RM65-36sp-disk-2100-93-106x77.jpg', '-HB-RM65-36sp-disk-2100-93-218x147.jpg', '-HB-RM65-36sp-disk-2100-93-377x254.jpg', '-HB-RM65-36sp-disk-2100-93-850x570.jpg', 1, '2013-01-14 17:09:18'),
(181, 2101, '-nv-M770-XT-32sp-serebr-2101-181-106x77.jpg', '-nv-M770-XT-32sp-serebr-2101-181-218x147.jpg', '-nv-M770-XT-32sp-serebr-2101-181-377x254.jpg', '-nv-M770-XT-32sp-serebr-2101-181-850x570.jpg', 1, '2013-01-15 16:34:24'),
(180, 2102, '-nv-RM40-36sp-chern-2102-180-106x77.jpg', '-nv-RM40-36sp-chern-2102-180-218x147.jpg', '-nv-RM40-36sp-chern-2102-180-377x254.jpg', '-nv-RM40-36sp-chern-2102-180-850x570.jpg', 1, '2013-01-15 16:32:05'),
(96, 2103, '-Shimano-HB-M600-Hone-36ot-2103-96-106x77.jpg', '-Shimano-HB-M600-Hone-36ot-2103-96-218x147.jpg', '-Shimano-HB-M600-Hone-36ot-2103-96-377x254.jpg', '-Shimano-HB-M600-Hone-36ot-2103-96-850x570.jpg', 1, '2013-01-14 17:19:27'),
(192, 2105, '-X17-DH-alyum-pod-Disk-9m-2105-192-106x77.jpg', '-X17-DH-alyum-pod-Disk-9m-2105-192-218x147.jpg', '-X17-DH-alyum-pod-Disk-9m-2105-192-377x254.jpg', '-X17-DH-alyum-pod-Disk-9m-2105-192-850x570.jpg', 1, '2013-01-15 16:47:40'),
(100, 2106, '-CHOSEN-A2023BN-dlya-vmh-2106-100-106x77.jpg', '-CHOSEN-A2023BN-dlya-vmh-2106-100-218x147.jpg', '-CHOSEN-A2023BN-dlya-vmh-2106-100-377x254.jpg', '-CHOSEN-A2023BN-dlya-vmh-2106-100-850x570.jpg', 1, '2013-01-14 17:33:15'),
(101, 2107, '-Formula-Centerlock-XDH51-2107-101-106x77.jpg', '-Formula-Centerlock-XDH51-2107-101-218x147.jpg', '-Formula-Centerlock-XDH51-2107-101-377x254.jpg', '-Formula-Centerlock-XDH51-2107-101-850x570.jpg', 1, '2013-01-14 17:36:04'),
(161, 2108, 'Formula-CL21-32-spitsyi-2108-161-106x77.jpg', 'Formula-CL21-32-spitsyi-2108-161-218x147.jpg', 'Formula-CL21-32-spitsyi-2108-161-377x254.jpg', 'Formula-CL21-32-spitsyi-2108-161-850x570.jpg', 1, '2013-01-15 16:01:38'),
(103, 2109, '-Formula-DC20-LW-32-36-spitsyi-chernaya-pod-disk-6-bolto-2109-103-106x77.jpg', '-Formula-DC20-LW-32-36-spitsyi-chernaya-pod-disk-6-bolto-2109-103-218x147.jpg', '-Formula-DC20-LW-32-36-spitsyi-chernaya-pod-disk-6-bolto-2109-103-377x254.jpg', '-Formula-DC20-LW-32-36-spitsyi-chernaya-pod-disk-6-bolto-2109-103-850x570.jpg', 1, '2013-01-14 17:44:31'),
(104, 2110, 'Merida-Juliet-20-V-2012-2110-104-106x77.jpg', 'Merida-Juliet-20-V-2012-2110-104-218x147.jpg', 'Merida-Juliet-20-V-2012-2110-104-377x254.jpg', 'Merida-Juliet-20-V-2012-2110-104-850x570.jpg', 1, '2013-01-15 03:03:19'),
(105, 2111, 'Merida-Matts-15-V-2012-2111-105-106x77.jpg', 'Merida-Matts-15-V-2012-2111-105-218x147.jpg', 'Merida-Matts-15-V-2012-2111-105-377x254.jpg', 'Merida-Matts-15-V-2012-2111-105-850x570.jpg', 1, '2013-01-15 03:11:55'),
(106, 2112, 'Merida-Matts-20-V-2012-2112-106-106x77.jpg', 'Merida-Matts-20-V-2012-2112-106-218x147.jpg', 'Merida-Matts-20-V-2012-2112-106-377x254.jpg', 'Merida-Matts-20-V-2012-2112-106-850x570.jpg', 1, '2013-01-15 03:21:59'),
(107, 2113, 'Merida-Matts-TFS-100-D-2012-2113-107-106x77.jpg', 'Merida-Matts-TFS-100-D-2012-2113-107-218x147.jpg', 'Merida-Matts-TFS-100-D-2012-2113-107-377x254.jpg', 'Merida-Matts-TFS-100-D-2012-2113-107-850x570.jpg', 1, '2013-01-15 03:29:25'),
(108, 2114, 'Merida-Matts-TFS-100-V-2012-2114-108-106x77.jpg', 'Merida-Matts-TFS-100-V-2012-2114-108-218x147.jpg', 'Merida-Matts-TFS-100-V-2012-2114-108-377x254.jpg', 'Merida-Matts-TFS-100-V-2012-2114-108-850x570.jpg', 1, '2013-01-15 03:38:46'),
(109, 2114, 'Merida-Matts-TFS-100-V-2012-2114-109-86x60.jpg', 'Merida-Matts-TFS-100-V-2012-2114-109-215x215.jpg', 'Merida-Matts-TFS-100-V-2012-2114-109-474x474.jpg', 'Merida-Matts-TFS-100-V-2012-2114-109-850x570.jpg', 2, '2013-01-15 03:39:15'),
(112, 2115, 'Merida-Matts-TFS-300-D-2012-2115-112-106x77.jpg', 'Merida-Matts-TFS-300-D-2012-2115-112-218x147.jpg', 'Merida-Matts-TFS-300-D-2012-2115-112-377x254.jpg', 'Merida-Matts-TFS-300-D-2012-2115-112-850x570.jpg', 1, '2013-01-15 03:58:06'),
(111, 2115, 'Merida-Matts-TFS-300-D-2012-2115-111-86x60.jpg', 'Merida-Matts-TFS-300-D-2012-2115-111-215x215.jpg', 'Merida-Matts-TFS-300-D-2012-2115-111-474x474.jpg', 'Merida-Matts-TFS-300-D-2012-2115-111-850x570.jpg', 2, '2013-01-15 03:54:04'),
(113, 2116, 'Merida-Matts-TFS-900-D-2012-2116-113-106x77.jpg', 'Merida-Matts-TFS-900-D-2012-2116-113-218x147.jpg', 'Merida-Matts-TFS-900-D-2012-2116-113-377x254.jpg', 'Merida-Matts-TFS-900-D-2012-2116-113-850x570.jpg', 1, '2013-01-15 04:04:47'),
(114, 2117, 'Merida-Crossway-20-V-2012-2117-114-106x77.jpg', 'Merida-Crossway-20-V-2012-2117-114-218x147.jpg', 'Merida-Crossway-20-V-2012-2117-114-377x254.jpg', 'Merida-Crossway-20-V-2012-2117-114-850x570.jpg', 1, '2013-01-15 04:32:36'),
(115, 2118, 'Merida-MATTS-10-2013-2118-115-106x77.jpg', 'Merida-MATTS-10-2013-2118-115-218x147.jpg', 'Merida-MATTS-10-2013-2118-115-377x254.jpg', 'Merida-MATTS-10-2013-2118-115-850x570.jpg', 1, '2013-01-15 05:35:58'),
(116, 2119, 'Merida-MATTS-20-V-2013-2119-116-106x77.jpg', 'Merida-MATTS-20-V-2013-2119-116-218x147.jpg', 'Merida-MATTS-20-V-2013-2119-116-377x254.jpg', 'Merida-MATTS-20-V-2013-2119-116-850x570.jpg', 1, '2013-01-15 05:44:37'),
(117, 2120, 'Merida-MATTS-20-MD-2013-2120-117-106x77.jpg', 'Merida-MATTS-20-MD-2013-2120-117-218x147.jpg', 'Merida-MATTS-20-MD-2013-2120-117-377x254.jpg', 'Merida-MATTS-20-MD-2013-2120-117-850x570.jpg', 1, '2013-01-15 05:51:54'),
(118, 2121, 'Merida-Matts-40-D-2013-2121-118-106x77.jpg', 'Merida-Matts-40-D-2013-2121-118-218x147.jpg', 'Merida-Matts-40-D-2013-2121-118-377x254.jpg', 'Merida-Matts-40-D-2013-2121-118-850x570.jpg', 1, '2013-01-15 06:00:56'),
(119, 2121, 'Merida-Matts-40-D-2013-2121-119-86x60.jpg', 'Merida-Matts-40-D-2013-2121-119-215x215.jpg', 'Merida-Matts-40-D-2013-2121-119-474x474.jpg', 'Merida-Matts-40-D-2013-2121-119-850x570.jpg', 2, '2013-01-15 06:01:26'),
(120, 2122, 'Merida-MATTS-70-2013-2122-120-106x77.jpg', 'Merida-MATTS-70-2013-2122-120-218x147.jpg', 'Merida-MATTS-70-2013-2122-120-377x254.jpg', 'Merida-MATTS-70-2013-2122-120-850x570.jpg', 1, '2013-01-15 06:16:35'),
(121, 2123, 'Merida-MATTS-TFS-100-2013-2123-121-106x77.jpg', 'Merida-MATTS-TFS-100-2013-2123-121-218x147.jpg', 'Merida-MATTS-TFS-100-2013-2123-121-377x254.jpg', 'Merida-MATTS-TFS-100-2013-2123-121-850x570.jpg', 1, '2013-01-15 06:28:02'),
(122, 2124, 'Merida-JULIET-10-2013-2124-122-106x77.jpg', 'Merida-JULIET-10-2013-2124-122-218x147.jpg', 'Merida-JULIET-10-2013-2124-122-377x254.jpg', 'Merida-JULIET-10-2013-2124-122-850x570.jpg', 1, '2013-01-15 06:36:33'),
(123, 2125, 'Merida-Crossway-20-V-2013-2125-123-106x77.jpg', 'Merida-Crossway-20-V-2013-2125-123-218x147.jpg', 'Merida-Crossway-20-V-2013-2125-123-377x254.jpg', 'Merida-Crossway-20-V-2013-2125-123-850x570.jpg', 1, '2013-01-15 06:54:30'),
(124, 2126, 'Merida-CROSSWAY-100-2013-2126-124-106x77.jpg', 'Merida-CROSSWAY-100-2013-2126-124-218x147.jpg', 'Merida-CROSSWAY-100-2013-2126-124-377x254.jpg', 'Merida-CROSSWAY-100-2013-2126-124-850x570.jpg', 1, '2013-01-15 07:00:48'),
(125, 2127, 'Merida-Dakar-624-2013-2127-125-106x77.jpg', 'Merida-Dakar-624-2013-2127-125-218x147.jpg', 'Merida-Dakar-624-2013-2127-125-377x254.jpg', 'Merida-Dakar-624-2013-2127-125-850x570.jpg', 1, '2013-01-15 07:06:32'),
(126, 2128, 'Merida-DAKAR-620-GIRL-2013-2128-126-106x77.jpg', 'Merida-DAKAR-620-GIRL-2013-2128-126-218x147.jpg', 'Merida-DAKAR-620-GIRL-2013-2128-126-377x254.jpg', 'Merida-DAKAR-620-GIRL-2013-2128-126-850x570.jpg', 1, '2013-01-15 07:16:46'),
(127, 2129, 'Merida-DAKAR-620-BOY-2013-2129-127-106x77.jpg', 'Merida-DAKAR-620-BOY-2013-2129-127-218x147.jpg', 'Merida-DAKAR-620-BOY-2013-2129-127-377x254.jpg', 'Merida-DAKAR-620-BOY-2013-2129-127-850x570.jpg', 1, '2013-01-15 07:28:29'),
(128, 2130, 'Merida-Race-Lite-900-2013-2130-128-106x77.jpg', 'Merida-Race-Lite-900-2013-2130-128-218x147.jpg', 'Merida-Race-Lite-900-2013-2130-128-377x254.jpg', 'Merida-Race-Lite-900-2013-2130-128-850x570.jpg', 1, '2013-01-15 07:36:29'),
(129, 2131, 'CUBE-AIM-26-2013-2131-129-106x77.jpg', 'CUBE-AIM-26-2013-2131-129-218x147.jpg', 'CUBE-AIM-26-2013-2131-129-377x254.jpg', 'CUBE-AIM-26-2013-2131-129-850x570.jpg', 1, '2013-01-15 08:19:37'),
(130, 2132, 'Cube-Aim-29-2013-2132-130-106x77.jpg', 'Cube-Aim-29-2013-2132-130-218x147.jpg', 'Cube-Aim-29-2013-2132-130-377x254.jpg', 'Cube-Aim-29-2013-2132-130-850x570.jpg', 1, '2013-01-15 08:53:03'),
(131, 2133, 'Cube-Aim-Disc-26-2013-2133-131-106x77.jpg', 'Cube-Aim-Disc-26-2013-2133-131-218x147.jpg', 'Cube-Aim-Disc-26-2013-2133-131-377x254.jpg', 'Cube-Aim-Disc-26-2013-2133-131-850x570.jpg', 1, '2013-01-15 09:05:22'),
(256, 2134, '-FOX-Revert-Knee-Guards-Black-L-XL-2134-256-106x77.jpg', '-FOX-Revert-Knee-Guards-Black-L-XL-2134-256-218x147.jpg', '-FOX-Revert-Knee-Guards-Black-L-XL-2134-256-377x254.jpg', '-FOX-Revert-Knee-Guards-Black-L-XL-2134-256-850x570.jpg', 1, '2013-01-16 07:20:37'),
(255, 2135, '-VIGGGIE-SHIN-GUARD-M-2135-255-106x77.jpg', '-VIGGGIE-SHIN-GUARD-M-2135-255-218x147.jpg', '-VIGGGIE-SHIN-GUARD-M-2135-255-377x254.jpg', '-VIGGGIE-SHIN-GUARD-M-2135-255-850x570.jpg', 1, '2013-01-16 07:19:16'),
(254, 2136, '-COMP-KNEE-WHITE-L-2136-254-106x77.jpg', '-COMP-KNEE-WHITE-L-2136-254-218x147.jpg', '-COMP-KNEE-WHITE-L-2136-254-377x254.jpg', '-COMP-KNEE-WHITE-L-2136-254-850x570.jpg', 1, '2013-01-16 07:18:19'),
(253, 2137, '-PRO-KNEE-SHIN-GUARD-LG-SM-2137-253-106x77.jpg', '-PRO-KNEE-SHIN-GUARD-LG-SM-2137-253-218x147.jpg', '-PRO-KNEE-SHIN-GUARD-LG-SM-2137-253-377x254.jpg', '-PRO-KNEE-SHIN-GUARD-LG-SM-2137-253-850x570.jpg', 1, '2013-01-16 07:17:12'),
(252, 2138, 'zaschita-golen-koleno-RACE-KNEE-SHIN-LIME-GRAY-L-M-2138-252-106x77.jpg', 'zaschita-golen-koleno-RACE-KNEE-SHIN-LIME-GRAY-L-M-2138-252-218x147.jpg', 'zaschita-golen-koleno-RACE-KNEE-SHIN-LIME-GRAY-L-M-2138-252-377x254.jpg', 'zaschita-golen-koleno-RACE-KNEE-SHIN-LIME-GRAY-L-M-2138-252-850x570.jpg', 1, '2013-01-16 07:16:03'),
(251, 2139, '-RACELITE-LG-2139-251-106x77.png', '-RACELITE-LG-2139-251-218x147.png', '-RACELITE-LG-2139-251-377x254.png', '-RACELITE-LG-2139-251-850x570.png', 1, '2013-01-16 07:13:54'),
(250, 2140, '-kolena-golen-cherepaha-2-2140-250-106x77.jpg', '-kolena-golen-cherepaha-2-2140-250-218x147.jpg', '-kolena-golen-cherepaha-2-2140-250-377x254.jpg', '-kolena-golen-cherepaha-2-2140-250-850x570.jpg', 1, '2013-01-16 07:12:21'),
(248, 2141, 'koleno-golen-Lizard-Skins-L-XL-2141-248-106x77.jpg', 'koleno-golen-Lizard-Skins-L-XL-2141-248-218x147.jpg', 'koleno-golen-Lizard-Skins-L-XL-2141-248-377x254.jpg', 'koleno-golen-Lizard-Skins-L-XL-2141-248-850x570.jpg', 1, '2013-01-16 07:09:13'),
(200, 2084, '-TATU-BIKE-peredn-disk-36n-belaya-2084-200-106x77.jpg', '-TATU-BIKE-peredn-disk-36n-belaya-2084-200-218x147.jpg', '-TATU-BIKE-peredn-disk-36n-belaya-2084-200-377x254.jpg', '-TATU-BIKE-peredn-disk-36n-belaya-2084-200-850x570.jpg', 1, '2013-01-15 17:07:04'),
(249, 2142, '-COMP-ELBOW-WHITE-M-2142-249-106x77.jpg', '-COMP-ELBOW-WHITE-M-2142-249-218x147.jpg', '-COMP-ELBOW-WHITE-M-2142-249-377x254.jpg', '-COMP-ELBOW-WHITE-M-2142-249-850x570.jpg', 1, '2013-01-16 07:11:02'),
(220, 2144, 'CUBE-AIM-Disc-29-2013-2144-220-106x77.jpg', 'CUBE-AIM-Disc-29-2013-2144-220-218x147.jpg', 'CUBE-AIM-Disc-29-2013-2144-220-377x254.jpg', 'CUBE-AIM-Disc-29-2013-2144-220-850x570.jpg', 1, '2013-01-16 03:39:20'),
(223, 2145, 'Cube-Analog-26-2013-2145-223-86x60.jpg', 'Cube-Analog-26-2013-2145-223-215x215.jpg', 'Cube-Analog-26-2013-2145-223-474x474.jpg', 'Cube-Analog-26-2013-2145-223-850x570.jpg', 2, '2013-01-16 03:57:42'),
(224, 2146, 'Cube-Analog-29-2013-2146-224-106x77.jpg', 'Cube-Analog-29-2013-2146-224-218x147.jpg', 'Cube-Analog-29-2013-2146-224-377x254.jpg', 'Cube-Analog-29-2013-2146-224-850x570.jpg', 1, '2013-01-16 04:25:05'),
(225, 2146, 'Cube-Analog-29-2013-2146-225-86x60.jpg', 'Cube-Analog-29-2013-2146-225-215x215.jpg', 'Cube-Analog-29-2013-2146-225-474x474.jpg', 'Cube-Analog-29-2013-2146-225-850x570.jpg', 2, '2013-01-16 04:25:44'),
(226, 2147, 'Cube-Attention-26-2013-2147-226-106x77.jpg', 'Cube-Attention-26-2013-2147-226-218x147.jpg', 'Cube-Attention-26-2013-2147-226-377x254.jpg', 'Cube-Attention-26-2013-2147-226-850x570.jpg', 1, '2013-01-16 04:38:51'),
(227, 2148, 'Cube-Attention-29-2013-2148-227-106x77.jpg', 'Cube-Attention-29-2013-2148-227-218x147.jpg', 'Cube-Attention-29-2013-2148-227-377x254.jpg', 'Cube-Attention-29-2013-2148-227-850x570.jpg', 1, '2013-01-16 04:54:27'),
(228, 2149, 'Cube-Acid-26-2013-2149-228-106x77.jpg', 'Cube-Acid-26-2013-2149-228-218x147.jpg', 'Cube-Acid-26-2013-2149-228-377x254.jpg', 'Cube-Acid-26-2013-2149-228-850x570.jpg', 1, '2013-01-16 05:09:02'),
(229, 2151, 'Cube-Acid-29-2013-2151-229-106x77.jpg', 'Cube-Acid-29-2013-2151-229-218x147.jpg', 'Cube-Acid-29-2013-2151-229-377x254.jpg', 'Cube-Acid-29-2013-2151-229-850x570.jpg', 1, '2013-01-16 05:28:23'),
(230, 2151, 'Cube-Acid-29-2013-2151-230-86x60.jpg', 'Cube-Acid-29-2013-2151-230-215x215.jpg', 'Cube-Acid-29-2013-2151-230-474x474.jpg', 'Cube-Acid-29-2013-2151-230-850x570.jpg', 2, '2013-01-16 05:29:35'),
(231, 2152, 'Cube-LTD-26-2013-2152-231-106x77.jpg', 'Cube-LTD-26-2013-2152-231-218x147.jpg', 'Cube-LTD-26-2013-2152-231-377x254.jpg', 'Cube-LTD-26-2013-2152-231-850x570.jpg', 1, '2013-01-16 05:42:45'),
(232, 2153, 'Cube-LTD-29-2013-2153-232-106x77.jpg', 'Cube-LTD-29-2013-2153-232-218x147.jpg', 'Cube-LTD-29-2013-2153-232-377x254.jpg', 'Cube-LTD-29-2013-2153-232-850x570.jpg', 1, '2013-01-16 05:53:40'),
(244, 2166, 'Cube-LTD-SL-29-2013-2166-244-106x77.jpg', 'Cube-LTD-SL-29-2013-2166-244-218x147.jpg', 'Cube-LTD-SL-29-2013-2166-244-377x254.jpg', 'Cube-LTD-SL-29-2013-2166-244-850x570.jpg', 1, '2013-01-16 06:48:42'),
(234, 2155, 'Cube-LTD-Pro-26-2013-2155-234-106x77.jpg', 'Cube-LTD-Pro-26-2013-2155-234-218x147.jpg', 'Cube-LTD-Pro-26-2013-2155-234-377x254.jpg', 'Cube-LTD-Pro-26-2013-2155-234-850x570.jpg', 1, '2013-01-16 06:03:34'),
(235, 2156, '-BMX-drayver-4SB-KT-M9R-36H-9t-14mm-2156-235-106x77.jpg', '-BMX-drayver-4SB-KT-M9R-36H-9t-14mm-2156-235-218x147.jpg', '-BMX-drayver-4SB-KT-M9R-36H-9t-14mm-2156-235-377x254.jpg', '-BMX-drayver-4SB-KT-M9R-36H-9t-14mm-2156-235-850x570.jpg', 1, '2013-01-16 06:10:37'),
(236, 2157, 'Cube-LTD-Pro-29-2013-2157-236-106x77.jpg', 'Cube-LTD-Pro-29-2013-2157-236-218x147.jpg', 'Cube-LTD-Pro-29-2013-2157-236-377x254.jpg', 'Cube-LTD-Pro-29-2013-2157-236-850x570.jpg', 1, '2013-01-16 06:15:57'),
(237, 2160, '-TATU-BIKE-peredn-disk-36n-belaya-250g-2160-237-106x77.jpg', '-TATU-BIKE-peredn-disk-36n-belaya-250g-2160-237-218x147.jpg', '-TATU-BIKE-peredn-disk-36n-belaya-250g-2160-237-377x254.jpg', '-TATU-BIKE-peredn-disk-36n-belaya-250g-2160-237-850x570.jpg', 1, '2013-01-16 06:22:09'),
(238, 2159, 'Cube-LTD-Race-26-2013-2159-238-106x77.jpg', 'Cube-LTD-Race-26-2013-2159-238-218x147.jpg', 'Cube-LTD-Race-26-2013-2159-238-377x254.jpg', 'Cube-LTD-Race-26-2013-2159-238-850x570.jpg', 1, '2013-01-16 06:25:32'),
(239, 2161, '-Ventura-tormoznaya-20-otv-2161-239-106x77.jpg', '-Ventura-tormoznaya-20-otv-2161-239-218x147.jpg', '-Ventura-tormoznaya-20-otv-2161-239-377x254.jpg', '-Ventura-tormoznaya-20-otv-2161-239-850x570.jpg', 1, '2013-01-16 06:27:15'),
(240, 2162, '-TATU-BIKE-disk-alyu-36h-chern-eksts-frezer-2162-240-106x77.jpg', '-TATU-BIKE-disk-alyu-36h-chern-eksts-frezer-2162-240-218x147.jpg', '-TATU-BIKE-disk-alyu-36h-chern-eksts-frezer-2162-240-377x254.jpg', '-TATU-BIKE-disk-alyu-36h-chern-eksts-frezer-2162-240-850x570.jpg', 1, '2013-01-16 06:32:36'),
(241, 2163, '-Onza-Trial-alyum-na-gayka-2163-241-106x77.jpg', '-Onza-Trial-alyum-na-gayka-2163-241-218x147.jpg', '-Onza-Trial-alyum-na-gayka-2163-241-377x254.jpg', '-Onza-Trial-alyum-na-gayka-2163-241-850x570.jpg', 1, '2013-01-16 06:37:07'),
(242, 2164, 'Cube-LTD-Race-29-2013-2164-242-106x77.jpg', 'Cube-LTD-Race-29-2013-2164-242-218x147.jpg', 'Cube-LTD-Race-29-2013-2164-242-377x254.jpg', 'Cube-LTD-Race-29-2013-2164-242-850x570.jpg', 1, '2013-01-16 06:41:00'),
(243, 2165, '-Quando-BMX-alyum-na-prom-2165-243-106x77.jpg', '-Quando-BMX-alyum-na-prom-2165-243-218x147.jpg', '-Quando-BMX-alyum-na-prom-2165-243-377x254.jpg', '-Quando-BMX-alyum-na-prom-2165-243-850x570.jpg', 1, '2013-01-16 06:43:01'),
(245, 2167, '-DK-macho-pered-vmh-alyu-48n-2167-245-106x77.jpg', '-DK-macho-pered-vmh-alyu-48n-2167-245-218x147.jpg', '-DK-macho-pered-vmh-alyu-48n-2167-245-377x254.jpg', '-DK-macho-pered-vmh-alyu-48n-2167-245-850x570.jpg', 1, '2013-01-16 06:53:23'),
(246, 2154, '-BMX-alyum-KT-M18F-per-36H-2154-246-106x77.jpg', '-BMX-alyum-KT-M18F-per-36H-2154-246-218x147.jpg', '-BMX-alyum-KT-M18F-per-36H-2154-246-377x254.jpg', '-BMX-alyum-KT-M18F-per-36H-2154-246-850x570.jpg', 1, '2013-01-16 07:00:20'),
(247, 2168, '-TATU-BIKE-pered-disk-alyu-32h-chern-ekstsent-2168-247-106x77.jpg', '-TATU-BIKE-pered-disk-alyu-32h-chern-ekstsent-2168-247-218x147.jpg', '-TATU-BIKE-pered-disk-alyu-32h-chern-ekstsent-2168-247-377x254.jpg', '-TATU-BIKE-pered-disk-alyu-32h-chern-ekstsent-2168-247-850x570.jpg', 1, '2013-01-16 07:05:40'),
(257, 2143, 'Barbieri-Coolmax-Nero-ABB-GA-2143-257-106x77.jpg', 'Barbieri-Coolmax-Nero-ABB-GA-2143-257-218x147.jpg', 'Barbieri-Coolmax-Nero-ABB-GA-2143-257-377x254.jpg', 'Barbieri-Coolmax-Nero-ABB-GA-2143-257-850x570.jpg', 1, '2013-01-16 07:22:51'),
(258, 2169, 'Cube-Reaction-GTC-Race-29-2013-2169-258-106x77.jpg', 'Cube-Reaction-GTC-Race-29-2013-2169-258-218x147.jpg', 'Cube-Reaction-GTC-Race-29-2013-2169-258-377x254.jpg', 'Cube-Reaction-GTC-Race-29-2013-2169-258-850x570.jpg', 1, '2013-01-16 08:22:28'),
(259, 2171, 'Cube-Reaction-GTC-Race-29-2013-2171-259-106x77.jpg', 'Cube-Reaction-GTC-Race-29-2013-2171-259-218x147.jpg', 'Cube-Reaction-GTC-Race-29-2013-2171-259-377x254.jpg', 'Cube-Reaction-GTC-Race-29-2013-2171-259-850x570.jpg', 1, '2013-01-16 08:34:50'),
(260, 2172, 'Cube-Reaction-GTC-SL-26-2013-2172-260-106x77.jpg', 'Cube-Reaction-GTC-SL-26-2013-2172-260-218x147.jpg', 'Cube-Reaction-GTC-SL-26-2013-2172-260-377x254.jpg', 'Cube-Reaction-GTC-SL-26-2013-2172-260-850x570.jpg', 1, '2013-01-16 08:46:12'),
(261, 2173, 'Cube-Reaction-GTC-SL-29-2013-2173-261-106x77.jpg', 'Cube-Reaction-GTC-SL-29-2013-2173-261-218x147.jpg', 'Cube-Reaction-GTC-SL-29-2013-2173-261-377x254.jpg', 'Cube-Reaction-GTC-SL-29-2013-2173-261-850x570.jpg', 1, '2013-01-16 08:54:42'),
(262, 2178, 'Cube-Access-WLS-2013-2178-262-106x77.jpg', 'Cube-Access-WLS-2013-2178-262-218x147.jpg', 'Cube-Access-WLS-2013-2178-262-377x254.jpg', 'Cube-Access-WLS-2013-2178-262-850x570.jpg', 1, '2013-01-16 09:48:45'),
(263, 2179, 'Cube-Access-WLS-SL-2013-2179-263-106x77.jpg', 'Cube-Access-WLS-SL-2013-2179-263-218x147.jpg', 'Cube-Access-WLS-SL-2013-2179-263-377x254.jpg', 'Cube-Access-WLS-SL-2013-2179-263-850x570.jpg', 1, '2013-01-16 09:56:54'),
(264, 2182, 'Cube-Elite-Super-HPC-26-2013-2182-264-106x77.jpg', 'Cube-Elite-Super-HPC-26-2013-2182-264-218x147.jpg', 'Cube-Elite-Super-HPC-26-2013-2182-264-377x254.jpg', 'Cube-Elite-Super-HPC-26-2013-2182-264-850x570.jpg', 1, '2013-01-17 07:37:38'),
(265, 2183, 'Cube-Delhi-2013-2183-265-106x77.jpg', 'Cube-Delhi-2013-2183-265-218x147.jpg', 'Cube-Delhi-2013-2183-265-377x254.jpg', 'Cube-Delhi-2013-2183-265-850x570.jpg', 1, '2013-01-17 07:49:58'),
(266, 2184, 'Cube-Nature-Pro-2013-2184-266-106x77.jpg', 'Cube-Nature-Pro-2013-2184-266-218x147.jpg', 'Cube-Nature-Pro-2013-2184-266-377x254.jpg', 'Cube-Nature-Pro-2013-2184-266-850x570.jpg', 1, '2013-01-17 08:03:59'),
(267, 2185, 'Cube-Nature-2013-2185-267-106x77.jpg', 'Cube-Nature-2013-2185-267-218x147.jpg', 'Cube-Nature-2013-2185-267-377x254.jpg', 'Cube-Nature-2013-2185-267-850x570.jpg', 1, '2013-01-17 08:11:15'),
(268, 2186, 'Cube-Town-2013-2186-268-106x77.jpg', 'Cube-Town-2013-2186-268-218x147.jpg', 'Cube-Town-2013-2186-268-377x254.jpg', 'Cube-Town-2013-2186-268-850x570.jpg', 1, '2013-01-17 08:20:47'),
(269, 2187, 'Cube-Travel-2013-2187-269-106x77.jpg', 'Cube-Travel-2013-2187-269-218x147.jpg', 'Cube-Travel-2013-2187-269-377x254.jpg', 'Cube-Travel-2013-2187-269-850x570.jpg', 1, '2013-01-17 09:39:24'),
(270, 2188, 'Cube-Travel-Pro-2013-2188-270-106x77.jpg', 'Cube-Travel-Pro-2013-2188-270-218x147.jpg', 'Cube-Travel-Pro-2013-2188-270-377x254.jpg', 'Cube-Travel-Pro-2013-2188-270-850x570.jpg', 1, '2013-01-17 09:47:03'),
(271, 2189, 'Cube-Touring-2013-2189-271-106x77.jpg', 'Cube-Touring-2013-2189-271-218x147.jpg', 'Cube-Touring-2013-2189-271-377x254.jpg', 'Cube-Touring-2013-2189-271-850x570.jpg', 1, '2013-01-17 09:57:36'),
(272, 2190, 'Cube-Touring-Pro-2013-2190-272-106x77.jpg', 'Cube-Touring-Pro-2013-2190-272-218x147.jpg', 'Cube-Touring-Pro-2013-2190-272-377x254.jpg', 'Cube-Touring-Pro-2013-2190-272-850x570.jpg', 1, '2013-01-17 10:06:37'),
(273, 2191, 'Cube-LTD-CLS-Pro-2013-2191-273-106x77.jpg', 'Cube-LTD-CLS-Pro-2013-2191-273-218x147.jpg', 'Cube-LTD-CLS-Pro-2013-2191-273-377x254.jpg', 'Cube-LTD-CLS-Pro-2013-2191-273-850x570.jpg', 1, '2013-01-17 10:14:49'),
(274, 2192, 'Cube-Agree-GTC-2013-2192-274-106x77.jpg', 'Cube-Agree-GTC-2013-2192-274-218x147.jpg', 'Cube-Agree-GTC-2013-2192-274-377x254.jpg', 'Cube-Agree-GTC-2013-2192-274-850x570.jpg', 1, '2013-01-17 10:23:50'),
(275, 2193, 'Cube-XMS-120-2013-2193-275-106x77.jpg', 'Cube-XMS-120-2013-2193-275-218x147.jpg', 'Cube-XMS-120-2013-2193-275-377x254.jpg', 'Cube-XMS-120-2013-2193-275-850x570.jpg', 1, '2013-01-17 11:59:52'),
(276, 2194, 'Cube-TWO-15-SL-2013-2194-276-106x77.jpg', 'Cube-TWO-15-SL-2013-2194-276-218x147.jpg', 'Cube-TWO-15-SL-2013-2194-276-377x254.jpg', 'Cube-TWO-15-SL-2013-2194-276-850x570.jpg', 1, '2013-01-17 12:15:10'),
(277, 2195, 'Cube-260-WLS-2013-2195-277-106x77.jpg', 'Cube-260-WLS-2013-2195-277-218x147.jpg', 'Cube-260-WLS-2013-2195-277-377x254.jpg', 'Cube-260-WLS-2013-2195-277-850x570.jpg', 1, '2013-01-17 12:31:36'),
(278, 2196, 'Cube-260-Race-2013-2196-278-106x77.jpg', 'Cube-260-Race-2013-2196-278-218x147.jpg', 'Cube-260-Race-2013-2196-278-377x254.jpg', 'Cube-260-Race-2013-2196-278-850x570.jpg', 1, '2013-01-18 02:06:01'),
(279, 2197, 'Cube-Kid-240-2013-2197-279-86x60.jpg', 'Cube-Kid-240-2013-2197-279-215x215.jpg', 'Cube-Kid-240-2013-2197-279-474x474.jpg', 'Cube-Kid-240-2013-2197-279-850x570.jpg', 2, '2013-01-18 03:04:32'),
(280, 2197, 'Cube-Kid-240-2013-2197-280-86x60.jpg', 'Cube-Kid-240-2013-2197-280-215x215.jpg', 'Cube-Kid-240-2013-2197-280-474x474.jpg', 'Cube-Kid-240-2013-2197-280-850x570.jpg', 2, '2013-01-18 03:05:54'),
(281, 2197, 'Cube-Kid-240-2013-2197-281-106x77.jpg', 'Cube-Kid-240-2013-2197-281-218x147.jpg', 'Cube-Kid-240-2013-2197-281-377x254.jpg', 'Cube-Kid-240-2013-2197-281-850x570.jpg', 1, '2013-01-18 03:07:24'),
(282, 2198, 'Cube-Kid-200-2013-2198-282-106x77.jpg', 'Cube-Kid-200-2013-2198-282-218x147.jpg', 'Cube-Kid-200-2013-2198-282-377x254.jpg', 'Cube-Kid-200-2013-2198-282-850x570.jpg', 1, '2013-01-18 03:22:49'),
(283, 2198, 'Cube-Kid-200-2013-2198-283-86x60.jpg', 'Cube-Kid-200-2013-2198-283-215x215.jpg', 'Cube-Kid-200-2013-2198-283-474x474.jpg', 'Cube-Kid-200-2013-2198-283-850x570.jpg', 2, '2013-01-18 03:23:10'),
(284, 2198, 'Cube-Kid-200-2013-2198-284-86x60.jpg', 'Cube-Kid-200-2013-2198-284-215x215.jpg', 'Cube-Kid-200-2013-2198-284-474x474.jpg', 'Cube-Kid-200-2013-2198-284-850x570.jpg', 2, '2013-01-18 03:23:33'),
(285, 2199, 'Cube-Kid-160-2013-2199-285-106x77.jpg', 'Cube-Kid-160-2013-2199-285-218x147.jpg', 'Cube-Kid-160-2013-2199-285-377x254.jpg', 'Cube-Kid-160-2013-2199-285-850x570.jpg', 1, '2013-01-18 03:41:53'),
(286, 2199, 'Cube-Kid-160-2013-2199-286-86x60.jpg', 'Cube-Kid-160-2013-2199-286-215x215.jpg', 'Cube-Kid-160-2013-2199-286-474x474.jpg', 'Cube-Kid-160-2013-2199-286-850x570.jpg', 2, '2013-01-18 03:42:15'),
(287, 2200, 'Cube-Access-WLS-Pro-2012-2200-287-106x77.jpg', 'Cube-Access-WLS-Pro-2012-2200-287-218x147.jpg', 'Cube-Access-WLS-Pro-2012-2200-287-377x254.jpg', 'Cube-Access-WLS-Pro-2012-2200-287-850x570.jpg', 1, '2013-01-18 03:52:32'),
(288, 2201, 'Cube-Acid-2012-2201-288-106x77.jpg', 'Cube-Acid-2012-2201-288-218x147.jpg', 'Cube-Acid-2012-2201-288-377x254.jpg', 'Cube-Acid-2012-2201-288-850x570.jpg', 1, '2013-01-18 03:59:39'),
(289, 2202, 'Cube-Acid-2011-2202-289-106x77.jpg', 'Cube-Acid-2011-2202-289-218x147.jpg', 'Cube-Acid-2011-2202-289-377x254.jpg', 'Cube-Acid-2011-2202-289-850x570.jpg', 1, '2013-01-18 04:06:02'),
(290, 2203, 'Cube-AIM-2012-2203-290-106x77.jpg', 'Cube-AIM-2012-2203-290-218x147.jpg', 'Cube-AIM-2012-2203-290-377x254.jpg', 'Cube-AIM-2012-2203-290-850x570.jpg', 1, '2013-01-18 04:16:32'),
(291, 2204, 'Cube-Attention-2012-2204-291-106x77.jpg', 'Cube-Attention-2012-2204-291-218x147.jpg', 'Cube-Attention-2012-2204-291-377x254.jpg', 'Cube-Attention-2012-2204-291-850x570.jpg', 1, '2013-01-18 04:53:09'),
(292, 2204, 'Cube-Attention-2012-2204-292-86x60.jpg', 'Cube-Attention-2012-2204-292-215x215.jpg', 'Cube-Attention-2012-2204-292-474x474.jpg', 'Cube-Attention-2012-2204-292-850x570.jpg', 2, '2013-01-18 04:53:42'),
(293, 2205, 'Cube-Cubie-120-Girl-2012-2205-293-106x77.jpg', 'Cube-Cubie-120-Girl-2012-2205-293-218x147.jpg', 'Cube-Cubie-120-Girl-2012-2205-293-377x254.jpg', 'Cube-Cubie-120-Girl-2012-2205-293-850x570.jpg', 1, '2013-01-18 05:03:01'),
(294, 2206, 'Cube-Cubie-120-Boy-2013-2206-294-106x77.jpg', 'Cube-Cubie-120-Boy-2013-2206-294-218x147.jpg', 'Cube-Cubie-120-Boy-2013-2206-294-377x254.jpg', 'Cube-Cubie-120-Boy-2013-2206-294-850x570.jpg', 1, '2013-01-18 05:08:35'),
(295, 2207, 'Cube-LTD-2012-2207-295-106x77.jpg', 'Cube-LTD-2012-2207-295-218x147.jpg', 'Cube-LTD-2012-2207-295-377x254.jpg', 'Cube-LTD-2012-2207-295-850x570.jpg', 1, '2013-01-18 05:32:24'),
(296, 2208, 'Cube-Team-Kid-160-2012-2208-296-106x77.jpg', 'Cube-Team-Kid-160-2012-2208-296-218x147.jpg', 'Cube-Team-Kid-160-2012-2208-296-377x254.jpg', 'Cube-Team-Kid-160-2012-2208-296-850x570.jpg', 1, '2013-01-18 05:42:24'),
(297, 2209, 'Cube-Team-kid-240-2011-2209-297-106x77.jpg', 'Cube-Team-kid-240-2011-2209-297-218x147.jpg', 'Cube-Team-kid-240-2011-2209-297-377x254.jpg', 'Cube-Team-kid-240-2011-2209-297-850x570.jpg', 1, '2013-01-18 05:53:38'),
(298, 2210, 'Cube-XMS-2012-2210-298-106x77.jpg', 'Cube-XMS-2012-2210-298-218x147.jpg', 'Cube-XMS-2012-2210-298-377x254.jpg', 'Cube-XMS-2012-2210-298-850x570.jpg', 1, '2013-01-18 06:05:15'),
(300, 2062, 'Trek-2013-Mystic-16-2062-300-86x60.jpg', 'Trek-2013-Mystic-16-2062-300-215x215.jpg', 'Trek-2013-Mystic-16-2062-300-474x474.jpg', 'Trek-2013-Mystic-16-2062-300-850x570.jpg', 2, '2013-01-18 07:26:56'),
(302, 2060, 'Trek-2013-MT-220-Boys-2060-302-86x60.jpg', 'Trek-2013-MT-220-Boys-2060-302-215x215.jpg', 'Trek-2013-MT-220-Boys-2060-302-474x474.jpg', 'Trek-2013-MT-220-Boys-2060-302-850x570.jpg', 2, '2013-01-18 07:38:34'),
(303, 2112, 'Merida-Matts-20-V-2012-2112-303-86x60.jpg', 'Merida-Matts-20-V-2012-2112-303-215x215.jpg', 'Merida-Matts-20-V-2012-2112-303-474x474.jpg', 'Merida-Matts-20-V-2012-2112-303-850x570.jpg', 2, '2013-01-18 07:49:03'),
(304, 2211, 'Kellys-VIPER-2-0-2012-2211-304-106x77.jpg', 'Kellys-VIPER-2-0-2012-2211-304-218x147.jpg', 'Kellys-VIPER-2-0-2012-2211-304-377x254.jpg', 'Kellys-VIPER-2-0-2012-2211-304-850x570.jpg', 1, '2013-01-18 08:37:19'),
(305, 2212, 'Kellys-VIPER-3-0-2012-2212-305-106x77.jpg', 'Kellys-VIPER-3-0-2012-2212-305-218x147.jpg', 'Kellys-VIPER-3-0-2012-2212-305-377x254.jpg', 'Kellys-VIPER-3-0-2012-2212-305-850x570.jpg', 1, '2013-01-18 08:48:26'),
(306, 2213, 'Kellys-VIPER-20-2213-306-106x77.jpg', 'Kellys-VIPER-20-2213-306-218x147.jpg', 'Kellys-VIPER-20-2213-306-377x254.jpg', 'Kellys-VIPER-20-2213-306-850x570.jpg', 1, '2013-01-18 09:29:59'),
(307, 2214, 'Kellys-VIPER-30-2013-2214-307-106x77.jpg', 'Kellys-VIPER-30-2013-2214-307-218x147.jpg', 'Kellys-VIPER-30-2013-2214-307-377x254.jpg', 'Kellys-VIPER-30-2013-2214-307-850x570.jpg', 1, '2013-01-18 09:37:06'),
(308, 2215, 'Kellys-VIPER-50-2013-2215-308-106x77.jpg', 'Kellys-VIPER-50-2013-2215-308-218x147.jpg', 'Kellys-VIPER-50-2013-2215-308-377x254.jpg', 'Kellys-VIPER-50-2013-2215-308-850x570.jpg', 1, '2013-01-18 09:43:54'),
(309, 2216, 'Kellys-VIPER-60-2013-2216-309-106x77.jpg', 'Kellys-VIPER-60-2013-2216-309-218x147.jpg', 'Kellys-VIPER-60-2013-2216-309-377x254.jpg', 'Kellys-VIPER-60-2013-2216-309-850x570.jpg', 1, '2013-01-18 09:51:11'),
(310, 2217, 'Kellys-NEOPRENE-2217-310-106x77.jpg', 'Kellys-NEOPRENE-2217-310-218x147.jpg', 'Kellys-NEOPRENE-2217-310-377x254.jpg', 'Kellys-NEOPRENE-2217-310-850x570.jpg', 1, '2013-01-19 12:21:43'),
(311, 2218, '-SKS-max-46-48-zubev-black-2218-311-106x77.jpg', '-SKS-max-46-48-zubev-black-2218-311-218x147.jpg', '-SKS-max-46-48-zubev-black-2218-311-377x254.jpg', '-SKS-max-46-48-zubev-black-2218-311-850x570.jpg', 1, '2013-01-19 12:22:47'),
(312, 2219, 'Lizard-Skins-2219-312-106x77.jpg', 'Lizard-Skins-2219-312-218x147.jpg', 'Lizard-Skins-2219-312-377x254.jpg', 'Lizard-Skins-2219-312-850x570.jpg', 1, '2013-01-19 12:33:03'),
(313, 2220, '-Setlaz-Protector-2220-313-106x77.jpg', '-Setlaz-Protector-2220-313-218x147.jpg', '-Setlaz-Protector-2220-313-377x254.jpg', '-Setlaz-Protector-2220-313-850x570.jpg', 1, '2013-01-19 12:43:25'),
(314, 2221, '-Lizard-Skins-Leather-Carbon-2221-314-106x77.jpg', '-Lizard-Skins-Leather-Carbon-2221-314-218x147.jpg', '-Lizard-Skins-Leather-Carbon-2221-314-377x254.jpg', '-Lizard-Skins-Leather-Carbon-2221-314-850x570.jpg', 1, '2013-01-19 12:46:53'),
(315, 2222, '-Exustar-BCP02-ot-tsepi-krasn-2222-315-106x77.jpg', '-Exustar-BCP02-ot-tsepi-krasn-2222-315-218x147.jpg', '-Exustar-BCP02-ot-tsepi-krasn-2222-315-377x254.jpg', '-Exustar-BCP02-ot-tsepi-krasn-2222-315-850x570.jpg', 1, '2013-01-19 12:48:59');
INSERT INTO `catalog_product_image` (`image_id`, `product_id`, `thumbnail`, `preview`, `detail`, `full`, `type`, `changed`) VALUES
(316, 2223, 'Lizard-Skins-Jumbo-2223-316-106x77.jpg', 'Lizard-Skins-Jumbo-2223-316-218x147.jpg', 'Lizard-Skins-Jumbo-2223-316-377x254.jpg', 'Lizard-Skins-Jumbo-2223-316-850x570.jpg', 1, '2013-01-19 12:51:12'),
(317, 2224, '-SCOTT-NEOPREN-REFLEX-2224-317-106x77.jpg', '-SCOTT-NEOPREN-REFLEX-2224-317-218x147.jpg', '-SCOTT-NEOPREN-REFLEX-2224-317-377x254.jpg', '-SCOTT-NEOPREN-REFLEX-2224-317-850x570.jpg', 1, '2013-01-19 12:53:44'),
(318, 2225, '-SKS-neopren-2225-318-106x77.jpg', '-SKS-neopren-2225-318-218x147.jpg', '-SKS-neopren-2225-318-377x254.jpg', '-SKS-neopren-2225-318-850x570.jpg', 1, '2013-01-19 12:56:26'),
(319, 2226, 'Trek-2012-3900-Disc-2226-319-106x77.jpg', 'Trek-2012-3900-Disc-2226-319-218x147.jpg', 'Trek-2012-3900-Disc-2226-319-377x254.jpg', 'Trek-2012-3900-Disc-2226-319-850x570.jpg', 1, '2013-01-21 02:07:52'),
(320, 2227, 'Trek-2012-3500-Disc-2227-320-106x77.jpg', 'Trek-2012-3500-Disc-2227-320-218x147.jpg', 'Trek-2012-3500-Disc-2227-320-377x254.jpg', 'Trek-2012-3500-Disc-2227-320-850x570.jpg', 1, '2013-01-21 02:35:51'),
(321, 2228, 'Trek-2013-4500-Disc-2228-321-106x77.jpg', 'Trek-2013-4500-Disc-2228-321-218x147.jpg', 'Trek-2013-4500-Disc-2228-321-377x254.jpg', 'Trek-2013-4500-Disc-2228-321-850x570.jpg', 1, '2013-01-21 02:53:38'),
(322, 2228, 'Trek-2013-4500-Disc-2228-322-86x60.jpg', 'Trek-2013-4500-Disc-2228-322-215x215.jpg', 'Trek-2013-4500-Disc-2228-322-474x474.jpg', 'Trek-2013-4500-Disc-2228-322-850x570.jpg', 2, '2013-01-21 02:54:09'),
(323, 2229, 'Trek-2013-4700-Disc-2229-323-106x77.jpg', 'Trek-2013-4700-Disc-2229-323-218x147.jpg', 'Trek-2013-4700-Disc-2229-323-377x254.jpg', 'Trek-2013-4700-Disc-2229-323-850x570.jpg', 1, '2013-01-21 03:35:06'),
(324, 2229, 'Trek-2013-4700-Disc-2229-324-86x60.jpg', 'Trek-2013-4700-Disc-2229-324-215x215.jpg', 'Trek-2013-4700-Disc-2229-324-474x474.jpg', 'Trek-2013-4700-Disc-2229-324-850x570.jpg', 2, '2013-01-21 03:36:07'),
(325, 2230, 'Gary-Fisher-2013-Mamba-2230-325-106x77.jpg', 'Gary-Fisher-2013-Mamba-2230-325-218x147.jpg', 'Gary-Fisher-2013-Mamba-2230-325-377x254.jpg', 'Gary-Fisher-2013-Mamba-2230-325-850x570.jpg', 1, '2013-01-21 03:51:13'),
(326, 2231, 'Cannondale-Trail-5-Feminine-2012-2231-326-106x77.jpg', 'Cannondale-Trail-5-Feminine-2012-2231-326-218x147.jpg', 'Cannondale-Trail-5-Feminine-2012-2231-326-377x254.jpg', 'Cannondale-Trail-5-Feminine-2012-2231-326-850x570.jpg', 1, '2013-01-21 07:04:08'),
(327, 2231, 'Cannondale-Trail-5-Feminine-2012-2231-327-86x60.jpg', 'Cannondale-Trail-5-Feminine-2012-2231-327-215x215.jpg', 'Cannondale-Trail-5-Feminine-2012-2231-327-474x474.jpg', 'Cannondale-Trail-5-Feminine-2012-2231-327-850x570.jpg', 2, '2013-01-21 07:04:36'),
(328, 2232, 'Cannondale-Trail-5-2012-2232-328-106x77.jpg', 'Cannondale-Trail-5-2012-2232-328-218x147.jpg', 'Cannondale-Trail-5-2012-2232-328-377x254.jpg', 'Cannondale-Trail-5-2012-2232-328-850x570.jpg', 1, '2013-01-21 07:22:46'),
(329, 2233, 'Cannondale-Trail-6-2012-2233-329-106x77.jpg', 'Cannondale-Trail-6-2012-2233-329-218x147.jpg', 'Cannondale-Trail-6-2012-2233-329-377x254.jpg', 'Cannondale-Trail-6-2012-2233-329-850x570.jpg', 1, '2013-01-21 08:05:02'),
(330, 2234, 'Cannondale-Trail-SL4-2012-2234-330-106x77.jpg', 'Cannondale-Trail-SL4-2012-2234-330-218x147.jpg', 'Cannondale-Trail-SL4-2012-2234-330-377x254.jpg', 'Cannondale-Trail-SL4-2012-2234-330-850x570.jpg', 1, '2013-01-21 08:15:18'),
(331, 2234, 'Cannondale-Trail-SL4-2012-2234-331-86x60.jpg', 'Cannondale-Trail-SL4-2012-2234-331-215x215.jpg', 'Cannondale-Trail-SL4-2012-2234-331-474x474.jpg', 'Cannondale-Trail-SL4-2012-2234-331-850x570.jpg', 2, '2013-01-21 08:15:40'),
(332, 2235, 'Cannondale-Trail-SL3-2012-2235-332-106x77.jpg', 'Cannondale-Trail-SL3-2012-2235-332-218x147.jpg', 'Cannondale-Trail-SL3-2012-2235-332-377x254.jpg', 'Cannondale-Trail-SL3-2012-2235-332-850x570.jpg', 1, '2013-01-21 08:27:49'),
(333, 2235, 'Cannondale-Trail-SL3-2012-2235-333-86x60.jpg', 'Cannondale-Trail-SL3-2012-2235-333-215x215.jpg', 'Cannondale-Trail-SL3-2012-2235-333-474x474.jpg', 'Cannondale-Trail-SL3-2012-2235-333-850x570.jpg', 2, '2013-01-21 08:28:46'),
(334, 2236, 'Cannondale-Trail-SL-1-2012-2236-334-106x77.jpg', 'Cannondale-Trail-SL-1-2012-2236-334-218x147.jpg', 'Cannondale-Trail-SL-1-2012-2236-334-377x254.jpg', 'Cannondale-Trail-SL-1-2012-2236-334-850x570.jpg', 1, '2013-01-21 08:39:12'),
(335, 2237, 'Cannondale-Trail-6-Feminine-2012-2237-335-106x77.jpg', 'Cannondale-Trail-6-Feminine-2012-2237-335-218x147.jpg', 'Cannondale-Trail-6-Feminine-2012-2237-335-377x254.jpg', 'Cannondale-Trail-6-Feminine-2012-2237-335-850x570.jpg', 1, '2013-01-21 08:52:04'),
(337, 2238, 'Cannondale-Trail-5-2011-2238-337-106x77.jpg', 'Cannondale-Trail-5-2011-2238-337-218x147.jpg', 'Cannondale-Trail-5-2011-2238-337-377x254.jpg', 'Cannondale-Trail-5-2011-2238-337-850x570.jpg', 1, '2013-01-21 09:24:31'),
(338, 2239, 'Cannondale-Trail-SL-4-2011-2239-338-106x77.jpg', 'Cannondale-Trail-SL-4-2011-2239-338-218x147.jpg', 'Cannondale-Trail-SL-4-2011-2239-338-377x254.jpg', 'Cannondale-Trail-SL-4-2011-2239-338-850x570.jpg', 1, '2013-01-21 09:33:45'),
(339, 2240, 'Pride-Alice-2012-2240-339-106x77.jpg', 'Pride-Alice-2012-2240-339-218x147.jpg', 'Pride-Alice-2012-2240-339-377x254.jpg', 'Pride-Alice-2012-2240-339-850x570.jpg', 1, '2013-01-22 02:03:56'),
(340, 2241, 'Pride-Arthur-2012-2241-340-106x77.jpg', 'Pride-Arthur-2012-2241-340-218x147.jpg', 'Pride-Arthur-2012-2241-340-377x254.jpg', 'Pride-Arthur-2012-2241-340-850x570.jpg', 1, '2013-01-22 02:13:41'),
(341, 2241, 'Pride-Arthur-2012-2241-341-86x60.jpg', 'Pride-Arthur-2012-2241-341-215x215.jpg', 'Pride-Arthur-2012-2241-341-474x474.jpg', 'Pride-Arthur-2012-2241-341-850x570.jpg', 2, '2013-01-22 02:14:04'),
(342, 2242, 'Pride-Flash-2012-2242-342-106x77.jpg', 'Pride-Flash-2012-2242-342-218x147.jpg', 'Pride-Flash-2012-2242-342-377x254.jpg', 'Pride-Flash-2012-2242-342-850x570.jpg', 1, '2013-01-22 02:23:31'),
(343, 2242, 'Pride-Flash-2012-2242-343-86x60.jpg', 'Pride-Flash-2012-2242-343-215x215.jpg', 'Pride-Flash-2012-2242-343-474x474.jpg', 'Pride-Flash-2012-2242-343-850x570.jpg', 2, '2013-01-22 02:23:48'),
(344, 2243, 'Pride-Kelly-2012-2243-344-106x77.jpg', 'Pride-Kelly-2012-2243-344-218x147.jpg', 'Pride-Kelly-2012-2243-344-377x254.jpg', 'Pride-Kelly-2012-2243-344-850x570.jpg', 1, '2013-01-22 02:29:56'),
(345, 2244, 'Pride-Jack-6-2012-2244-345-106x77.jpg', 'Pride-Jack-6-2012-2244-345-218x147.jpg', 'Pride-Jack-6-2012-2244-345-377x254.jpg', 'Pride-Jack-6-2012-2244-345-850x570.jpg', 1, '2013-01-22 02:37:45'),
(346, 2245, 'Pride-Bianca-2012-2245-346-106x77.jpg', 'Pride-Bianca-2012-2245-346-218x147.jpg', 'Pride-Bianca-2012-2245-346-377x254.jpg', 'Pride-Bianca-2012-2245-346-850x570.jpg', 1, '2013-01-22 02:49:03'),
(347, 2246, 'Pride-XC-26-Disc-2012-2246-347-106x77.jpg', 'Pride-XC-26-Disc-2012-2246-347-218x147.jpg', 'Pride-XC-26-Disc-2012-2246-347-377x254.jpg', 'Pride-XC-26-Disc-2012-2246-347-850x570.jpg', 1, '2013-01-22 03:03:29'),
(348, 2246, 'Pride-XC-26-Disc-2012-2246-348-86x60.jpg', 'Pride-XC-26-Disc-2012-2246-348-215x215.jpg', 'Pride-XC-26-Disc-2012-2246-348-474x474.jpg', 'Pride-XC-26-Disc-2012-2246-348-850x570.jpg', 2, '2013-01-22 03:03:45'),
(349, 2247, 'Pride-XC-26-2012-2247-349-106x77.jpg', 'Pride-XC-26-2012-2247-349-218x147.jpg', 'Pride-XC-26-2012-2247-349-377x254.jpg', 'Pride-XC-26-2012-2247-349-850x570.jpg', 1, '2013-01-22 03:12:24'),
(350, 2247, 'Pride-XC-26-2012-2247-350-86x60.jpg', 'Pride-XC-26-2012-2247-350-215x215.jpg', 'Pride-XC-26-2012-2247-350-474x474.jpg', 'Pride-XC-26-2012-2247-350-850x570.jpg', 2, '2013-01-22 03:12:40'),
(364, 2248, 'Pride-Brave-2012-2248-364-86x60.jpg', 'Pride-Brave-2012-2248-364-215x215.jpg', 'Pride-Brave-2012-2248-364-474x474.jpg', 'Pride-Brave-2012-2248-364-850x570.jpg', 2, '2013-01-22 05:51:29'),
(363, 2248, 'Pride-Brave-2012-2248-363-106x77.jpg', 'Pride-Brave-2012-2248-363-218x147.jpg', 'Pride-Brave-2012-2248-363-377x254.jpg', 'Pride-Brave-2012-2248-363-850x570.jpg', 1, '2013-01-22 05:51:04'),
(367, 2249, 'Pride-Jack-2013-2249-367-86x60.jpg', 'Pride-Jack-2013-2249-367-215x215.jpg', 'Pride-Jack-2013-2249-367-474x474.jpg', 'Pride-Jack-2013-2249-367-850x570.jpg', 2, '2013-01-22 06:15:30'),
(366, 2249, 'Pride-Jack-2013-2249-366-106x77.jpg', 'Pride-Jack-2013-2249-366-218x147.jpg', 'Pride-Jack-2013-2249-366-377x254.jpg', 'Pride-Jack-2013-2249-366-850x570.jpg', 1, '2013-01-22 06:15:09'),
(369, 2250, 'Pride-Lanny-2012-2250-369-86x60.jpg', 'Pride-Lanny-2012-2250-369-215x215.jpg', 'Pride-Lanny-2012-2250-369-474x474.jpg', 'Pride-Lanny-2012-2250-369-850x570.jpg', 2, '2013-01-22 06:26:30'),
(368, 2250, 'Pride-Lanny-2012-2250-368-106x77.jpg', 'Pride-Lanny-2012-2250-368-218x147.jpg', 'Pride-Lanny-2012-2250-368-377x254.jpg', 'Pride-Lanny-2012-2250-368-850x570.jpg', 1, '2013-01-22 06:26:06'),
(370, 2251, 'Pride-Pilot-2013-2251-370-106x77.jpg', 'Pride-Pilot-2013-2251-370-218x147.jpg', 'Pride-Pilot-2013-2251-370-377x254.jpg', 'Pride-Pilot-2013-2251-370-850x570.jpg', 1, '2013-01-22 06:33:00'),
(371, 2252, 'Pride-Sandy-2013-2252-371-106x77.jpg', 'Pride-Sandy-2013-2252-371-218x147.jpg', 'Pride-Sandy-2013-2252-371-377x254.jpg', 'Pride-Sandy-2013-2252-371-850x570.jpg', 1, '2013-01-22 06:40:18'),
(359, 2253, 'Pride-XC-350-2012-2253-359-106x77.jpg', 'Pride-XC-350-2012-2253-359-218x147.jpg', 'Pride-XC-350-2012-2253-359-377x254.jpg', 'Pride-XC-350-2012-2253-359-850x570.jpg', 1, '2013-01-22 05:14:04'),
(360, 2253, 'Pride-XC-350-2012-2253-360-86x60.jpg', 'Pride-XC-350-2012-2253-360-215x215.jpg', 'Pride-XC-350-2012-2253-360-474x474.jpg', 'Pride-XC-350-2012-2253-360-850x570.jpg', 2, '2013-01-22 05:14:23'),
(361, 2254, 'Pride-XC-400-2012-2254-361-106x77.jpg', 'Pride-XC-400-2012-2254-361-218x147.jpg', 'Pride-XC-400-2012-2254-361-377x254.jpg', 'Pride-XC-400-2012-2254-361-850x570.jpg', 1, '2013-01-22 05:25:43'),
(362, 2255, 'Pride-XC-400-29er-2012-2255-362-106x77.jpg', 'Pride-XC-400-29er-2012-2255-362-218x147.jpg', 'Pride-XC-400-29er-2012-2255-362-377x254.jpg', 'Pride-XC-400-29er-2012-2255-362-850x570.jpg', 1, '2013-01-22 05:39:04'),
(365, 2256, 'Pride-Flash-2013-2256-365-106x77.jpg', 'Pride-Flash-2013-2256-365-218x147.jpg', 'Pride-Flash-2013-2256-365-377x254.jpg', 'Pride-Flash-2013-2256-365-850x570.jpg', 1, '2013-01-22 06:02:18'),
(372, 2252, 'Pride-Sandy-2013-2252-372-86x60.jpg', 'Pride-Sandy-2013-2252-372-215x215.jpg', 'Pride-Sandy-2013-2252-372-474x474.jpg', 'Pride-Sandy-2013-2252-372-850x570.jpg', 2, '2013-01-22 06:40:41'),
(373, 2256, 'Pride-Flash-2013-2256-373-86x60.jpg', 'Pride-Flash-2013-2256-373-215x215.jpg', 'Pride-Flash-2013-2256-373-474x474.jpg', 'Pride-Flash-2013-2256-373-850x570.jpg', 2, '2013-01-22 06:43:10'),
(374, 2257, 'Pride-Johnny-6-2013-2257-374-106x77.jpg', 'Pride-Johnny-6-2013-2257-374-218x147.jpg', 'Pride-Johnny-6-2013-2257-374-377x254.jpg', 'Pride-Johnny-6-2013-2257-374-850x570.jpg', 1, '2013-01-22 06:50:32'),
(375, 2258, 'Pride-Angel-2013-2258-375-106x77.jpg', 'Pride-Angel-2013-2258-375-218x147.jpg', 'Pride-Angel-2013-2258-375-377x254.jpg', 'Pride-Angel-2013-2258-375-850x570.jpg', 1, '2013-01-22 06:55:08'),
(376, 2259, 'Pride-Comfort-2012-2259-376-106x77.jpg', 'Pride-Comfort-2012-2259-376-218x147.jpg', 'Pride-Comfort-2012-2259-376-377x254.jpg', 'Pride-Comfort-2012-2259-376-850x570.jpg', 1, '2013-01-22 07:04:03');

-- --------------------------------------------------------

--
-- Структура таблицы `catalog_product_image_translation`
--

DROP TABLE IF EXISTS `catalog_product_image_translation`;
CREATE TABLE IF NOT EXISTS `catalog_product_image_translation` (
  `image_id` int(11) NOT NULL,
  `language_code` varchar(2) NOT NULL,
  `title` varchar(1024) NOT NULL,
  UNIQUE KEY `image_id` (`image_id`,`language_code`)
) ENGINE=MyISAM DEFAULT CHARSET=utf8;

--
-- Дамп данных таблицы `catalog_product_image_translation`
--

INSERT INTO `catalog_product_image_translation` (`image_id`, `language_code`, `title`) VALUES
(1, 'ru', 'Gary Fisher Wahoo'),
(2, 'ru', 'Gary Fisher Wahoo'),
(3, 'ru', 'Trek 3500'),
(4, 'ru', 'Trek 3500 black green'),
(5, 'ru', 'Trek 3500 DISC 2013'),
(6, 'ru', 'Trek 3500 DISC 2013'),
(7, 'ru', 'Trek 3500 DISC 2013'),
(8, 'ru', 'Trek 2013 3700 Disc'),
(9, 'ru', 'Trek 2013 3700 Disc  серый'),
(10, 'ru', 'Trek 2012 3700'),
(11, 'ru', 'Trek 2012 4300'),
(12, 'ru', 'Trek 2012 4300 Disc'),
(13, 'ru', 'Trek 2012 4500 Disc черный металлик'),
(14, 'ru', 'Trek 2012 4500 Disc  черно-зеленый'),
(15, 'ru', 'Trek 2012 4900 Disc белый'),
(16, 'ru', 'Trek 2012 4900 Disc  черный'),
(17, 'ru', 'Trek 2012 4900 Disc проф'),
(18, 'ru', 'Trek 2012 6000 синий'),
(19, 'ru', 'Trek 2012 6000 черный'),
(20, 'ru', 'Trek 2012 MT 220 Boys'),
(21, 'ru', 'Trek 2012 Mystic 20'),
(22, 'ru', 'Trek 2012 Mystic 20 синий'),
(23, 'ru', 'Втулка Disk 2SB БЕЛАЯ -36H KT-SR6R (Зад)  Дисковая БЕЛАЯ'),
(24, 'ru', 'Втулка Disk 2SB БЕЛАЯ. -36H KT-SR6F (Пер)  Дисковая БЕЛАЯ'),
(25, 'ru', 'Втулка Disk 2 прома -32H KT-SR6R (Зад)  Дисковая ЧЕРНАЯ'),
(26, 'ru', 'Втулка Disk 2 прома -36H KT-SR6F (Перед) Дисковая ЧЕРНАЯ'),
(27, 'ru', 'Втулка Disk-20мм KT-TW2F 32H'),
(28, 'ru', 'Втулка FireEye Excelerant F520 белая 32 спицы'),
(29, 'ru', 'Втулка FireEye Excelerant F520 белая 36 спиц'),
(30, 'ru', 'Втулка FireEye Excelerant F520 белая 36 спиц'),
(31, 'ru', 'Втулка FireEye Excelerant RS10 черная 32'),
(32, 'ru', 'Втулка KT-C99F (Пер) 2SB -36H  пром-подшипник, на 36 спиц.'),
(33, 'ru', 'Втулка KT-CT1R (Зад) 2SB -36H, пром-подшипник, Зад. под кассету, на 36 спиц.'),
(34, 'ru', 'втулка MTB X-9 6B Disc зад 32H 135 9mm'),
(35, 'ru', 'втулка MTB X-9 6B Disc пер 32H 100 9mm'),
(36, 'ru', 'втулка MTB X-9 6B Disc пер 32H20x110'),
(37, 'ru', 'Втулка MTB задняя AtomLab 10мм'),
(38, 'ru', 'Trek 2013 3500 Disc синий'),
(39, 'ru', 'Trek 2013 3500 Disc черное зеленый'),
(40, 'ru', 'Trek 2013 3500 Disc'),
(41, 'ru', 'Trek 2013 3700 серый'),
(42, 'ru', 'Trek 2013 3700 черный'),
(43, 'ru', 'Trek 2013 3900 серый'),
(44, 'ru', 'Trek 2013 3900 черный'),
(45, 'ru', 'Trek 2013 3900 Disc'),
(46, 'ru', 'Trek 2013 4300 Disc'),
(47, 'ru', 'Trek 2013 Cobia'),
(48, 'ru', 'Trek 2013 Marlin'),
(49, 'ru', 'Trek 2013 Jet 16 синий'),
(50, 'ru', 'Trek 2013 Jet 16 черный'),
(51, 'ru', 'Trek 2013 MT 220 Boys'),
(52, 'ru', 'Trek 2013 MT 220 Girls'),
(53, 'ru', 'Trek 2013 Mystic 16'),
(54, 'ru', 'Trek 2013 Skye'),
(55, 'ru', 'Trek 2013 Skye S зеленый'),
(56, 'ru', 'Trek 2013 Skye S черный'),
(57, 'ru', 'Trek 2013 Skye SL'),
(58, 'ru', 'Merida Dakar 620 (2012)'),
(59, 'ru', 'Merida Juliet 10-V (2012)'),
(60, 'ru', 'Втулка QUANDO BMX - KT-D1-TF (Пер) 36H А'),
(61, 'ru', 'Втулка TATU-BIKE задн. 32H шоссе красная'),
(62, 'ru', 'Втулка TATU-BIKE задн.ВМХ 36н 4\r\nпром.подш.черная 524g ось 14мм 9T\r\nDrive Unit'),
(63, 'ru', 'Втулка TATU-BIKE задн.ВМХ 48н\r\nчерная 58'),
(64, 'ru', 'Втулка TATU-BIKE задн.диск 36н 4\r\nпром.подш.DH 12х150 черная 451g'),
(65, 'ru', 'Втулка TATU-BIKE задн.диск 36н 4\r\nпром.подш.золотистая 491g'),
(66, 'ru', 'Втулка TATU-BIKE задн.диск 36н 4\r\nпром.подш.красная 491g'),
(67, 'ru', 'Втулка TATU-BIKE задн.диск 36н SINGLE\r\nS'),
(68, 'ru', 'TATU-BIKE задн.ВМХ 48н черная 58'),
(69, 'ru', 'Втулка TATU-BIKE передн.диск 32н 2\r\nпром.подш.золотистая 141g\r\nоблегченная'),
(70, 'ru', 'Втулка TATU-BIKE передн.диск 32н\r\n20мм 2 пром.подш.белая 215g'),
(71, 'ru', 'Втулка TATU-BIKE передн.диск 32н\r\n20мм 2 пром.подш.черная 215g'),
(72, 'ru', 'Втулка TATU-BIKE передн.диск 36н 2\r\nпром.подш.красная 213g'),
(73, 'ru', 'Втулка TATU-BIKE передн.диск 36н 2\r\nпром.подш.черная 213g'),
(74, 'ru', 'Втулка TATU-BIKE передн.диск 36н\r\n20мм 2 пром.подш.золотистая 215g'),
(75, 'ru', 'Втулка TATU-BIKE передн.диск 36н\r\n20мм 2 пром.подш.красная 215g'),
(76, 'ru', 'Втулка TATU-BIKE передн.диск 36н\r\n20мм 2 пром.подш.черная 215g'),
(77, 'ru', 'Втулка TATU-BIKE передн.диск 36н\r\nбелая'),
(78, 'ru', 'Втулка задн FH-M770 XT 32сп, серебр'),
(79, 'ru', 'Втулка задн. Shimano FH-M600 Hone 32H'),
(80, 'ru', 'Втулка задн. TATU-BIKE MTB алю.32h\r\nчерн.касетн. 8-9зв'),
(81, 'ru', 'Втулка задн. TATU-BIKE диск.алю.32h\r\nчерн.эксцентрик 453g 8-9зв'),
(82, 'ru', 'Втулка задн. X17 BMX Dual алюм.'),
(83, 'ru', 'Втулка задняя CHOSEN ВМХ,48 спиц ,промы'),
(84, 'ru', 'Втулка задняя Formula DC22LW 32 спицы, черная, под диск 6 болтов'),
(85, 'ru', 'Втулка задняя Formula DC22LW 36 спиц, черная, под диск 6 болтов'),
(86, 'ru', 'Втулка задняя Formula OV32'),
(87, 'ru', 'Втулка перед. BMX алю.48h\r\n14mm 425g'),
(88, 'ru', 'Втулка перед. TATU-BIKE\r\nдиск.алю.32h черн.эксцентрик 251g'),
(89, 'ru', 'Втулка перед. TATU-BIKE\r\nдиск.алю.36h черн.22151136'),
(90, 'ru', 'Втулка передн. HB-M495. 36сп,  диск'),
(91, 'ru', 'Втулка передн HB-M525 Deore,  диск'),
(92, 'ru', 'Втулка передн HB-M801 Saint. 36сп,'),
(93, 'ru', 'Втулка передн HB-RM65. 36сп, диск'),
(94, 'ru', 'Втулка передн НВ-M770 XT 32сп, серебр'),
(95, 'ru', 'Втулка передн НВ-RM40, 36сп, черн'),
(96, 'ru', 'Втулка передн. Shimano HB-M600 Hone 36от'),
(97, 'ru', 'Втулка передн. X17 BMX алюм. на пром.под'),
(98, 'ru', 'Втулка передн. X17 DH алюм. под Disk, под 20мм ось, пром.подшипн. 32отв. черн.'),
(99, 'ru', 'Втулка передн. X17 BMX алюм. на пром.под'),
(100, 'ru', 'Втулка передняя CHOSEN A2023BN для ВМХ,'),
(101, 'ru', 'Втулка передняя Formula Centerlock XDH51'),
(102, 'ru', 'Втулка передняя Formula CL21 32 спицы'),
(103, 'ru', 'Втулка передняя Formula DC20 LW 32,36 спицы, черная, под диск 6 болтов'),
(104, 'ru', 'Merida Juliet 20-V (2012)'),
(105, 'ru', 'Merida Matts 15-V (2012)'),
(106, 'ru', 'Merida Matts 20-V (2012)'),
(107, 'ru', 'Merida Matts TFS 100-D (2012)'),
(108, 'ru', 'Merida Matts TFS 100-V (2012) Titanium'),
(109, 'ru', 'Merida Matts TFS 100-V (2012) White'),
(110, 'ru', 'Merida Matts TFS 300-D (2012) black'),
(111, 'ru', 'Merida Matts TFS 300-D (2012)  white'),
(112, 'ru', 'Merida Matts TFS 300-D (2012) серый'),
(113, 'ru', 'Merida Matts TFS 900-D (2012)'),
(114, 'ru', 'Merida Crossway 20-V (2012)'),
(115, 'ru', 'Merida MATTS 10 (2013)'),
(116, 'ru', 'Merida MATTS 20-V (2013)'),
(117, 'ru', 'Merida MATTS 20-MD (2013)'),
(118, 'ru', 'Merida Matts 40-D 2013 WHITE (BLACK/GREEN)'),
(119, 'ru', 'Merida Matts 40-D 2013 SILK BLACK (ANTHRACITE/MANGO)'),
(120, 'ru', 'Merida MATTS 70 (2013) MATT ANTHRACITE (WHITE/BLUE)'),
(121, 'ru', 'Merida MATTS TFS 100 (2013)  MATT ANTHRACITE (WHITE)'),
(122, 'ru', 'Merida JULIET 10 (2013) WHITE (BLACK/LIGHT BLUE)'),
(123, 'ru', 'Merida Crossway 20-V 2013'),
(124, 'ru', 'Merida CROSSWAY 100 (2013)'),
(125, 'ru', 'Merida Dakar 624 (2013)'),
(126, 'ru', 'Merida DAKAR 620 GIRL (2013)'),
(127, 'ru', 'Merida DAKAR 620 BOY (2013)'),
(128, 'ru', 'Merida Race Lite 900 (2013)'),
(129, 'ru', 'CUBE AIM 26 (2013)'),
(130, 'ru', 'Cube Aim 29 (2013)'),
(131, 'ru', 'Cube Aim Disc 26 (2013)'),
(132, 'ru', 'Защита FOX Revert Knee Guards Black L/XL'),
(133, 'ru', 'Защита голени VIGGGIE SHIN GUARD M'),
(134, 'ru', 'Защита голень-колено COMP KNEE WHITE L'),
(135, 'ru', 'Защита голень-колено PRO KNEE/SHIN GUARD LG , SM'),
(136, 'ru', 'Защита голень-колено COMP KNEE WHITE L, M , S .'),
(137, 'ru', 'Защита голень-колено RACE KNEE SHIN LIME/GRAY L, M'),
(138, 'ru', 'Защита голень-колено RACELITE LG,MD'),
(139, 'ru', 'Защита голень-колено RACELITE LG,MD'),
(140, 'ru', 'Защита голень-колено RACELITE LG,MD'),
(141, 'ru', 'Защита колена + голень Черепаха-2'),
(142, 'ru', 'Защита колена + голень Черепаха-2'),
(143, 'ru', 'Защита колено-голень Lizard Skins L/XL'),
(144, 'ru', 'Защита голень-колено COMP KNEE WHITE L, M , S .'),
(145, 'ru', 'Защита голень-колено COMP KNEE WHITE L, M , S .'),
(146, 'ru', 'Защита голень-колено COMP KNEE WHITE L, M , S .'),
(147, 'ru', 'Защита голени VIGGGIE SHIN GUARD M'),
(148, 'ru', 'Защита голень-колено RACELITE LG'),
(149, 'ru', 'Защита голень-колено RACELITE LG'),
(150, 'ru', 'Защита колена + голень Черепаха-2'),
(151, 'ru', 'Защита колена + голень Черепаха-2'),
(152, 'ru', 'Защита колена + голень Черепаха-2'),
(153, 'ru', 'Защита колена + голень Черепаха-2'),
(154, 'ru', 'Защита колена + голень Черепаха-2'),
(155, 'ru', 'Защита колено-голень Lizard Skins L/XL'),
(156, 'ru', 'Втулка передняя Formula CL21 32 спицы и 36 спицы'),
(157, 'ru', 'Втулка передняя Formula CL21 32 спицы и 36 спицы'),
(158, 'ru', 'Втулка передняя Formula CL21 32 спицы и 36 спицы'),
(159, 'ru', 'Втулка передняя Formula CL21 32 спицы и 36 спицы'),
(160, 'ru', 'Втулка передняя Formula CL21 32 спицы и 36 спицы'),
(161, 'ru', 'Втулка передняя Formula CL21 32 спицы и 36 спицы'),
(162, 'ru', 'Втулка TATU-BIKE задн.ВМХ 36н 4 пром.подш.черная 524g ось 14мм 9T Drive Unit'),
(163, 'ru', 'Втулка TATU-BIKE передн.диск 36н белая'),
(164, 'ru', 'Втулка TATU-BIKE передн.диск 36н белая'),
(165, 'ru', 'Втулка TATU-BIKE передн.диск 36н 20мм 2 пром.подш.красная 215g'),
(166, 'ru', 'Втулка TATU-BIKE передн.диск 36н 20мм 2 пром.подш.красная 215g'),
(167, 'ru', 'Втулка TATU-BIKE передн.диск 36н 20мм 2 пром.подш.красная 215g'),
(168, 'ru', 'Втулка TATU-BIKE передн.диск 36н 20мм 2 пром.подш.красная 215g'),
(169, 'ru', 'Втулка TATU-BIKE передн.диск 36н 20мм 2 пром.подш.красная 215g'),
(170, 'ru', 'Втулка передн. X17 BMX алюм. на пром.'),
(171, 'ru', 'Втулка передн. X17 BMX алюм. на пром.'),
(172, 'ru', 'Втулка задн FH-M770 XT 32сп, серебр'),
(173, 'ru', 'Втулка передн НВ-M770 XT 32сп, серебр'),
(174, 'ru', 'Втулка передн НВ-M770 XT 32сп, серебр'),
(175, 'ru', 'Втулка передн НВ-M770 XT 32сп, серебр'),
(176, 'ru', 'Втулка передн НВ-RM40, 36сп, черн'),
(177, 'ru', 'Втулка передн НВ-RM40, 36сп, черн'),
(178, 'ru', 'Втулка передн НВ-M770 XT 32сп, серебр'),
(179, 'ru', 'Втулка передн НВ-RM40, 36сп, черн'),
(180, 'ru', 'Втулка передн НВ-RM40, 36сп, черн'),
(181, 'ru', 'Втулка передн НВ-M770 XT 32сп, серебро'),
(182, 'ru', 'Втулка задн. Shimano FH-M600 Hone 32H'),
(183, 'ru', 'Втулка передн. X17 BMX алюм. на пром.'),
(184, 'ru', 'Втулка передн. X17 BMX алюм. на пром.'),
(185, 'ru', 'Втулка передн. X17 BMX алюм. на пром.'),
(186, 'ru', 'Втулка передн. X17 BMX алюм. на пром.'),
(187, 'ru', 'Втулка передн. X17 BMX алюм. на пром.'),
(188, 'ru', 'Втулка передн. X17 BMX алюм. на пром.'),
(189, 'ru', 'Втулка передн. X17 BMX алюм. на пром.'),
(190, 'ru', 'Втулка передн. X17 BMX алюм. на пром.'),
(191, 'ru', 'Втулка передн. X17 BMX алюм. на пром.'),
(192, 'ru', 'Втулка передн. X17 DH алюм. под Disk, 9м'),
(193, 'ru', 'MTB X-9 6B Disc пер 32H 100 9mm'),
(194, 'ru', 'Втулка TATU-BIKE передн.диск 36н 20мм 2 пром.подш.черная 215g'),
(195, 'ru', 'Втулка TATU-BIKE передн.диск 36н 20мм 2 пром.подш.красная 215g'),
(196, 'ru', 'Втулка TATU-BIKE передн.диск 36н 20мм 2 пром.подш.черная 215g'),
(197, 'ru', 'Втулка TATU-BIKE передн.диск 32н 2 пром.подш.золотистая 141g облегченная'),
(198, 'ru', 'Втулка TATU-BIKE передн.диск 36н белая'),
(199, 'ru', 'Втулка TATU-BIKE передн.диск 36н белая'),
(200, 'ru', 'Втулка TATU-BIKE передн.диск 36н белая'),
(201, 'ru', 'Втулка TATU-BIKE передн.диск 32н 20мм 2 пром.подш.белая 215g'),
(202, 'ru', 'Втулка передн. HB-M495. 36сп, диск'),
(203, 'ru', 'втулка MTB X-9 6B Disc зад 32H 135 9mm'),
(204, 'ru', 'Втулка задн. TATU-BIKE диск.алю.32h черн.эксцентрик 453g 8-9зв'),
(205, 'ru', 'Втулка задн. TATU-BIKE диск.алю.32h черн.эксцентрик 453g 8-9зв'),
(206, 'ru', 'Втулка задн. TATU-BIKE диск.алю.32h черн.эксцентрик 453g 8-9зв'),
(207, 'ru', 'Втулка задн. TATU-BIKE диск.алю.32h черн.эксцентрик 453g 8-9зв'),
(208, 'ru', 'Втулка задн. TATU-BIKE диск.алю.32h черн.эксцентрик 453g 8-9зв'),
(209, 'ru', 'Втулка TATU-BIKE задн. 32H шоссе красная'),
(210, 'ru', 'Втулка TATU-BIKE передн.диск 32, 36н 20мм 2 пром.подш.черная 215g'),
(211, 'ru', 'Налокотники COMP ELBOW WHITE M'),
(212, 'ru', 'Налокотники COMP ELBOW WHITE M'),
(213, 'ru', 'Налокотники COMP ELBOW WHITE M'),
(214, 'ru', 'Налокотники COMP ELBOW WHITE M'),
(215, 'ru', 'Налокотники COMP ELBOW WHITE M'),
(216, 'ru', 'Наколенники Barbieri Coolmax Nero ABB/GA'),
(217, 'ru', 'Наколенники Barbieri Coolmax Nero ABB/GA'),
(218, 'ru', 'Наколенники Barbieri Coolmax Nero ABB/GA'),
(219, 'ru', 'Наколенники Barbieri Coolmax Nero ABB/GA'),
(220, 'ru', 'Cube Aim Disc 29 grey´n´green 2013'),
(221, 'ru', 'Cube Aim Disc 29 red´n´black 2013'),
(222, 'ru', 'Cube Analog 26 blue´n´white 2013'),
(223, 'ru', 'Cube Analog 26 grey´n´white 2013'),
(224, 'ru', 'Cube Analog 29 black´n´white 2013'),
(225, 'ru', 'Cube Analog 29 blue´n´red 2013'),
(226, 'ru', 'Cube Attention 26 black´n´green 2013'),
(227, 'ru', 'Cube Attention 29 black´n´grey 2013'),
(228, 'ru', 'Cube Acid 26 grey´n´blue 2013'),
(229, 'ru', 'black´n´white'),
(230, 'ru', 'grey´n´flashred'),
(231, 'ru', 'Cube LTD 26 black anodized 2013'),
(232, 'ru', '''Cube LTD 29 black anodized 2013'),
(233, 'ru', 'Втулка BMX  Алюм KT-M18F (пер) 36H'),
(234, 'ru', 'Cube LTD Pro 26 grey´n´red 2013'),
(235, 'ru', 'Втулка BMX  Драйвер 4SB KT-M9R 36H(9Т) 14мм'),
(236, 'ru', 'Cube LTD Pro 29 black anodized 2013'),
(237, 'ru', 'Втулка TATU-BIKE передн.диск 36н\r\nбелая 250g'),
(238, 'ru', '''Cube LTD Race 26 black anodized 2013'),
(239, 'ru', 'Втулка Ventura тормозная 20 отв.'),
(240, 'ru', 'Втулка перед. TATU-BIKE\r\nдиск.алю.36h черн.эксц.фрезер'),
(241, 'ru', 'Втулка передн. Onza Trial алюм. на гайка'),
(242, 'ru', 'Cube LTD Race 29 grey´n´green 2013'),
(243, 'ru', 'Втулка передн. Quando BMX алюм. на пром.'),
(244, 'ru', 'Cube LTD SL 29 black anodized 2013'),
(245, 'ru', 'Втулка DK macho перед. ВМХ алю.48н'),
(246, 'ru', 'Втулка BMX  Алюм KT-M18F (пер) 36H'),
(247, 'ru', 'Втулка TATU-BIKE перед.диск.алю.32h черн.эксцент.'),
(248, 'ru', 'Защита колено-голень Lizard Skins L/XL'),
(249, 'ru', 'Налокотники COMP ELBOW WHITE M'),
(250, 'ru', 'Защита колена + голень Черепаха-2'),
(251, 'ru', 'Защита голень-колено RACELITE LG'),
(252, 'ru', 'Защита голень-колено RACE KNEE SHIN LIME/GRAY L, M'),
(253, 'ru', 'Защита голень-колено PRO KNEE/SHIN GUARD LG , SM'),
(254, 'ru', 'Защита голень-колено COMP KNEE WHITE L, M , S'),
(255, 'ru', 'Защита голени VIGGGIE SHIN GUARD M'),
(256, 'ru', 'Защита FOX Revert Knee Guards Black L/XL'),
(257, 'ru', 'Barbieri Coolmax Nero ABB/GA'),
(258, 'ru', 'Cube Reaction GTC Pro 29 grey´n´blue 2013'),
(259, 'ru', 'Cube Reaction GTC Race 29 carbon´n´white 2013'),
(260, 'ru', 'Cube Reaction GTC SL 26 carbon´n´grey´n´white 2013'),
(261, 'ru', 'Cube Reaction GTC SL 29 blue´n´black 2013'),
(262, 'ru', 'Cube Access WLS white fading blue 2013'),
(263, 'ru', 'Cube Access WLS SL grey fading blue 2013'),
(264, 'ru', 'Cube Elite Super HPC 26 blackline 2013'),
(265, 'ru', 'Cube Delhi black grey black 2013'),
(266, 'ru', 'Cube Nature Pro blue´n´red 2013'),
(267, 'ru', 'Cube Nature grey blue print 2013'),
(268, 'ru', 'Cube Town black grey 2013'),
(269, 'ru', 'Cube Travel white black blue 2013'),
(270, 'ru', 'Cube Travel Pro black grey red 2013'),
(271, 'ru', 'Cube Touring black grey blue 2013'),
(272, 'ru', 'Cube Touring Pro grey silver white 2013'),
(273, 'ru', 'Cube LTD CLS Pro grey red print 2013'),
(274, 'ru', 'Cube Agree GTC 3-fach carbon´n´white´n´blue 2013'),
(275, 'ru', 'Cube XMS 120 grey´n´red 2013'),
(276, 'ru', 'Cube TWO 15 SL (2013)'),
(277, 'ru', 'Cube 260 WLS white`n`sea 2013'),
(278, 'ru', 'Cube 260 grey`n`mango 2013'),
(279, 'ru', 'blue´n´yellow'),
(280, 'ru', 'Cube Kid 240 Girl 2013'),
(281, 'ru', 'Cube Kid 240 Teamline 2013'),
(282, 'ru', 'Cube Kid 200 Teamline 2013'),
(283, 'ru', 'Cube Kid 200 Girl 2013'),
(284, 'ru', 'Cube Kid 200 black´n´green 2013'),
(285, 'ru', 'Cube Kid 160 Teamline 2013'),
(286, 'ru', 'Cube Kid 160 Girl 2013'),
(287, 'ru', 'Cube Access WLS Pro black fading white 2012 17"'),
(288, 'ru', 'Cube Acid grey n blue 2012'),
(289, 'ru', 'Cube Acid grey/n/green 2011'),
(290, 'ru', 'Cube Aim V-Brake white n red 2012'),
(291, 'ru', 'Cube Attention white n grey 2012'),
(292, 'ru', 'Cube Attention black n red 2012'),
(293, 'ru', 'Cube Cubie 120  2012 12"	1600,000'),
(294, 'ru', 'Cube Cubie 120 Boy 2013 12"'),
(295, 'ru', 'Cube LTD black anodized 2012'),
(296, 'ru', 'Cube Team Kid 160 Teamline 2012 16"'),
(297, 'ru', 'Cube Team kid 240 (2011)'),
(298, 'ru', 'Cube XMS black n grey n white 2012'),
(299, 'ru', 'Trek 2013 MT 220 Girls черный'),
(300, 'ru', 'Trek 2013 Mystic 16 розовый'),
(301, 'ru', 'фшь'),
(302, 'ru', 'Trek 2013 MT 220 Boys черно синий'),
(303, 'ru', 'Merida Matts 20-V (2012) black'),
(304, 'ru', 'Kellys VIPER 2.0 (2012)'),
(305, 'ru', 'Kellys VIPER 3.0 (2012)'),
(306, 'ru', 'Kellys VIPER 20 (2013) черный'),
(307, 'ru', 'Kellys VIPER 30 (2013)'),
(308, 'ru', 'Kellys VIPER 50 (2013)'),
(309, 'ru', 'Kellys VIPER 60 (2013)'),
(310, 'ru', 'Kellys NEOPRENE'),
(311, 'ru', 'Защита цепи SKS max. 46-48 зубьев, black'),
(312, 'ru', 'Защита рулевой Lizard Skins'),
(313, 'ru', 'Защита рамы от цепи Setlaz Protector'),
(314, 'ru', 'Защита рамы Lizard Skins Leather-Carbon'),
(315, 'ru', 'Защита рамы Exustar BCP02 от цепи, красн'),
(316, 'ru', 'Защита пера Lizard Skins Jumbo'),
(317, 'ru', 'защита на перо SCOTT NEOPREN REFLEX'),
(318, 'ru', 'Защита на нижнее перо рамы SKS неопрен'),
(319, 'ru', 'Trek 2012 3900 Disc'),
(320, 'ru', 'Trek 2012 3500 Disc'),
(321, 'ru', 'Trek 2013 4500 Disc  белый'),
(322, 'ru', 'Trek 2013 4500 Disc  черный'),
(323, 'ru', 'Trek 2013 4700 Disc  красный'),
(324, 'ru', 'Trek 2013 4700 Disc черный'),
(325, 'ru', 'Gary Fisher 2013 Mamba'),
(326, 'ru', 'Cannondale Trail 5 Feminine (2012) green'),
(327, 'ru', 'Cannondale Trail 5 Feminine (2012) black'),
(328, 'ru', 'Cannondale Trail 5 (2012)'),
(329, 'ru', 'Cannondale Trail 6 (2012)'),
(330, 'ru', 'Cannondale Trail SL4 (2012) white'),
(331, 'ru', 'Cannondale Trail SL4 (2012) silver'),
(332, 'ru', 'Cannondale Trail SL3 (2012) black'),
(333, 'ru', 'Cannondale Trail SL3 (2012) white'),
(334, 'ru', 'Cannondale Trail SL 1(2012) white'),
(335, 'ru', 'Cannondale Trail 6 Feminine (2012) white'),
(336, 'ru', 'Cannondale Trail 5 (2011)'),
(337, 'ru', 'Cannondale Trail 5 (2011)'),
(338, 'ru', 'Cannondale Trail SL4 (2011)'),
(339, 'ru', 'Pride Alice (2012)'),
(340, 'ru', 'Pride Arthur (2012) черный'),
(341, 'ru', 'Pride Arthur (2012) красный'),
(342, 'ru', 'Pride Flash (2012) синий'),
(343, 'ru', 'Pride Flash (2012) красный'),
(344, 'ru', 'Pride Kelly (2012)'),
(345, 'ru', 'Pride Jack 6 (2012)'),
(346, 'ru', 'Pride Bianca (2012)'),
(347, 'ru', 'Pride XC-26 Disc (2012) красный'),
(348, 'ru', 'Pride XC-26 Disc (2012) черный'),
(349, 'ru', 'Pride XC-26 (2012) черный'),
(350, 'ru', 'Pride XC-26 (2012) белый'),
(351, 'ru', 'Pride Brave (2012) черно красный'),
(352, 'ru', 'Pride Brave (2012) черно-зеленый'),
(353, 'ru', 'Pride Jack (2012) красный'),
(354, 'ru', 'Pride Jack (2012) черный'),
(355, 'ru', 'Pride Lanny (2012) розовый'),
(356, 'ru', 'Pride Lanny (2012) голубой'),
(357, 'ru', 'Pride Pilot (2012)'),
(358, 'ru', 'Pride Sandy (2012)'),
(359, 'ru', 'Pride XC-350 (2012) белый'),
(360, 'ru', 'Pride XC-350 (2012) черный'),
(361, 'ru', 'Pride XC-400 (2012)'),
(362, 'ru', 'Pride XC-400 29er (2012)'),
(363, 'ru', 'Pride Brave (2013) черно голубой'),
(364, 'ru', 'Pride Brave (2013) черно оранжевый'),
(365, 'ru', 'Pride Flash (2013)'),
(366, 'ru', 'Pride Jack (2013) синий'),
(367, 'ru', 'Pride Jack (2013) черный'),
(368, 'ru', 'Pride Lanny (2013) pink'),
(369, 'ru', 'Pride Lanny (2013) green'),
(370, 'ru', 'Pride Pilot (2013)'),
(371, 'ru', 'Pride Sandy (2013) розовый'),
(372, 'ru', 'Pride Sandy (2013) белый'),
(373, 'ru', 'Pride Flash (2013) black'),
(374, 'ru', 'Pride Johnny 6 (2013)'),
(375, 'ru', 'Pride Angel (2013)'),
(376, 'ru', 'Pride Comfort (2012)');

-- --------------------------------------------------------

--
-- Структура таблицы `catalog_product_options`
--

DROP TABLE IF EXISTS `catalog_product_options`;
CREATE TABLE IF NOT EXISTS `catalog_product_options` (
  `option_id` mediumint(8) unsigned NOT NULL AUTO_INCREMENT,
  `product_id` mediumint(8) unsigned NOT NULL DEFAULT '0',
  `option_type` char(1) NOT NULL DEFAULT 'S',
  `regexp` varchar(255) NOT NULL DEFAULT '',
  `required` char(1) NOT NULL DEFAULT 'N',
  `status` char(1) NOT NULL DEFAULT 'A',
  `position` smallint(5) unsigned NOT NULL DEFAULT '0',
  `value` varchar(255) NOT NULL DEFAULT '',
  PRIMARY KEY (`option_id`),
  KEY `c_status` (`product_id`,`status`),
  KEY `position` (`position`)
) ENGINE=MyISAM  DEFAULT CHARSET=utf8 AUTO_INCREMENT=289 ;

--
-- Дамп данных таблицы `catalog_product_options`
--

INSERT INTO `catalog_product_options` (`option_id`, `product_id`, `option_type`, `regexp`, `required`, `status`, `position`, `value`) VALUES
(126, 2025, 'S', '', 'N', 'A', 4, ''),
(36, 2144, 'S', '', 'N', 'A', 7, ''),
(127, 2025, 'S', '', 'N', 'A', 0, ''),
(32, 2024, 'S', '', 'N', 'A', 1, ''),
(35, 2144, 'S', '', 'N', 'A', 0, ''),
(37, 2145, 'S', '', 'N', 'A', 0, ''),
(38, 2145, 'S', '', 'N', 'A', 1, ''),
(39, 2146, 'S', '', 'N', 'A', 0, ''),
(40, 2146, 'S', '', 'N', 'A', 1, ''),
(41, 2147, 'S', '', 'N', 'A', 0, ''),
(42, 2147, 'S', '', 'N', 'A', 1, ''),
(43, 2148, 'S', '', 'N', 'A', 1, ''),
(44, 2148, 'S', '', 'N', 'A', 0, ''),
(45, 2149, 'S', '', 'N', 'A', 1, ''),
(46, 2149, 'S', '', 'N', 'A', 0, ''),
(47, 2151, 'S', '', 'N', 'A', 1, ''),
(48, 2151, 'S', '', 'N', 'A', 0, ''),
(49, 2152, 'S', '', 'N', 'A', 1, ''),
(50, 2152, 'S', '', 'N', 'A', 0, ''),
(51, 2153, 'S', '', 'N', 'A', 1, ''),
(52, 2153, 'S', '', 'N', 'A', 0, ''),
(53, 2155, 'S', '', 'N', 'A', 1, ''),
(54, 2155, 'S', '', 'N', 'A', 0, ''),
(55, 2157, 'S', '', 'N', 'A', 1, ''),
(56, 2157, 'S', '', 'N', 'A', 0, ''),
(57, 2159, 'S', '', 'N', 'A', 1, ''),
(58, 2159, 'S', '', 'N', 'A', 0, ''),
(59, 2164, 'S', '', 'N', 'A', 0, ''),
(60, 2164, 'S', '', 'N', 'A', 4, ''),
(61, 2166, 'S', '', 'N', 'A', 2, ''),
(62, 2166, 'S', '', 'N', 'A', 0, ''),
(63, 2169, 'S', '', 'N', 'A', 1, ''),
(64, 2169, 'S', '', 'N', 'A', 0, ''),
(65, 2171, 'S', '', 'N', 'A', 2, ''),
(66, 2171, 'S', '', 'N', 'A', 0, ''),
(67, 2172, 'S', '', 'N', 'A', 3, ''),
(68, 2172, 'S', '', 'N', 'A', 0, ''),
(69, 2173, 'S', '', 'N', 'A', 6, ''),
(70, 2173, 'S', '', 'N', 'A', 0, ''),
(71, 2178, 'S', '', 'N', 'A', 3, ''),
(72, 2178, 'S', '', 'N', 'A', 0, ''),
(73, 2179, 'S', '', 'N', 'A', 4, ''),
(74, 2179, 'S', '', 'N', 'A', 0, ''),
(75, 2182, 'S', '', 'N', 'A', 2, ''),
(76, 2182, 'S', '', 'N', 'A', 0, ''),
(77, 2183, 'S', '', 'N', 'A', 3, ''),
(78, 2183, 'S', '', 'N', 'A', 0, ''),
(79, 2184, 'S', '', 'N', 'A', 4, ''),
(80, 2184, 'S', '', 'N', 'A', 0, ''),
(81, 2185, 'S', '', 'N', 'A', 3, ''),
(82, 2185, 'S', '', 'N', 'A', 0, ''),
(83, 2186, 'S', '', 'N', 'A', 4, ''),
(84, 2186, 'S', '', 'N', 'A', 0, ''),
(85, 2187, 'S', '', 'N', 'A', 2, ''),
(86, 2187, 'S', '', 'N', 'A', 0, ''),
(87, 2188, 'S', '', 'N', 'A', 2, ''),
(88, 2188, 'S', '', 'N', 'A', 0, ''),
(89, 2189, 'S', '', 'N', 'A', 0, ''),
(90, 2189, 'S', '', 'N', 'A', 3, ''),
(91, 2190, 'S', '', 'N', 'A', 2, ''),
(92, 2190, 'S', '', 'N', 'A', 0, ''),
(93, 2191, 'S', '', 'N', 'A', 3, ''),
(94, 2191, 'S', '', 'N', 'A', 0, ''),
(95, 2192, 'S', '', 'N', 'A', 2, ''),
(96, 2192, 'S', '', 'N', 'A', 0, ''),
(97, 2193, 'S', '', 'N', 'A', 2, ''),
(98, 2193, 'S', '', 'N', 'A', 0, ''),
(99, 2194, 'S', '', 'N', 'A', 3, ''),
(100, 2194, 'S', '', 'N', 'A', 0, ''),
(101, 2195, 'S', '', 'N', 'A', 3, ''),
(102, 2195, 'S', '', 'N', 'A', 0, ''),
(103, 2196, 'S', '', 'N', 'A', 34, ''),
(104, 2196, 'S', '', 'N', 'A', 0, ''),
(105, 2197, 'S', '', 'N', 'A', 0, ''),
(106, 2198, 'S', '', 'N', 'A', 0, ''),
(107, 2199, 'S', '', 'N', 'A', 0, ''),
(108, 2200, 'S', '', 'N', 'A', 3, ''),
(109, 2200, 'S', '', 'N', 'A', 0, ''),
(110, 2201, 'S', '', 'N', 'A', 3, ''),
(111, 2201, 'S', '', 'N', 'A', 0, ''),
(112, 2202, 'S', '', 'N', 'A', 1, ''),
(113, 2202, 'S', '', 'N', 'A', 0, ''),
(114, 2203, 'S', '', 'N', 'A', 65, ''),
(115, 2203, 'S', '', 'N', 'A', 0, ''),
(116, 2204, 'S', '', 'N', 'A', 3, ''),
(117, 2204, 'S', '', 'N', 'A', 6, ''),
(118, 2205, 'S', '', 'N', 'A', 2, ''),
(119, 2206, 'S', '', 'N', 'A', 0, ''),
(120, 2207, 'S', '', 'N', 'A', 6, ''),
(121, 2207, 'S', '', 'N', 'A', 0, ''),
(122, 2208, 'S', '', 'N', 'A', 0, ''),
(123, 2210, 'S', '', 'N', 'A', 5, ''),
(124, 2210, 'S', '', 'N', 'A', 0, ''),
(125, 2024, 'S', '', 'N', 'A', 0, ''),
(128, 2027, 'S', '', 'N', 'A', 4, ''),
(129, 2027, 'S', '', 'N', 'A', 0, ''),
(130, 2028, 'S', '', 'N', 'A', 5, ''),
(131, 2028, 'S', '', 'N', 'A', 0, ''),
(132, 2029, 'S', '', 'N', 'A', 4, ''),
(133, 2029, 'S', '', 'N', 'A', 0, ''),
(134, 2030, 'S', '', 'N', 'A', 3, ''),
(135, 2030, 'S', '', 'N', 'A', 0, ''),
(136, 2031, 'S', '', 'N', 'A', 4, ''),
(137, 2031, 'S', '', 'N', 'A', 0, ''),
(138, 2032, 'S', '', 'N', 'A', 6, ''),
(139, 2032, 'S', '', 'N', 'A', 0, ''),
(140, 2033, 'S', '', 'N', 'A', 6, ''),
(141, 2033, 'S', '', 'N', 'A', 0, ''),
(142, 2034, 'S', '', 'N', 'A', 6, ''),
(143, 2052, 'S', '', 'N', 'A', 4, ''),
(144, 2052, 'S', '', 'N', 'A', 0, ''),
(145, 2053, 'S', '', 'N', 'A', 3, ''),
(146, 2053, 'S', '', 'N', 'A', 0, ''),
(147, 2054, 'S', '', 'N', 'A', 4, ''),
(148, 2054, 'S', '', 'N', 'A', 0, ''),
(149, 2055, 'S', '', 'N', 'A', 4, ''),
(150, 2055, 'S', '', 'N', 'A', 0, ''),
(151, 2056, 'S', '', 'N', 'A', 5, ''),
(152, 2056, 'S', '', 'N', 'A', 0, ''),
(153, 2058, 'S', '', 'N', 'A', 4, ''),
(154, 2058, 'S', '', 'N', 'A', 0, ''),
(155, 2057, 'S', '', 'N', 'A', 5, ''),
(156, 2057, 'S', '', 'N', 'A', 0, ''),
(157, 2061, 'S', '', 'N', 'A', 0, ''),
(158, 2063, 'S', '', 'N', 'A', 4, ''),
(159, 2063, 'S', '', 'N', 'A', 0, ''),
(160, 2064, 'S', '', 'N', 'A', 4, ''),
(161, 2064, 'S', '', 'N', 'A', 0, ''),
(162, 2065, 'S', '', 'N', 'A', 3, ''),
(163, 2065, 'S', '', 'N', 'A', 0, ''),
(164, 2062, 'S', '', 'N', 'A', 4, ''),
(165, 2059, 'S', '', 'N', 'A', 0, ''),
(166, 2035, 'S', '', 'N', 'A', 0, ''),
(167, 2131, 'S', '', 'N', 'A', 3, ''),
(168, 2131, 'S', '', 'N', 'A', 0, ''),
(169, 2060, 'S', '', 'N', 'A', 0, ''),
(170, 2066, 'S', '', 'N', 'A', 4, ''),
(171, 2067, 'S', '', 'N', 'A', 3, ''),
(172, 2067, 'S', '', 'N', 'A', 0, ''),
(173, 2110, 'S', '', 'N', 'A', 3, ''),
(174, 2110, 'S', '', 'N', 'A', 0, ''),
(175, 2111, 'S', '', 'N', 'A', 4, ''),
(176, 2111, 'S', '', 'N', 'A', 0, ''),
(177, 2112, 'S', '', 'N', 'A', 4, ''),
(178, 2112, 'S', '', 'N', 'A', 0, ''),
(179, 2113, 'S', '', 'N', 'A', 3, ''),
(180, 2113, 'S', '', 'N', 'A', 0, ''),
(181, 2114, 'S', '', 'N', 'A', 5, ''),
(182, 2114, 'S', '', 'N', 'A', 0, ''),
(183, 2115, 'S', '', 'N', 'A', 1, ''),
(184, 2115, 'S', '', 'N', 'A', 0, ''),
(185, 2116, 'S', '', 'N', 'A', 0, ''),
(186, 2116, 'S', '', 'N', 'A', 0, ''),
(187, 2118, 'S', '', 'N', 'A', 0, ''),
(188, 2118, 'S', '', 'N', 'A', 0, ''),
(189, 2119, 'S', '', 'N', 'A', 0, ''),
(190, 2119, 'S', '', 'N', 'A', 0, ''),
(191, 2120, 'S', '', 'N', 'A', 0, ''),
(192, 2120, 'S', '', 'N', 'A', 0, ''),
(193, 2121, 'S', '', 'N', 'A', 0, ''),
(194, 2121, 'S', '', 'N', 'A', 0, ''),
(195, 2122, 'S', '', 'N', 'A', 0, ''),
(196, 2122, 'S', '', 'N', 'A', 0, ''),
(197, 2123, 'S', '', 'N', 'A', 0, ''),
(198, 2123, 'S', '', 'N', 'A', 0, ''),
(199, 2124, 'S', '', 'N', 'A', 0, ''),
(200, 2124, 'S', '', 'N', 'A', 0, ''),
(201, 2125, 'S', '', 'N', 'A', 0, ''),
(202, 2125, 'S', '', 'N', 'A', 0, ''),
(203, 2126, 'S', '', 'N', 'A', 0, ''),
(204, 2126, 'S', '', 'N', 'A', 0, ''),
(205, 2127, 'S', '', 'N', 'A', 0, ''),
(206, 2127, 'S', '', 'N', 'A', 0, ''),
(207, 2128, 'S', '', 'N', 'A', 0, ''),
(208, 2128, 'S', '', 'N', 'A', 0, ''),
(209, 2129, 'S', '', 'N', 'A', 0, ''),
(210, 2129, 'S', '', 'N', 'A', 0, ''),
(211, 2066, 'S', '', 'N', 'A', 0, ''),
(212, 2130, 'S', '', 'N', 'A', 0, ''),
(213, 2130, 'S', '', 'N', 'A', 0, ''),
(214, 2211, 'S', '', 'N', 'A', 0, ''),
(215, 2211, 'S', '', 'N', 'A', 0, ''),
(216, 2212, 'S', '', 'N', 'A', 0, ''),
(217, 2212, 'S', '', 'N', 'A', 0, ''),
(218, 2134, 'S', '', 'N', 'A', 0, ''),
(219, 2135, 'S', '', 'N', 'A', 0, ''),
(220, 2136, 'S', '', 'N', 'A', 0, ''),
(221, 2138, 'S', '', 'N', 'A', 0, ''),
(222, 2139, 'S', '', 'N', 'A', 0, ''),
(223, 2141, 'S', '', 'N', 'A', 0, ''),
(224, 2142, 'S', '', 'N', 'A', 0, ''),
(225, 2213, 'S', '', 'N', 'A', 0, ''),
(226, 2213, 'S', '', 'N', 'A', 0, ''),
(227, 2214, 'S', '', 'N', 'A', 0, ''),
(228, 2214, 'S', '', 'N', 'A', 0, ''),
(229, 2215, 'S', '', 'N', 'A', 0, ''),
(230, 2215, 'S', '', 'N', 'A', 0, ''),
(231, 2216, 'S', '', 'N', 'A', 0, ''),
(232, 2216, 'S', '', 'N', 'A', 0, ''),
(233, 2043, 'S', '', 'N', 'A', 0, ''),
(234, 2045, 'S', '', 'N', 'A', 0, ''),
(235, 2083, 'S', '', 'N', 'A', 0, ''),
(236, 2109, 'S', '', 'N', 'A', 0, ''),
(237, 2226, 'S', '', 'N', 'A', 0, ''),
(238, 2226, 'S', '', 'N', 'A', 0, ''),
(239, 2227, 'S', '', 'N', 'A', 0, ''),
(240, 2227, 'S', '', 'N', 'A', 0, ''),
(241, 2228, 'S', '', 'N', 'A', 0, ''),
(242, 2229, 'S', '', 'N', 'A', 0, ''),
(243, 2229, 'S', '', 'N', 'A', 0, ''),
(244, 2230, 'S', '', 'N', 'A', 0, ''),
(245, 2230, 'S', '', 'N', 'A', 0, ''),
(246, 2231, 'S', '', 'N', 'A', 0, ''),
(247, 2231, 'S', '', 'N', 'A', 0, ''),
(248, 2232, 'S', '', 'N', 'A', 0, ''),
(249, 2232, 'S', '', 'N', 'A', 0, ''),
(250, 2233, 'S', '', 'N', 'A', 0, ''),
(251, 2233, 'S', '', 'N', 'A', 0, ''),
(252, 2234, 'S', '', 'N', 'A', 0, ''),
(253, 2234, 'S', '', 'N', 'A', 0, ''),
(254, 2235, 'S', '', 'N', 'A', 0, ''),
(255, 2235, 'S', '', 'N', 'A', 0, ''),
(256, 2236, 'S', '', 'N', 'A', 0, ''),
(257, 2236, 'S', '', 'N', 'A', 0, ''),
(258, 2237, 'S', '', 'N', 'A', 0, ''),
(259, 2237, 'S', '', 'N', 'A', 0, ''),
(260, 2238, 'S', '', 'N', 'A', 0, ''),
(261, 2238, 'S', '', 'N', 'A', 0, ''),
(262, 2239, 'S', '', 'N', 'A', 0, ''),
(263, 2239, 'S', '', 'N', 'A', 0, ''),
(264, 2240, 'S', '', 'N', 'A', 0, ''),
(265, 2241, 'S', '', 'N', 'A', 0, ''),
(266, 2242, 'S', '', 'N', 'A', 0, ''),
(267, 2243, 'S', '', 'N', 'A', 0, ''),
(268, 2244, 'S', '', 'N', 'A', 0, ''),
(269, 2245, 'S', '', 'N', 'A', 0, ''),
(270, 2245, 'S', '', 'N', 'A', 0, ''),
(271, 2246, 'S', '', 'N', 'A', 0, ''),
(272, 2246, 'S', '', 'N', 'A', 0, ''),
(273, 2247, 'S', '', 'N', 'A', 0, ''),
(274, 2247, 'S', '', 'N', 'A', 0, ''),
(275, 2248, 'S', '', 'N', 'A', 0, ''),
(276, 2249, 'S', '', 'N', 'A', 0, ''),
(277, 2250, 'S', '', 'N', 'A', 0, ''),
(278, 2251, 'S', '', 'N', 'A', 0, ''),
(279, 2253, 'S', '', 'N', 'A', 0, ''),
(280, 2253, 'S', '', 'N', 'A', 0, ''),
(281, 2254, 'S', '', 'N', 'A', 0, ''),
(282, 2254, 'S', '', 'N', 'A', 0, ''),
(283, 2255, 'S', '', 'N', 'A', 0, ''),
(284, 2255, 'S', '', 'N', 'A', 0, ''),
(285, 2256, 'S', '', 'N', 'A', 0, ''),
(286, 2252, 'S', '', 'N', 'A', 0, ''),
(287, 2259, 'S', '', 'N', 'A', 0, ''),
(288, 2259, 'S', '', 'N', 'A', 0, '');

-- --------------------------------------------------------

--
-- Структура таблицы `catalog_product_options_translation`
--

DROP TABLE IF EXISTS `catalog_product_options_translation`;
CREATE TABLE IF NOT EXISTS `catalog_product_options_translation` (
  `option_id` mediumint(8) unsigned NOT NULL DEFAULT '0',
  `language_code` varchar(2) NOT NULL,
  `option_name` varchar(64) NOT NULL DEFAULT '',
  `description` mediumtext NOT NULL,
  PRIMARY KEY (`option_id`,`language_code`)
) ENGINE=MyISAM DEFAULT CHARSET=utf8;

--
-- Дамп данных таблицы `catalog_product_options_translation`
--

INSERT INTO `catalog_product_options_translation` (`option_id`, `language_code`, `option_name`, `description`) VALUES
(127, 'ru', 'Размер рамы', ''),
(126, 'ru', 'Цвет', ''),
(128, 'ru', 'Цвет', ''),
(129, 'ru', 'Размер рамы', ''),
(32, 'ru', 'Цвет', 'Цвет'),
(35, 'ru', 'Размер рамы', 'Размер рамы'),
(36, 'ru', 'Цвет', 'Цвет'),
(37, 'ru', 'Размер рамы', 'Размер рамы'),
(38, 'ru', 'Цвет', 'Цвет'),
(39, 'ru', 'Размер рамы', 'Размер рамы'),
(40, 'ru', 'Цвет', 'Цвет'),
(41, 'ru', 'Размер рамы', 'Размер рамы'),
(42, 'ru', 'Цвет', 'Цвет'),
(43, 'ru', 'Цвет', 'Цвет'),
(44, 'ru', 'Размер рамы', 'Размер рамы'),
(45, 'ru', 'Цвет', 'Цвет'),
(46, 'ru', 'Размер рамы', 'Размер рамы'),
(47, 'ru', 'Цвет', ''),
(48, 'ru', 'Размер рамы', ''),
(49, 'ru', 'Цвет', ''),
(50, 'ru', 'Размер рамы', ''),
(51, 'ru', 'Цвет', ''),
(52, 'ru', 'Размер рамы', ''),
(53, 'ru', 'Цвет', ''),
(54, 'ru', 'Размер рамы', ''),
(55, 'ru', 'Цвет', ''),
(56, 'ru', 'Размер рамы', ''),
(57, 'ru', 'Цвет', ''),
(58, 'ru', 'Размер рамы', ''),
(59, 'ru', 'Размер рамы', ''),
(60, 'ru', 'Цвет', ''),
(61, 'ru', 'Цвет', ''),
(62, 'ru', 'Размер рамы', ''),
(63, 'ru', 'Цвет', ''),
(64, 'ru', 'Размер рамы', ''),
(65, 'ru', 'Цвет', ''),
(66, 'ru', 'Размер рамы', ''),
(67, 'ru', 'Цвет', ''),
(68, 'ru', 'Размер рамы', ''),
(69, 'ru', 'Цвет', ''),
(70, 'ru', 'Размер рамы', ''),
(71, 'ru', 'Цвет', ''),
(72, 'ru', 'Размер рамы', ''),
(73, 'ru', 'Цвет', ''),
(74, 'ru', 'Размер рамы', ''),
(75, 'ru', 'Цвет', ''),
(76, 'ru', 'Размер рамы', ''),
(77, 'ru', 'Цвет', ''),
(78, 'ru', 'Размер рамы', ''),
(79, 'ru', 'Цвет', ''),
(80, 'ru', 'Размер рамы', ''),
(81, 'ru', 'Цвет', ''),
(82, 'ru', 'Размер рамы', ''),
(83, 'ru', 'Цвет', ''),
(84, 'ru', 'Размер рамы', ''),
(85, 'ru', 'Цвет', 'white black blue'),
(86, 'ru', 'Размер рамы', ''),
(87, 'ru', 'Цвет', ''),
(88, 'ru', 'Размер рамы', ''),
(89, 'ru', 'Размер рамы', ''),
(90, 'ru', 'Цвет', ''),
(91, 'ru', 'Цвет', ''),
(92, 'ru', 'Размер рамы', ''),
(93, 'ru', 'Цвет', ''),
(94, 'ru', 'Размер рамы', ''),
(95, 'ru', 'Цвет', ''),
(96, 'ru', 'Размер рамы', ''),
(97, 'ru', 'Цвет', ''),
(98, 'ru', 'Размер рамы', ''),
(99, 'ru', 'Цвет', ''),
(100, 'ru', 'Размер рамы', ''),
(101, 'ru', 'Цвет', ''),
(102, 'ru', 'Размер рамы', ''),
(103, 'ru', 'Цвет', ''),
(104, 'ru', 'Размер рамы', ''),
(105, 'ru', 'Цвет', ''),
(106, 'ru', 'Цвет', ''),
(107, 'ru', 'Цвет', ''),
(108, 'ru', 'Цвет', ''),
(109, 'ru', 'Размер рамы', ''),
(110, 'ru', 'Цвет', ''),
(111, 'ru', 'Размер рамы', ''),
(112, 'ru', 'Цвет', ''),
(113, 'ru', 'Размер рамы', ''),
(114, 'ru', 'Цвет', ''),
(115, 'ru', 'Размер рамы', ''),
(116, 'ru', 'Размер рамы', ''),
(117, 'ru', 'Цвет', ''),
(118, 'ru', 'Цвет', ''),
(119, 'ru', 'Цвет', ''),
(120, 'ru', 'Цвет', ''),
(121, 'ru', 'Размер рамы', ''),
(122, 'ru', 'Цвет', ''),
(123, 'ru', 'Цвет', ''),
(124, 'ru', 'Размер рамы', ''),
(125, 'ru', 'Размер рамы', ''),
(130, 'ru', 'Цвет', ''),
(131, 'ru', 'Размер рамы', ''),
(132, 'ru', 'Цвет', ''),
(133, 'ru', 'Размер рамы', ''),
(134, 'ru', 'Цвет', ''),
(135, 'ru', 'Размер рамы', ''),
(136, 'ru', 'Цвет', ''),
(137, 'ru', 'Размер рамы', ''),
(138, 'ru', 'Цвет', ''),
(139, 'ru', 'Размер рамы', ''),
(140, 'ru', 'Цвет', ''),
(141, 'ru', 'Размер рамы', ''),
(142, 'ru', 'Цвет', ''),
(143, 'ru', 'Цвет', ''),
(144, 'ru', 'Размер рамы', ''),
(145, 'ru', 'Цвет', ''),
(146, 'ru', 'Размер рамы', ''),
(147, 'ru', 'Цвет', ''),
(148, 'ru', 'Размер рамы', ''),
(149, 'ru', 'Цвет', ''),
(150, 'ru', 'Размер рамы', ''),
(151, 'ru', 'Цвет', ''),
(152, 'ru', 'Размер рамы', ''),
(153, 'ru', 'Цвет', ''),
(154, 'ru', 'Размер рамы', ''),
(155, 'ru', 'Цвет', ''),
(156, 'ru', 'Размер рамы', ''),
(157, 'ru', 'Цвет', ''),
(158, 'ru', 'Цвет', ''),
(159, 'ru', 'Размер рамы', ''),
(160, 'ru', 'Цвет', ''),
(161, 'ru', 'Размер рамы', ''),
(162, 'ru', 'Цвет', ''),
(163, 'ru', 'Размер рамы', ''),
(164, 'ru', 'Цвет', ''),
(165, 'ru', 'Цвет', ''),
(166, 'ru', 'Цвет', ''),
(167, 'ru', 'Цвет', ''),
(168, 'ru', 'Размер рамы', ''),
(169, 'ru', 'Цвет', ''),
(170, 'ru', 'Цвет', ''),
(171, 'ru', 'Цвет', ''),
(172, 'ru', 'Размер рамы', ''),
(173, 'ru', 'Цвет', ''),
(174, 'ru', 'Размер рамы', ''),
(175, 'ru', 'Цвет', ''),
(176, 'ru', 'Размер рамы', ''),
(177, 'ru', 'Цвет', ''),
(178, 'ru', 'Размер рамы', ''),
(179, 'ru', 'Цвет', ''),
(180, 'ru', 'Размер рамы', ''),
(181, 'ru', 'Цвет', ''),
(182, 'ru', 'Размер рамы', ''),
(183, 'ru', 'Цвет', ''),
(184, 'ru', 'Размер рамы', ''),
(185, 'ru', 'Цвет', ''),
(186, 'ru', 'Размер рамы', ''),
(187, 'ru', 'Цвет', ''),
(188, 'ru', 'Размер рамы', ''),
(189, 'ru', 'Цвет', ''),
(190, 'ru', 'Размер рамы', ''),
(191, 'ru', 'Цвет', ''),
(192, 'ru', 'Размер рамы', ''),
(193, 'ru', 'Цвет', ''),
(194, 'ru', 'Размер рамы', ''),
(195, 'ru', 'Цвет', ''),
(196, 'ru', 'Размер рамы', ''),
(197, 'ru', 'Цвет', ''),
(198, 'ru', 'Размер рамы', ''),
(199, 'ru', 'Цвет', ''),
(200, 'ru', 'Размер рамы', ''),
(201, 'ru', 'Цвет', ''),
(202, 'ru', 'Размер рамы', ''),
(203, 'ru', 'Цвет', ''),
(204, 'ru', 'Размер рамы', ''),
(205, 'ru', 'Цвет', ''),
(206, 'ru', 'Размер рамы', ''),
(207, 'ru', 'Цвет', ''),
(208, 'ru', 'Размер рамы', ''),
(209, 'ru', 'Цвет', ''),
(210, 'ru', 'Размер рамы', ''),
(211, 'ru', 'Цвет', ''),
(212, 'ru', 'Цвет', ''),
(213, 'ru', 'Размер рамы', ''),
(214, 'ru', 'Цвет', ''),
(215, 'ru', 'Размер рамы', ''),
(216, 'ru', 'Цвет', ''),
(217, 'ru', 'Размер рамы', ''),
(218, 'ru', 'Размер', ''),
(219, 'ru', 'Размер', ''),
(220, 'ru', 'Размер', ''),
(221, 'ru', 'Размер', ''),
(222, 'ru', 'Размер', ''),
(223, 'ru', 'Размер', ''),
(224, 'ru', 'Размер', ''),
(225, 'ru', 'Цвет', ''),
(226, 'ru', 'Размер рамы', ''),
(227, 'ru', 'Цвет', ''),
(228, 'ru', 'Размер рамы', ''),
(229, 'ru', 'Цвет', ''),
(230, 'ru', 'Размер рамы', ''),
(231, 'ru', 'Цвет', ''),
(232, 'ru', 'Размер рамы', ''),
(233, 'ru', 'Отверстий', ''),
(234, 'ru', 'Отверстий', ''),
(235, 'ru', 'Отверстий', ''),
(236, 'ru', 'Отверстий', ''),
(237, 'ru', 'Цвет', ''),
(238, 'ru', 'Размер рамы', ''),
(239, 'ru', 'Цвет', ''),
(240, 'ru', 'Размер рамы', ''),
(241, 'ru', 'Цвет', ''),
(242, 'ru', 'Цвет', ''),
(243, 'ru', 'Размер рамы', ''),
(244, 'ru', 'Цвет', ''),
(245, 'ru', 'Размер рамы', ''),
(246, 'ru', 'Цвет', ''),
(247, 'ru', 'Цвет', ''),
(248, 'ru', 'Цвет', ''),
(249, 'ru', 'Размер рамы', ''),
(250, 'ru', 'Размер рамы', ''),
(251, 'ru', 'Цвет', ''),
(252, 'ru', 'Размер рамы', ''),
(253, 'ru', 'Цвет', ''),
(254, 'ru', 'Размер рамы', ''),
(255, 'ru', 'Цвет', ''),
(256, 'ru', 'Цвет', ''),
(257, 'ru', 'Размер рамы', ''),
(258, 'ru', 'Размер рамы', ''),
(259, 'ru', 'Цвет', ''),
(260, 'ru', 'Цвет', ''),
(261, 'ru', 'Размер рамы', ''),
(262, 'ru', 'Цвет', ''),
(263, 'ru', 'Размер рамы', ''),
(264, 'ru', 'Цвет', ''),
(265, 'ru', 'Цвет', ''),
(266, 'ru', 'Цвет', ''),
(267, 'ru', 'Цвет', ''),
(268, 'ru', 'Цвет', ''),
(269, 'ru', 'Цвет', ''),
(270, 'ru', 'Размер рамы', ''),
(271, 'ru', 'Цвет', ''),
(272, 'ru', 'Размер рамы', ''),
(273, 'ru', 'Цвет', ''),
(274, 'ru', 'Размер рамы', ''),
(275, 'ru', 'Цвет', ''),
(276, 'ru', 'Цвет', ''),
(277, 'ru', 'Цвет', ''),
(278, 'ru', 'Цвет', ''),
(279, 'ru', 'Цвет', ''),
(280, 'ru', 'Размер рамы', ''),
(281, 'ru', 'Цвет', ''),
(282, 'ru', 'Размер рамы', ''),
(283, 'ru', 'Цвет', ''),
(284, 'ru', 'Размер рамы', ''),
(285, 'ru', 'Цвет', ''),
(286, 'ru', 'Цвет', ''),
(287, 'ru', 'Цвет', ''),
(288, 'ru', 'Размер рамы', '');

-- --------------------------------------------------------

--
-- Структура таблицы `catalog_product_option_global_links`
--

DROP TABLE IF EXISTS `catalog_product_option_global_links`;
CREATE TABLE IF NOT EXISTS `catalog_product_option_global_links` (
  `option_id` mediumint(8) unsigned NOT NULL DEFAULT '0',
  `product_id` mediumint(8) unsigned NOT NULL DEFAULT '0',
  PRIMARY KEY (`option_id`,`product_id`),
  KEY `product_id` (`product_id`)
) ENGINE=MyISAM DEFAULT CHARSET=utf8;

-- --------------------------------------------------------

--
-- Структура таблицы `catalog_product_option_variants`
--

DROP TABLE IF EXISTS `catalog_product_option_variants`;
CREATE TABLE IF NOT EXISTS `catalog_product_option_variants` (
  `variant_id` mediumint(8) unsigned NOT NULL AUTO_INCREMENT,
  `option_id` mediumint(8) unsigned NOT NULL DEFAULT '0',
  `position` smallint(5) unsigned NOT NULL DEFAULT '0',
  `modifier` decimal(13,3) DEFAULT '0.000',
  `modifier_type` char(1) DEFAULT 'A',
  `status` char(1) DEFAULT 'A',
  PRIMARY KEY (`variant_id`),
  KEY `position` (`position`),
  KEY `status` (`status`),
  KEY `option_id` (`option_id`,`status`),
  KEY `option_id_2` (`option_id`,`variant_id`)
) ENGINE=MyISAM  DEFAULT CHARSET=utf8 AUTO_INCREMENT=506 ;

--
-- Дамп данных таблицы `catalog_product_option_variants`
--

INSERT INTO `catalog_product_option_variants` (`variant_id`, `option_id`, `position`, `modifier`, `modifier_type`, `status`) VALUES
(81, 37, 3, NULL, NULL, 'A'),
(80, 37, 2, NULL, NULL, 'A'),
(79, 37, 1, NULL, NULL, 'A'),
(78, 37, 0, NULL, NULL, 'A'),
(77, 36, 1, NULL, NULL, 'A'),
(76, 36, 0, NULL, NULL, 'A'),
(75, 35, 2, NULL, NULL, 'A'),
(228, 130, 0, NULL, NULL, 'A'),
(73, 35, 0, NULL, NULL, 'A'),
(74, 35, 1, NULL, NULL, 'A'),
(216, 127, 1, NULL, NULL, 'A'),
(214, 126, 1, NULL, NULL, 'A'),
(213, 126, 0, NULL, NULL, 'A'),
(209, 125, 0, NULL, NULL, 'A'),
(220, 128, 0, NULL, NULL, 'A'),
(219, 127, 4, NULL, NULL, 'A'),
(218, 127, 3, NULL, NULL, 'A'),
(217, 127, 2, NULL, NULL, 'A'),
(53, 32, 0, NULL, NULL, 'A'),
(215, 127, 0, NULL, NULL, 'A'),
(82, 38, 0, NULL, NULL, 'A'),
(83, 38, 1, NULL, NULL, 'A'),
(84, 39, 0, NULL, NULL, 'A'),
(85, 39, 1, NULL, NULL, 'A'),
(86, 39, 2, NULL, NULL, 'A'),
(87, 39, 3, NULL, NULL, 'A'),
(88, 40, 0, NULL, NULL, 'A'),
(89, 40, 1, NULL, NULL, 'A'),
(90, 41, 0, NULL, NULL, 'A'),
(100, 44, 1, NULL, NULL, 'A'),
(92, 41, 2, NULL, NULL, 'A'),
(99, 44, 0, NULL, NULL, 'A'),
(94, 41, 4, NULL, NULL, 'A'),
(98, 43, 0, NULL, NULL, 'A'),
(96, 41, 6, NULL, NULL, 'A'),
(97, 42, 0, NULL, NULL, 'A'),
(101, 44, 2, NULL, NULL, 'A'),
(102, 45, 0, NULL, NULL, 'A'),
(103, 46, 0, NULL, NULL, 'A'),
(104, 46, 1, NULL, NULL, 'A'),
(105, 46, 2, NULL, NULL, 'A'),
(106, 47, 0, NULL, NULL, 'A'),
(107, 47, 1, NULL, NULL, 'A'),
(108, 48, 0, NULL, NULL, 'A'),
(109, 48, 1, NULL, NULL, 'A'),
(110, 48, 2, NULL, NULL, 'A'),
(111, 49, 0, NULL, NULL, 'A'),
(112, 50, 0, NULL, NULL, 'A'),
(113, 50, 1, NULL, NULL, 'A'),
(114, 50, 2, NULL, NULL, 'A'),
(115, 51, 0, NULL, NULL, 'A'),
(116, 52, 0, NULL, NULL, 'A'),
(117, 52, 1, NULL, NULL, 'A'),
(118, 52, 2, NULL, NULL, 'A'),
(119, 53, 0, NULL, NULL, 'A'),
(120, 54, 0, NULL, NULL, 'A'),
(121, 54, 1, NULL, NULL, 'A'),
(122, 54, 2, NULL, NULL, 'A'),
(123, 55, 0, NULL, NULL, 'A'),
(124, 56, 0, NULL, NULL, 'A'),
(125, 56, 1, NULL, NULL, 'A'),
(126, 57, 0, NULL, NULL, 'A'),
(127, 58, 0, NULL, NULL, 'A'),
(128, 58, 1, NULL, NULL, 'A'),
(129, 58, 2, NULL, NULL, 'A'),
(130, 59, 2, NULL, NULL, 'A'),
(131, 60, 3, NULL, NULL, 'A'),
(132, 61, 1, NULL, NULL, 'A'),
(133, 62, 0, NULL, NULL, 'A'),
(134, 62, 1, NULL, NULL, 'A'),
(135, 63, 1, NULL, NULL, 'A'),
(136, 64, 1, NULL, NULL, 'A'),
(137, 65, 1, NULL, NULL, 'A'),
(138, 66, 1, NULL, NULL, 'A'),
(139, 67, 1, NULL, NULL, 'A'),
(140, 68, 0, NULL, NULL, 'A'),
(141, 69, 4, NULL, NULL, 'A'),
(142, 70, 0, NULL, NULL, 'A'),
(143, 71, 3, NULL, NULL, 'A'),
(144, 72, 1, NULL, NULL, 'A'),
(145, 73, 3, NULL, NULL, 'A'),
(146, 74, 4, NULL, NULL, 'A'),
(147, 75, 1, NULL, NULL, 'A'),
(148, 76, 1, NULL, NULL, 'A'),
(149, 77, 0, NULL, NULL, 'A'),
(150, 78, 1, NULL, NULL, 'A'),
(151, 79, 0, NULL, NULL, 'A'),
(152, 80, 1, NULL, NULL, 'A'),
(153, 81, 1, NULL, NULL, 'A'),
(154, 82, 1, NULL, NULL, 'A'),
(155, 83, 1, NULL, NULL, 'A'),
(156, 84, 1, NULL, NULL, 'A'),
(157, 85, 1, NULL, NULL, 'A'),
(158, 86, 1, NULL, NULL, 'A'),
(159, 87, 1, NULL, NULL, 'A'),
(160, 88, 1, NULL, NULL, 'A'),
(161, 89, 1, NULL, NULL, 'A'),
(162, 90, 1, NULL, NULL, 'A'),
(163, 91, 1, NULL, NULL, 'A'),
(164, 92, 1, NULL, NULL, 'A'),
(165, 93, 1, NULL, NULL, 'A'),
(166, 94, 1, NULL, NULL, 'A'),
(167, 95, 1, NULL, NULL, 'A'),
(168, 96, 1, NULL, NULL, 'A'),
(169, 97, 1, NULL, NULL, 'A'),
(170, 98, 1, NULL, NULL, 'A'),
(171, 99, 1, NULL, NULL, 'A'),
(172, 100, 1, NULL, NULL, 'A'),
(173, 101, 0, NULL, NULL, 'A'),
(174, 102, 0, NULL, NULL, 'A'),
(175, 102, 1, NULL, NULL, 'A'),
(176, 103, 1, NULL, NULL, 'A'),
(177, 104, 0, NULL, NULL, 'A'),
(178, 104, 1, NULL, NULL, 'A'),
(179, 104, 2, NULL, NULL, 'A'),
(180, 104, 3, NULL, NULL, 'A'),
(181, 105, 0, NULL, NULL, 'A'),
(182, 105, 1, NULL, NULL, 'A'),
(183, 105, 2, NULL, NULL, 'A'),
(184, 106, 0, NULL, NULL, 'A'),
(185, 106, 1, NULL, NULL, 'A'),
(186, 106, 2, NULL, NULL, 'A'),
(187, 107, 0, NULL, NULL, 'A'),
(188, 107, 1, NULL, NULL, 'A'),
(189, 108, 2, NULL, NULL, 'A'),
(190, 109, 1, NULL, NULL, 'A'),
(191, 110, 2, NULL, NULL, 'A'),
(192, 111, 0, NULL, NULL, 'A'),
(193, 111, 1, NULL, NULL, 'A'),
(194, 112, 5, NULL, NULL, 'A'),
(195, 113, 1, NULL, NULL, 'A'),
(196, 114, 2, NULL, NULL, 'A'),
(197, 115, 2, NULL, NULL, 'A'),
(198, 116, 2, NULL, NULL, 'A'),
(199, 116, 3, NULL, NULL, 'A'),
(200, 117, 0, NULL, NULL, 'A'),
(201, 117, 1, NULL, NULL, 'A'),
(202, 118, 1, NULL, NULL, 'A'),
(203, 119, 21, NULL, NULL, 'A'),
(204, 120, 2, NULL, NULL, 'A'),
(205, 121, 2, NULL, NULL, 'A'),
(206, 122, 1, NULL, NULL, 'A'),
(207, 123, 2, NULL, NULL, 'A'),
(208, 124, 1, NULL, NULL, 'A'),
(210, 125, 1, NULL, NULL, 'A'),
(211, 125, 2, NULL, NULL, 'A'),
(212, 125, 3, NULL, NULL, 'A'),
(222, 128, 2, NULL, NULL, 'A'),
(223, 129, 0, NULL, NULL, 'A'),
(224, 129, 1, NULL, NULL, 'A'),
(225, 129, 2, NULL, NULL, 'A'),
(226, 129, 3, NULL, NULL, 'A'),
(227, 129, 4, NULL, NULL, 'A'),
(229, 130, 1, NULL, NULL, 'A'),
(230, 131, 1, NULL, NULL, 'A'),
(231, 131, 2, NULL, NULL, 'A'),
(232, 132, 1, NULL, NULL, 'A'),
(233, 133, 1, NULL, NULL, 'A'),
(234, 133, 0, NULL, NULL, 'A'),
(235, 134, 12, NULL, NULL, 'A'),
(236, 135, 1, NULL, NULL, 'A'),
(237, 135, 0, NULL, NULL, 'A'),
(238, 136, 0, NULL, NULL, 'A'),
(239, 136, 1, NULL, NULL, 'A'),
(240, 137, 0, NULL, NULL, 'A'),
(241, 138, 1, NULL, NULL, 'A'),
(242, 138, 2, NULL, NULL, 'A'),
(243, 139, 1, NULL, NULL, 'A'),
(244, 139, 2, NULL, NULL, 'A'),
(245, 139, 3, NULL, NULL, 'A'),
(246, 140, 0, NULL, NULL, 'A'),
(247, 140, 1, NULL, NULL, 'A'),
(248, 141, 0, NULL, NULL, 'A'),
(249, 141, 1, NULL, NULL, 'A'),
(250, 142, 0, NULL, NULL, 'A'),
(251, 143, 1, NULL, NULL, 'A'),
(252, 143, 2, NULL, NULL, 'A'),
(253, 144, 0, NULL, NULL, 'A'),
(254, 144, 1, NULL, NULL, 'A'),
(255, 144, 2, NULL, NULL, 'A'),
(256, 144, 3, NULL, NULL, 'A'),
(257, 144, 4, NULL, NULL, 'A'),
(258, 144, 5, NULL, NULL, 'A'),
(259, 145, 1, NULL, NULL, 'A'),
(260, 145, 2, NULL, NULL, 'A'),
(261, 146, 1, NULL, NULL, 'A'),
(262, 146, 2, NULL, NULL, 'A'),
(263, 146, 3, NULL, NULL, 'A'),
(264, 147, 1, NULL, NULL, 'A'),
(265, 147, 2, NULL, NULL, 'A'),
(266, 148, 1, NULL, NULL, 'A'),
(267, 148, 2, NULL, NULL, 'A'),
(268, 148, 3, NULL, NULL, 'A'),
(269, 149, 1, NULL, NULL, 'A'),
(270, 149, 2, NULL, NULL, 'A'),
(271, 150, 1, NULL, NULL, 'A'),
(272, 150, 2, NULL, NULL, 'A'),
(273, 150, 3, NULL, NULL, 'A'),
(274, 150, 4, NULL, NULL, 'A'),
(275, 151, 1, NULL, NULL, 'A'),
(276, 152, 1, NULL, NULL, 'A'),
(277, 152, 2, NULL, NULL, 'A'),
(278, 152, 3, NULL, NULL, 'A'),
(279, 152, 4, NULL, NULL, 'A'),
(280, 152, 6, NULL, NULL, 'A'),
(281, 153, 1, NULL, NULL, 'A'),
(282, 154, 3, NULL, NULL, 'A'),
(283, 154, 0, NULL, NULL, 'A'),
(284, 154, 1, NULL, NULL, 'A'),
(285, 154, 2, NULL, NULL, 'A'),
(286, 153, 2, NULL, NULL, 'A'),
(287, 155, 1, NULL, NULL, 'A'),
(288, 156, 1, NULL, NULL, 'A'),
(289, 156, 0, NULL, NULL, 'A'),
(290, 157, 1, NULL, NULL, 'A'),
(291, 157, 2, NULL, NULL, 'A'),
(292, 158, 1, NULL, NULL, 'A'),
(293, 159, 1, NULL, NULL, 'A'),
(294, 160, 1, NULL, NULL, 'A'),
(295, 160, 2, NULL, NULL, 'A'),
(296, 161, 1, NULL, NULL, 'A'),
(297, 161, 2, NULL, NULL, 'A'),
(298, 161, 3, NULL, NULL, 'A'),
(299, 159, 0, NULL, NULL, 'A'),
(300, 162, 1, NULL, NULL, 'A'),
(301, 163, 1, NULL, NULL, 'A'),
(302, 163, 2, NULL, NULL, 'A'),
(303, 164, 1, NULL, NULL, 'A'),
(304, 164, 2, NULL, NULL, 'A'),
(305, 165, 1, NULL, NULL, 'A'),
(306, 165, 2, NULL, NULL, 'A'),
(307, 166, 1, NULL, NULL, 'A'),
(308, 166, 2, NULL, NULL, 'A'),
(309, 167, 1, NULL, NULL, 'A'),
(313, 169, 1, NULL, NULL, 'A'),
(311, 168, 1, NULL, NULL, 'A'),
(312, 168, 2, NULL, NULL, 'A'),
(314, 169, 2, NULL, NULL, 'A'),
(315, 170, 12, NULL, NULL, 'A'),
(316, 171, 1, NULL, NULL, 'A'),
(317, 172, 1, NULL, NULL, 'A'),
(318, 173, 1, NULL, NULL, 'A'),
(319, 174, 1, NULL, NULL, 'A'),
(320, 175, 1, NULL, NULL, 'A'),
(321, 176, 1, NULL, NULL, 'A'),
(322, 177, 1, NULL, NULL, 'A'),
(323, 177, 2, NULL, NULL, 'A'),
(324, 178, 1, NULL, NULL, 'A'),
(325, 179, 1, NULL, NULL, 'A'),
(326, 180, 1, NULL, NULL, 'A'),
(327, 181, 0, NULL, NULL, 'A'),
(328, 181, 0, NULL, NULL, 'A'),
(329, 182, 0, NULL, NULL, 'A'),
(330, 182, 2, NULL, NULL, 'A'),
(331, 182, 1, NULL, NULL, 'A'),
(332, 183, 0, NULL, NULL, 'A'),
(333, 183, 0, NULL, NULL, 'A'),
(334, 184, 1, NULL, NULL, 'A'),
(335, 185, 0, NULL, NULL, 'A'),
(336, 186, 0, NULL, NULL, 'A'),
(337, 187, 0, NULL, NULL, 'A'),
(338, 188, 1, NULL, NULL, 'A'),
(339, 188, 2, NULL, NULL, 'A'),
(340, 188, 3, NULL, NULL, 'A'),
(341, 188, 4, NULL, NULL, 'A'),
(342, 189, 0, NULL, NULL, 'A'),
(343, 190, 0, NULL, NULL, 'A'),
(344, 191, 0, NULL, NULL, 'A'),
(345, 192, 0, NULL, NULL, 'A'),
(346, 192, 0, NULL, NULL, 'A'),
(347, 192, 0, NULL, NULL, 'A'),
(348, 192, 0, NULL, NULL, 'A'),
(349, 193, 0, NULL, NULL, 'A'),
(350, 193, 0, NULL, NULL, 'A'),
(351, 194, 0, NULL, NULL, 'A'),
(352, 194, 0, NULL, NULL, 'A'),
(353, 194, 0, NULL, NULL, 'A'),
(354, 194, 0, NULL, NULL, 'A'),
(355, 195, 0, NULL, NULL, 'A'),
(356, 196, 0, NULL, NULL, 'A'),
(357, 196, 0, NULL, NULL, 'A'),
(358, 197, 0, NULL, NULL, 'A'),
(359, 198, 0, NULL, NULL, 'A'),
(360, 198, 0, NULL, NULL, 'A'),
(361, 199, 0, NULL, NULL, 'A'),
(362, 200, 0, NULL, NULL, 'A'),
(363, 200, 0, NULL, NULL, 'A'),
(364, 200, 0, NULL, NULL, 'A'),
(365, 200, 0, NULL, NULL, 'A'),
(366, 201, 0, NULL, NULL, 'A'),
(367, 202, 1, NULL, NULL, 'A'),
(368, 202, 0, NULL, NULL, 'A'),
(369, 203, 0, NULL, NULL, 'A'),
(370, 204, 0, NULL, NULL, 'A'),
(371, 205, 0, NULL, NULL, 'A'),
(372, 206, 0, NULL, NULL, 'A'),
(373, 207, 0, NULL, NULL, 'A'),
(374, 208, 0, NULL, NULL, 'A'),
(375, 209, 0, NULL, NULL, 'A'),
(376, 210, 0, NULL, NULL, 'A'),
(377, 211, 0, NULL, NULL, 'A'),
(378, 212, 0, NULL, NULL, 'A'),
(379, 213, 0, NULL, NULL, 'A'),
(380, 213, 0, NULL, NULL, 'A'),
(381, 214, 0, NULL, NULL, 'A'),
(382, 215, 0, NULL, NULL, 'A'),
(383, 215, 0, NULL, NULL, 'A'),
(384, 216, 0, NULL, NULL, 'A'),
(385, 217, 0, NULL, NULL, 'A'),
(386, 218, 0, NULL, NULL, 'A'),
(387, 218, 0, NULL, NULL, 'A'),
(388, 219, 0, NULL, NULL, 'A'),
(389, 220, 0, NULL, NULL, 'A'),
(390, 220, 0, NULL, NULL, 'A'),
(391, 220, 0, NULL, NULL, 'A'),
(392, 221, 0, NULL, NULL, 'A'),
(393, 221, 0, NULL, NULL, 'A'),
(394, 222, 0, NULL, NULL, 'A'),
(395, 222, 0, NULL, NULL, 'A'),
(396, 223, 0, NULL, NULL, 'A'),
(397, 223, 0, NULL, NULL, 'A'),
(398, 224, 0, NULL, NULL, 'A'),
(399, 225, 0, NULL, NULL, 'A'),
(400, 226, 0, NULL, NULL, 'A'),
(401, 226, 0, NULL, NULL, 'A'),
(402, 227, 0, NULL, NULL, 'A'),
(403, 228, 0, NULL, NULL, 'A'),
(404, 228, 0, NULL, NULL, 'A'),
(405, 228, 0, NULL, NULL, 'A'),
(406, 229, 1, NULL, NULL, 'A'),
(407, 230, 0, NULL, NULL, 'A'),
(408, 230, 0, NULL, NULL, 'A'),
(409, 230, 0, NULL, NULL, 'A'),
(410, 231, 0, NULL, NULL, 'A'),
(411, 232, 0, NULL, NULL, 'A'),
(412, 232, 0, NULL, NULL, 'A'),
(413, 233, 0, NULL, NULL, 'A'),
(414, 233, 0, NULL, NULL, 'A'),
(415, 234, 0, NULL, NULL, 'A'),
(416, 235, 0, NULL, NULL, 'A'),
(417, 235, 0, NULL, NULL, 'A'),
(418, 236, 0, NULL, NULL, 'A'),
(419, 236, 0, NULL, NULL, 'A'),
(420, 237, 0, NULL, NULL, 'A'),
(421, 238, 0, NULL, NULL, 'A'),
(422, 239, 0, NULL, NULL, 'A'),
(423, 240, 0, NULL, NULL, 'A'),
(424, 241, 0, NULL, NULL, 'A'),
(425, 241, 0, NULL, NULL, 'A'),
(426, 242, 0, NULL, NULL, 'A'),
(427, 242, 0, NULL, NULL, 'A'),
(428, 243, 0, NULL, NULL, 'A'),
(429, 243, 0, NULL, NULL, 'A'),
(430, 243, 0, NULL, NULL, 'A'),
(431, 244, 0, NULL, NULL, 'A'),
(432, 245, 0, NULL, NULL, 'A'),
(433, 245, 0, NULL, NULL, 'A'),
(434, 245, 0, NULL, NULL, 'A'),
(435, 246, 0, NULL, NULL, 'A'),
(436, 246, 0, NULL, NULL, 'A'),
(437, 247, 0, NULL, NULL, 'A'),
(438, 247, 0, NULL, NULL, 'A'),
(439, 248, 0, NULL, NULL, 'A'),
(440, 249, 0, NULL, NULL, 'A'),
(441, 250, 0, NULL, NULL, 'A'),
(442, 250, 1, NULL, NULL, 'A'),
(443, 251, 0, NULL, NULL, 'A'),
(444, 252, 1, NULL, NULL, 'A'),
(445, 252, 2, NULL, NULL, 'A'),
(446, 252, 3, NULL, NULL, 'A'),
(447, 253, 1, NULL, NULL, 'A'),
(448, 253, 2, NULL, NULL, 'A'),
(449, 254, 1, NULL, NULL, 'A'),
(450, 254, 2, NULL, NULL, 'A'),
(451, 254, 3, NULL, NULL, 'A'),
(452, 255, 0, NULL, NULL, 'A'),
(453, 255, 0, NULL, NULL, 'A'),
(454, 256, 0, NULL, NULL, 'A'),
(455, 257, 1, NULL, NULL, 'A'),
(456, 257, 2, NULL, NULL, 'A'),
(457, 258, 1, NULL, NULL, 'A'),
(458, 258, 2, NULL, NULL, 'A'),
(459, 258, 3, NULL, NULL, 'A'),
(460, 259, 0, NULL, NULL, 'A'),
(461, 260, 0, NULL, NULL, 'A'),
(462, 261, 0, NULL, NULL, 'A'),
(463, 262, 0, NULL, NULL, 'A'),
(464, 263, 0, NULL, NULL, 'A'),
(465, 264, 0, NULL, NULL, 'A'),
(466, 265, 0, NULL, NULL, 'A'),
(467, 265, 0, NULL, NULL, 'A'),
(468, 266, 0, NULL, NULL, 'A'),
(469, 266, 0, NULL, NULL, 'A'),
(470, 267, 0, NULL, NULL, 'A'),
(471, 268, 0, NULL, NULL, 'A'),
(472, 269, 0, NULL, NULL, 'A'),
(473, 270, 1, NULL, NULL, 'A'),
(474, 270, 2, NULL, NULL, 'A'),
(475, 271, 1, NULL, NULL, 'A'),
(476, 271, 2, NULL, NULL, 'A'),
(477, 272, 1, NULL, NULL, 'A'),
(478, 272, 2, NULL, NULL, 'A'),
(479, 272, 3, NULL, NULL, 'A'),
(480, 273, 1, NULL, NULL, 'A'),
(481, 273, 2, NULL, NULL, 'A'),
(482, 274, 1, NULL, NULL, 'A'),
(483, 274, 2, NULL, NULL, 'A'),
(484, 274, 3, NULL, NULL, 'A'),
(485, 275, 1, NULL, NULL, 'A'),
(486, 275, 2, NULL, NULL, 'A'),
(487, 276, 1, NULL, NULL, 'A'),
(488, 276, 2, NULL, NULL, 'A'),
(489, 277, 1, NULL, NULL, 'A'),
(490, 277, 2, NULL, NULL, 'A'),
(491, 278, 0, NULL, NULL, 'A'),
(492, 279, 1, NULL, NULL, 'A'),
(493, 279, 2, NULL, NULL, 'A'),
(494, 280, 1, NULL, NULL, 'A'),
(495, 280, 2, NULL, NULL, 'A'),
(496, 280, 3, NULL, NULL, 'A'),
(497, 281, 0, NULL, NULL, 'A'),
(498, 282, 0, NULL, NULL, 'A'),
(499, 283, 0, NULL, NULL, 'A'),
(500, 284, 0, NULL, NULL, 'A'),
(501, 285, 0, NULL, NULL, 'A'),
(502, 286, 0, NULL, NULL, 'A'),
(503, 286, 0, NULL, NULL, 'A'),
(504, 287, 0, NULL, NULL, 'A'),
(505, 288, 0, NULL, NULL, 'A');

-- --------------------------------------------------------

--
-- Структура таблицы `catalog_product_option_variants_translation`
--

DROP TABLE IF EXISTS `catalog_product_option_variants_translation`;
CREATE TABLE IF NOT EXISTS `catalog_product_option_variants_translation` (
  `variant_id` mediumint(8) unsigned NOT NULL DEFAULT '0',
  `language_code` varchar(2) NOT NULL,
  `variant_name` varchar(255) NOT NULL DEFAULT '',
  PRIMARY KEY (`variant_id`,`language_code`)
) ENGINE=MyISAM DEFAULT CHARSET=utf8;

--
-- Дамп данных таблицы `catalog_product_option_variants_translation`
--

INSERT INTO `catalog_product_option_variants_translation` (`variant_id`, `language_code`, `variant_name`) VALUES
(229, 'ru', 'Платина'),
(209, 'ru', '17,5'),
(218, 'ru', '19,5'),
(213, 'ru', 'Черно-зеленый'),
(214, 'ru', 'Синий'),
(215, 'ru', '13'),
(53, 'ru', 'Черный'),
(219, 'ru', '21'),
(220, 'ru', 'Платина'),
(217, 'ru', '18'),
(216, 'ru', '16'),
(73, 'ru', '19'),
(74, 'ru', '21'),
(75, 'ru', '23'),
(76, 'ru', 'grey´n´green'),
(77, 'ru', 'red´n´black'),
(78, 'ru', '16'),
(79, 'ru', '18'),
(80, 'ru', '20'),
(81, 'ru', '22'),
(82, 'ru', 'grey´n´white'),
(83, 'ru', 'blue´n´white'),
(84, 'ru', '17'),
(85, 'ru', '19'),
(86, 'ru', '21'),
(87, 'ru', '23'),
(88, 'ru', 'black´n´white'),
(89, 'ru', 'blue´n´red'),
(90, 'ru', '16'),
(99, 'ru', '17'),
(92, 'ru', '18'),
(98, 'ru', 'black´n´grey'),
(94, 'ru', '20'),
(96, 'ru', '22'),
(97, 'ru', 'black´n´green'),
(100, 'ru', '19'),
(101, 'ru', '21'),
(102, 'ru', 'grey´n´blue'),
(103, 'ru', '16'),
(104, 'ru', '18'),
(105, 'ru', '20'),
(106, 'ru', 'black´n´white'),
(107, 'ru', 'grey´n´flashred'),
(108, 'ru', '17'),
(109, 'ru', '19'),
(110, 'ru', '21'),
(111, 'ru', 'black anodized '),
(112, 'ru', '18'),
(113, 'ru', '20'),
(114, 'ru', '22'),
(115, 'ru', 'black anodized'),
(116, 'ru', '17'),
(117, 'ru', '19'),
(118, 'ru', '21'),
(119, 'ru', 'grey´n´red'),
(120, 'ru', '18'),
(121, 'ru', '20'),
(122, 'ru', '22'),
(123, 'ru', 'black anodized '),
(124, 'ru', '19'),
(125, 'ru', '21'),
(126, 'ru', 'black anodized '),
(127, 'ru', '18'),
(128, 'ru', '20'),
(129, 'ru', '22'),
(130, 'ru', '19'),
(131, 'ru', 'grey´n´green'),
(132, 'ru', 'black anodized'),
(133, 'ru', '19'),
(134, 'ru', '21'),
(135, 'ru', 'grey´n´blue'),
(136, 'ru', '19'),
(137, 'ru', 'carbon´n´white'),
(138, 'ru', '19'),
(139, 'ru', 'carbon´n´grey´n´white'),
(140, 'ru', '18'),
(141, 'ru', 'blue´n´black'),
(142, 'ru', '19'),
(143, 'ru', 'white fading blue'),
(144, 'ru', '15'),
(145, 'ru', 'grey fading blue'),
(146, 'ru', '17'),
(147, 'ru', 'blackline'),
(148, 'ru', '18'),
(149, 'ru', 'black grey black'),
(150, 'ru', '20'),
(151, 'ru', 'blue´n´red'),
(152, 'ru', '20'),
(153, 'ru', 'grey blue print'),
(154, 'ru', '20'),
(155, 'ru', 'black grey'),
(156, 'ru', '20'),
(157, 'ru', 'white black blue'),
(158, 'ru', '20'),
(159, 'ru', 'black grey red '),
(160, 'ru', '20'),
(161, 'ru', '20'),
(162, 'ru', 'black grey blue'),
(163, 'ru', 'grey silver white '),
(164, 'ru', '20'),
(165, 'ru', 'grey red print'),
(166, 'ru', '20'),
(167, 'ru', ' 3-fach carbon´n´white´n´blue'),
(168, 'ru', '21'),
(169, 'ru', 'grey´n´red'),
(170, 'ru', '18'),
(171, 'ru', 'Action Team '),
(172, 'ru', '15'),
(173, 'ru', 'white`n`sea'),
(174, 'ru', '14'),
(175, 'ru', '16'),
(176, 'ru', 'grey`n`mango'),
(177, 'ru', '16'),
(178, 'ru', '18'),
(179, 'ru', '20'),
(180, 'ru', '22'),
(181, 'ru', 'Girl'),
(182, 'ru', 'Teamline'),
(183, 'ru', 'blue´n´yellow '),
(184, 'ru', 'Teamline'),
(185, 'ru', ' Girl'),
(186, 'ru', 'black´n´green'),
(187, 'ru', 'Teamline'),
(188, 'ru', 'Girl '),
(189, 'ru', 'black fading white'),
(190, 'ru', '17'),
(191, 'ru', 'grey n blue'),
(192, 'ru', '18'),
(193, 'ru', '20'),
(194, 'ru', 'grey/n/green'),
(195, 'ru', '18'),
(196, 'ru', 'white n red '),
(197, 'ru', '22'),
(198, 'ru', '18'),
(199, 'ru', '20'),
(200, 'ru', 'black n red'),
(201, 'ru', 'white n grey'),
(202, 'ru', 'Girl'),
(203, 'ru', 'Boy '),
(204, 'ru', 'black anodized'),
(205, 'ru', '20'),
(206, 'ru', ' Teamline'),
(207, 'ru', 'black n grey n white'),
(208, 'ru', '20'),
(210, 'ru', '19'),
(211, 'ru', '21'),
(212, 'ru', '23'),
(228, 'ru', 'Зеленый'),
(222, 'ru', 'Черно-синий'),
(223, 'ru', '16'),
(224, 'ru', '18'),
(225, 'ru', '19,5'),
(226, 'ru', '21'),
(227, 'ru', '22,5'),
(230, 'ru', '16'),
(231, 'ru', '22,5'),
(232, 'ru', 'Матово-черный'),
(233, 'ru', '19,5'),
(234, 'ru', '18'),
(235, 'ru', 'Черно-оранжевый'),
(236, 'ru', '21'),
(237, 'ru', '19,5'),
(238, 'ru', 'Матово-черный'),
(239, 'ru', 'Черно-зеленый'),
(240, 'ru', '18'),
(241, 'ru', 'Черный'),
(242, 'ru', 'Белый'),
(243, 'ru', '18,5'),
(244, 'ru', '19'),
(245, 'ru', '21'),
(246, 'ru', 'Черно-синий'),
(247, 'ru', 'Серо-черный'),
(248, 'ru', '17,5'),
(249, 'ru', '21,5'),
(250, 'ru', 'Черно-синий'),
(251, 'ru', 'Синий'),
(252, 'ru', 'Черно-зеленый'),
(253, 'ru', '13'),
(254, 'ru', '16'),
(255, 'ru', '18'),
(256, 'ru', '19,5'),
(257, 'ru', '21'),
(258, 'ru', '22,5'),
(259, 'ru', 'Черно-синий'),
(260, 'ru', 'Платина'),
(261, 'ru', '19'),
(262, 'ru', '19,5'),
(263, 'ru', '21'),
(264, 'ru', 'Титан'),
(265, 'ru', 'Черно-серый'),
(266, 'ru', '18'),
(267, 'ru', '19,5'),
(268, 'ru', '21'),
(269, 'ru', 'Титановый серый'),
(270, 'ru', 'Черно-серый'),
(271, 'ru', '18'),
(272, 'ru', '19,5'),
(273, 'ru', '21'),
(274, 'ru', '22,5'),
(275, 'ru', 'Черный'),
(276, 'ru', '17,5'),
(277, 'ru', '18,5'),
(278, 'ru', '19,5'),
(279, 'ru', '21'),
(280, 'ru', '22,5'),
(281, 'ru', 'Черный'),
(282, 'ru', '23'),
(283, 'ru', '17.5'),
(284, 'ru', '19'),
(285, 'ru', '21'),
(286, 'ru', 'Синий'),
(287, 'ru', 'Черно-белый'),
(288, 'ru', '21'),
(289, 'ru', '19'),
(290, 'ru', 'Пурпурный'),
(291, 'ru', 'Черный'),
(292, 'ru', 'Желтый'),
(293, 'ru', '19.5'),
(294, 'ru', 'Зеленый'),
(295, 'ru', 'Черный'),
(296, 'ru', '13'),
(297, 'ru', '16'),
(298, 'ru', '19,5'),
(299, 'ru', '16'),
(300, 'ru', 'Белая ракушка'),
(301, 'ru', '16'),
(302, 'ru', '19.5'),
(303, 'ru', 'Зеленый'),
(304, 'ru', 'Розовый'),
(305, 'ru', 'Красно-черный'),
(306, 'ru', 'Сине-белый'),
(307, 'ru', 'Розовый'),
(308, 'ru', 'Синий'),
(309, 'ru', 'black´n´grey'),
(313, 'ru', 'Оранжевый'),
(311, 'ru', '18'),
(312, 'ru', '20'),
(314, 'ru', 'Черно-синий'),
(315, 'ru', 'WHITE (BLUE/RED)'),
(316, 'ru', 'Metallic black (blue)'),
(317, 'ru', '18'),
(318, 'ru', 'Shiny dark silver'),
(319, 'ru', '18'),
(320, 'ru', 'Matt Silver (black)'),
(321, 'ru', '18'),
(322, 'ru', 'Metallic White'),
(323, 'ru', 'Black'),
(324, 'ru', '18'),
(325, 'ru', 'White'),
(326, 'ru', '20'),
(327, 'ru', 'White'),
(328, 'ru', 'Titanium'),
(329, 'ru', '18'),
(330, 'ru', '22'),
(331, 'ru', '20'),
(332, 'ru', 'Silk Black ( team green)'),
(333, 'ru', 'White'),
(334, 'ru', '20'),
(335, 'ru', 'black/white '),
(336, 'ru', '18'),
(337, 'ru', 'SILK BLACK (GREEN/WHITE)'),
(338, 'ru', '14.5'),
(339, 'ru', '16'),
(340, 'ru', '18'),
(341, 'ru', '20'),
(342, 'ru', 'BLACK (RED/WHITE)'),
(343, 'ru', '20'),
(344, 'ru', 'BLACK (RED/WHITE)'),
(345, 'ru', '16'),
(346, 'ru', '18'),
(347, 'ru', '20'),
(348, 'ru', '22'),
(349, 'ru', 'WHITE (BLACK/GREEN)'),
(350, 'ru', 'SILK BLACK (ANTHRACITE/MANGO)'),
(351, 'ru', '16'),
(352, 'ru', '18'),
(353, 'ru', '20'),
(354, 'ru', '22'),
(355, 'ru', 'MATT ANTHRACITE (WHITE/BLUE)'),
(356, 'ru', '18'),
(357, 'ru', '20'),
(358, 'ru', 'MATT ANTHRACITE (WHITE)'),
(359, 'ru', '18'),
(360, 'ru', '20'),
(361, 'ru', 'WHITE (BLACK/LIGHT BLUE)'),
(362, 'ru', '13'),
(363, 'ru', '14.5'),
(364, 'ru', '16'),
(365, 'ru', '18'),
(366, 'ru', 'WHITE (BLACK/RED)'),
(367, 'ru', '20.5'),
(368, 'ru', '19'),
(369, 'ru', 'BLACK (WHITE/BLUE)'),
(370, 'ru', '20.5'),
(371, 'ru', 'WHITE (GREEN/BLACK)'),
(372, 'ru', '11'),
(373, 'ru', 'MANGO (BLACK/WHITE)'),
(374, 'ru', '9.5'),
(375, 'ru', 'WHITE (BLUE/RED)'),
(376, 'ru', '10'),
(377, 'ru', '620 WHITE (BLUE/RED)'),
(378, 'ru', 'SILK BLACK (WHITE/GREEN)'),
(379, 'ru', '21'),
(380, 'ru', '22'),
(381, 'ru', 'Черный'),
(382, 'ru', '17,5'),
(383, 'ru', '19,5'),
(384, 'ru', 'Белый'),
(385, 'ru', '17,5'),
(386, 'ru', 'S/M'),
(387, 'ru', ' L/XL'),
(388, 'ru', 'M'),
(389, 'ru', 'L '),
(390, 'ru', 'M'),
(391, 'ru', 'S'),
(392, 'ru', 'L'),
(393, 'ru', 'M'),
(394, 'ru', 'L'),
(395, 'ru', 'M'),
(396, 'ru', 'L'),
(397, 'ru', 'XL'),
(398, 'ru', 'M'),
(399, 'ru', 'Черный (Turquoise)'),
(400, 'ru', '17.5'),
(401, 'ru', '19.5'),
(402, 'ru', 'Черный (shadow gold)'),
(403, 'ru', '17,5'),
(404, 'ru', '19,5'),
(405, 'ru', '21,5'),
(406, 'ru', 'Синий (Blue accent)'),
(407, 'ru', '17,5'),
(408, 'ru', '19,5'),
(409, 'ru', '21,5'),
(410, 'ru', 'Желтый (Dark lime)'),
(411, 'ru', '17,5'),
(412, 'ru', '19,5'),
(413, 'ru', '32'),
(414, 'ru', '36'),
(415, 'ru', '32'),
(416, 'ru', '32'),
(417, 'ru', '36'),
(418, 'ru', '32'),
(419, 'ru', '36'),
(420, 'ru', 'Титановый серый'),
(421, 'ru', '21'),
(422, 'ru', 'Черно-зеленый'),
(423, 'ru', '19,5'),
(424, 'ru', 'Бело-черный'),
(425, 'ru', 'Черно-серый'),
(426, 'ru', 'Красный'),
(427, 'ru', 'Черный'),
(428, 'ru', '18,5'),
(429, 'ru', '19,5'),
(430, 'ru', '21,5'),
(431, 'ru', 'Черно-оранжевый'),
(432, 'ru', '17,5'),
(433, 'ru', '19,5'),
(434, 'ru', '21'),
(435, 'ru', 'Green'),
(436, 'ru', 'Black'),
(437, 'ru', '17'),
(438, 'ru', '18'),
(439, 'ru', 'Silver'),
(440, 'ru', '19.5'),
(441, 'ru', '19'),
(442, 'ru', '21'),
(443, 'ru', 'Black'),
(444, 'ru', '17'),
(445, 'ru', '18.5'),
(446, 'ru', '20'),
(447, 'ru', 'White'),
(448, 'ru', 'Silver'),
(449, 'ru', '17'),
(450, 'ru', '19'),
(451, 'ru', '21'),
(452, 'ru', 'Black'),
(453, 'ru', 'White'),
(454, 'ru', 'White'),
(455, 'ru', '18.5'),
(456, 'ru', '21'),
(457, 'ru', '15'),
(458, 'ru', '16'),
(459, 'ru', '18'),
(460, 'ru', 'White'),
(461, 'ru', 'Black'),
(462, 'ru', '21'),
(463, 'ru', 'Red'),
(464, 'ru', '19'),
(465, 'ru', 'Белый'),
(466, 'ru', 'Черный'),
(467, 'ru', 'Красный'),
(468, 'ru', 'Синий'),
(469, 'ru', 'Красный'),
(470, 'ru', 'Розовый'),
(471, 'ru', 'Черно-оранжевый'),
(472, 'ru', 'Бело-голубой'),
(473, 'ru', '16'),
(474, 'ru', '18'),
(475, 'ru', 'Красный'),
(476, 'ru', 'Черный'),
(477, 'ru', '15'),
(478, 'ru', '17'),
(479, 'ru', '19'),
(480, 'ru', 'Черный'),
(481, 'ru', 'Белый'),
(482, 'ru', '17'),
(483, 'ru', '19'),
(484, 'ru', '21'),
(485, 'ru', 'Черно-оранжевый'),
(486, 'ru', 'Черно-синий'),
(487, 'ru', 'Синий'),
(488, 'ru', 'Черный'),
(489, 'ru', 'Бело-розовый'),
(490, 'ru', 'Бело-голубой'),
(491, 'ru', 'Черно-зеленый'),
(492, 'ru', 'Белый'),
(493, 'ru', 'Черный'),
(494, 'ru', '17'),
(495, 'ru', '19'),
(496, 'ru', '21'),
(497, 'ru', 'Черный'),
(498, 'ru', '21'),
(499, 'ru', 'Черный'),
(500, 'ru', '19'),
(501, 'ru', 'Желтый'),
(502, 'ru', 'Белый'),
(503, 'ru', 'Бело-розовый'),
(504, 'ru', 'Бело-голубой'),
(505, 'ru', '18');

-- --------------------------------------------------------

--
-- Структура таблицы `catalog_product_popularity`
--

DROP TABLE IF EXISTS `catalog_product_popularity`;
CREATE TABLE IF NOT EXISTS `catalog_product_popularity` (
  `product_id` mediumint(8) unsigned NOT NULL DEFAULT '0',
  `viewed` int(11) NOT NULL DEFAULT '0',
  `added` int(11) NOT NULL DEFAULT '0',
  `deleted` int(11) NOT NULL DEFAULT '0',
  `bought` int(11) NOT NULL DEFAULT '0',
  `total` int(11) NOT NULL DEFAULT '0',
  PRIMARY KEY (`product_id`),
  KEY `total` (`product_id`,`total`)
) ENGINE=MyISAM DEFAULT CHARSET=utf8;

-- --------------------------------------------------------

--
-- Структура таблицы `catalog_product_prices`
--

DROP TABLE IF EXISTS `catalog_product_prices`;
CREATE TABLE IF NOT EXISTS `catalog_product_prices` (
  `product_id` mediumint(8) unsigned NOT NULL DEFAULT '0',
  `price` decimal(12,2) NOT NULL DEFAULT '0.00',
  `percentage_discount` int(2) unsigned NOT NULL DEFAULT '0',
  `lower_limit` smallint(5) unsigned NOT NULL DEFAULT '0',
  `usergroup_id` mediumint(8) unsigned NOT NULL DEFAULT '0',
  UNIQUE KEY `usergroup` (`product_id`,`usergroup_id`,`lower_limit`),
  KEY `product_id` (`product_id`),
  KEY `lower_limit` (`lower_limit`),
  KEY `usergroup_id` (`usergroup_id`,`product_id`)
) ENGINE=MyISAM DEFAULT CHARSET=utf8;

-- --------------------------------------------------------

--
-- Структура таблицы `catalog_product_property`
--

DROP TABLE IF EXISTS `catalog_product_property`;
CREATE TABLE IF NOT EXISTS `catalog_product_property` (
  `property_id` int(11) NOT NULL AUTO_INCREMENT,
  `name` varchar(200) NOT NULL,
  `ident` varchar(200) NOT NULL,
  `sort_order` int(11) NOT NULL,
  PRIMARY KEY (`property_id`)
) ENGINE=MyISAM DEFAULT CHARSET=utf8 AUTO_INCREMENT=1 ;

-- --------------------------------------------------------

--
-- Структура таблицы `catalog_product_property_value`
--

DROP TABLE IF EXISTS `catalog_product_property_value`;
CREATE TABLE IF NOT EXISTS `catalog_product_property_value` (
  `property_value_id` int(11) NOT NULL AUTO_INCREMENT,
  `property_id` int(11) NOT NULL,
  `product_id` int(11) NOT NULL,
  `value` text NOT NULL,
  PRIMARY KEY (`property_value_id`)
) ENGINE=MyISAM DEFAULT CHARSET=utf8 AUTO_INCREMENT=1 ;

-- --------------------------------------------------------

--
-- Структура таблицы `catalog_product_related`
--

DROP TABLE IF EXISTS `catalog_product_related`;
CREATE TABLE IF NOT EXISTS `catalog_product_related` (
  `related_id` int(11) NOT NULL AUTO_INCREMENT,
  `main_product_id` int(11) NOT NULL,
  `related_product_id` int(11) NOT NULL,
  PRIMARY KEY (`related_id`)
) ENGINE=MyISAM DEFAULT CHARSET=utf8 AUTO_INCREMENT=1 ;

-- --------------------------------------------------------

--
-- Структура таблицы `catalog_product_review`
--

DROP TABLE IF EXISTS `catalog_product_review`;
CREATE TABLE IF NOT EXISTS `catalog_product_review` (
  `review_id` int(11) NOT NULL AUTO_INCREMENT,
  `parent_review_id` int(11) NOT NULL DEFAULT '0',
  `product_id` int(11) NOT NULL,
  `date_creat` timestamp NOT NULL DEFAULT CURRENT_TIMESTAMP,
  `user_id` int(11) DEFAULT NULL,
  `user_name` varchar(300) DEFAULT NULL,
  `user_email` varchar(300) DEFAULT NULL,
  `mark` double NOT NULL DEFAULT '0',
  `comment` text NOT NULL,
  `pros` text NOT NULL,
  `cons` text NOT NULL,
  `status` int(1) NOT NULL,
  PRIMARY KEY (`review_id`)
) ENGINE=MyISAM  DEFAULT CHARSET=utf8 AUTO_INCREMENT=2 ;

-- --------------------------------------------------------

--
-- Структура таблицы `catalog_product_translation`
--

DROP TABLE IF EXISTS `catalog_product_translation`;
CREATE TABLE IF NOT EXISTS `catalog_product_translation` (
  `product_translation_id` int(11) NOT NULL AUTO_INCREMENT,
  `product_id` int(11) NOT NULL,
  `language_code` varchar(2) NOT NULL,
  `name` varchar(500) DEFAULT NULL,
  `announcement` text,
  `description` text,
  `meta_keywords` varchar(500) DEFAULT NULL,
  `page_title` varchar(500) DEFAULT NULL,
  `meta_description` varchar(2000) DEFAULT NULL,
  PRIMARY KEY (`product_translation_id`)
) ENGINE=MyISAM  DEFAULT CHARSET=utf8 AUTO_INCREMENT=969 ;

--
-- Дамп данных таблицы `catalog_product_translation`
--

INSERT INTO `catalog_product_translation` (`product_translation_id`, `product_id`, `language_code`, `name`, `announcement`, `description`, `meta_keywords`, `page_title`, `meta_description`) VALUES
(1, 1500, 'ru', 'Buff KUKUXUMUSU PIPOL', NULL, 'Buff KUKUXUMUSU PIPOL', 'Buff KUKUXUMUSU PIPOL', 'Buff KUKUXUMUSU PIPOL', 'Buff KUKUXUMUSU PIPOL'),
(2, 1501, 'ru', 'JUNIOR BUFF   CUPIDO Jr.', NULL, 'JUNIOR BUFF   CUPIDO Jr.', 'JUNIOR BUFF   CUPIDO Jr.', 'JUNIOR BUFF   CUPIDO Jr.', 'JUNIOR BUFF   CUPIDO Jr.'),
(3, 1502, 'ru', 'Original Buff BAEZ', NULL, 'Original Buff BAEZ', 'Original Buff BAEZ', 'Original Buff BAEZ', 'Original Buff BAEZ'),
(4, 1503, 'ru', 'Original Buff BIKING', NULL, 'Original Buff BIKING', 'Original Buff BIKING', 'Original Buff BIKING', 'Original Buff BIKING'),
(5, 1504, 'ru', 'Original Buff ENDURO', NULL, 'Original Buff ENDURO', 'Original Buff ENDURO', 'Original Buff ENDURO', 'Original Buff ENDURO'),
(6, 1505, 'ru', 'Original Buff METAL TRIBAL', NULL, 'Original Buff METAL TRIBAL', 'Original Buff METAL TRIBAL', 'Original Buff METAL TRIBAL', 'Original Buff METAL TRIBAL'),
(7, 1506, 'ru', 'Original Buff OAHU BLACK', NULL, 'Original Buff OAHU BLACK', 'Original Buff OAHU BLACK', 'Original Buff OAHU BLACK', 'Original Buff OAHU BLACK'),
(8, 1507, 'ru', 'Original Buff PARACAS', NULL, 'Original Buff PARACAS', 'Original Buff PARACAS', 'Original Buff PARACAS', 'Original Buff PARACAS'),
(9, 1508, 'ru', 'Original Buff ROTKO', NULL, 'Original Buff ROTKO', 'Original Buff ROTKO', 'Original Buff ROTKO', 'Original Buff ROTKO'),
(10, 1509, 'ru', 'Original Buff SHARE', NULL, 'Original Buff SHARE', 'Original Buff SHARE', 'Original Buff SHARE', 'Original Buff SHARE'),
(11, 1510, 'ru', 'ORIGINAL BUFF® FIRE', NULL, 'ORIGINAL BUFF® FIRE', 'ORIGINAL BUFF® FIRE', 'ORIGINAL BUFF® FIRE', 'ORIGINAL BUFF® FIRE'),
(12, 1511, 'ru', 'ORIGINAL BUFF® MALLA', NULL, 'ORIGINAL BUFF® MALLA', 'ORIGINAL BUFF® MALLA', 'ORIGINAL BUFF® MALLA', 'ORIGINAL BUFF® MALLA'),
(13, 1512, 'ru', 'REFLECTIVE BUFF® R-REFRE', NULL, 'REFLECTIVE BUFF® R-REFRE', 'REFLECTIVE BUFF® R-REFRE', 'REFLECTIVE BUFF® R-REFRE', 'REFLECTIVE BUFF® R-REFRE'),
(14, 1513, 'ru', 'TUBULAR UV BUFF® BUBUTO', NULL, 'TUBULAR UV BUFF® BUBUTO', 'TUBULAR UV BUFF® BUBUTO', 'TUBULAR UV BUFF® BUBUTO', 'TUBULAR UV BUFF® BUBUTO'),
(15, 1514, 'ru', 'Амортизаторы EXPLORE', NULL, 'Амортизаторы EXPLORE', 'Амортизаторы EXPLORE', 'Амортизаторы EXPLORE', 'Амортизаторы EXPLORE'),
(16, 1515, 'ru', 'Дека Jart  499', NULL, 'Дека Jart  499', 'Дека Jart  499', 'Дека Jart  499', 'Дека Jart  499'),
(17, 1516, 'ru', 'Дека Jart 540', NULL, 'Дека Jart 540', 'Дека Jart 540', 'Дека Jart 540', 'Дека Jart 540'),
(18, 1517, 'ru', 'Колеса 30', NULL, 'Колеса 30', 'Колеса 30', 'Колеса 30', 'Колеса 30'),
(19, 1518, 'ru', 'Колеса Jart (комплект) 250', NULL, 'Колеса Jart (комплект) 250', 'Колеса Jart (комплект) 250', 'Колеса Jart (комплект) 250', 'Колеса Jart (комплект) 250'),
(20, 1519, 'ru', 'Подвески SU11 REVOL LOGO 2 Red 5', NULL, 'Подвески SU11 REVOL LOGO 2 Red 5', 'Подвески SU11 REVOL LOGO 2 Red 5', 'Подвески SU11 REVOL LOGO 2 Red 5', 'Подвески SU11 REVOL LOGO 2 Red 5'),
(21, 1520, 'ru', 'Подвески SU11 REVOL LOGO Black 5', NULL, 'Подвески SU11 REVOL LOGO Black 5', 'Подвески SU11 REVOL LOGO Black 5', 'Подвески SU11 REVOL LOGO Black 5', 'Подвески SU11 REVOL LOGO Black 5'),
(22, 1521, 'ru', 'Подшипники Jart ab 3', NULL, 'Подшипники Jart ab 3', 'Подшипники Jart ab 3', 'Подшипники Jart ab 3', 'Подшипники Jart ab 3'),
(23, 1522, 'ru', 'СOMPLETE DARK STAR SU11 EXPLODE FP Silve', NULL, 'СOMPLETE DARK STAR SU11 EXPLODE FP Silve', 'СOMPLETE DARK STAR SU11 EXPLODE FP Silve', 'СOMPLETE DARK STAR SU11 EXPLODE FP Silve', 'СOMPLETE DARK STAR SU11 EXPLODE FP Silve'),
(24, 1523, 'ru', 'СOMPLETE DARK STAR SU11 TEMPEST FP Blue/', NULL, 'СOMPLETE DARK STAR SU11 TEMPEST FP Blue/', 'СOMPLETE DARK STAR SU11 TEMPEST FP Blue/', 'СOMPLETE DARK STAR SU11 TEMPEST FP Blue/', 'СOMPLETE DARK STAR SU11 TEMPEST FP Blue/'),
(25, 1524, 'ru', 'СOMPLETE DARK STAR SU11 WARHEADS FP Gold', NULL, 'СOMPLETE DARK STAR SU11 WARHEADS FP Gold', 'СOMPLETE DARK STAR SU11 WARHEADS FP Gold', 'СOMPLETE DARK STAR SU11 WARHEADS FP Gold', 'СOMPLETE DARK STAR SU11 WARHEADS FP Gold'),
(26, 1525, 'ru', 'СOMPLETE SPD SU11 MOB MIX MASTER Pur/Blk', NULL, 'СOMPLETE SPD SU11 MOB MIX MASTER Pur/Blk', 'СOMPLETE SPD SU11 MOB MIX MASTER Pur/Blk', 'СOMPLETE SPD SU11 MOB MIX MASTER Pur/Blk', 'СOMPLETE SPD SU11 MOB MIX MASTER Pur/Blk'),
(27, 1526, 'ru', 'Скейт  ALMOST SP11 PLASTERED TT', NULL, 'Скейт  ALMOST SP11 PLASTERED TT', 'Скейт  ALMOST SP11 PLASTERED TT', 'Скейт  ALMOST SP11 PLASTERED TT', 'Скейт  ALMOST SP11 PLASTERED TT'),
(28, 1527, 'ru', 'Скейт  SPD SP11 MOB SUICYCO Red/', NULL, 'Скейт  SPD SP11 MOB SUICYCO Red/', 'Скейт  SPD SP11 MOB SUICYCO Red/', 'Скейт  SPD SP11 MOB SUICYCO Red/', 'Скейт  SPD SP11 MOB SUICYCO Red/'),
(29, 1528, 'ru', 'Скейт BLIND SP11 CRASH Blue 7.6', NULL, 'Скейт BLIND SP11 CRASH Blue 7.6', 'Скейт BLIND SP11 CRASH Blue 7.6', 'Скейт BLIND SP11 CRASH Blue 7.6', 'Скейт BLIND SP11 CRASH Blue 7.6'),
(30, 1529, 'ru', 'Скейт Exploler Elite', NULL, 'Скейт Exploler Elite', 'Скейт Exploler Elite', 'Скейт Exploler Elite', 'Скейт Exploler Elite'),
(31, 1530, 'ru', 'Скейт Exploler Good Boys', NULL, 'Скейт Exploler Good Boys', 'Скейт Exploler Good Boys', 'Скейт Exploler Good Boys', 'Скейт Exploler Good Boys'),
(32, 1531, 'ru', 'Скейт Exploler Kinder', NULL, 'Скейт Exploler Kinder', 'Скейт Exploler Kinder', 'Скейт Exploler Kinder', 'Скейт Exploler Kinder'),
(33, 1532, 'ru', 'Скейт Exploler Off Road', NULL, 'Скейт Exploler Off Road', 'Скейт Exploler Off Road', 'Скейт Exploler Off Road', 'Скейт Exploler Off Road'),
(34, 1533, 'ru', 'Скейт Exploler Penny 23"', NULL, 'Скейт Exploler Penny 23"', 'Скейт Exploler Penny 23"', 'Скейт Exploler Penny 23"', 'Скейт Exploler Penny 23"'),
(35, 1534, 'ru', 'Бинокль Binoculars', NULL, 'Бинокль Binoculars', 'Бинокль Binoculars', 'Бинокль Binoculars', 'Бинокль Binoculars'),
(36, 1535, 'ru', 'Бинокль Binoculars 30x50', NULL, 'Бинокль Binoculars 30x50', 'Бинокль Binoculars 30x50', 'Бинокль Binoculars 30x50', 'Бинокль Binoculars 30x50'),
(37, 1536, 'ru', 'Бинокль Bushell 10х25', NULL, 'Бинокль Bushell 10х25', 'Бинокль Bushell 10х25', 'Бинокль Bushell 10х25', 'Бинокль Bushell 10х25'),
(38, 1537, 'ru', 'Бинокль Bushell 30x50 Camo', NULL, 'Бинокль Bushell 30x50 Camo', 'Бинокль Bushell 30x50 Camo', 'Бинокль Bushell 30x50 Camo', 'Бинокль Bushell 30x50 Camo'),
(39, 1538, 'ru', 'Бинокль Bushell 8x21', NULL, 'Бинокль Bushell 8x21', 'Бинокль Bushell 8x21', 'Бинокль Bushell 8x21', 'Бинокль Bushell 8x21'),
(40, 1539, 'ru', 'Бинокль Comet 8x40', NULL, 'Бинокль Comet 8x40', 'Бинокль Comet 8x40', 'Бинокль Comet 8x40', 'Бинокль Comet 8x40'),
(41, 1540, 'ru', 'Бинокль Nikula', NULL, 'Бинокль Nikula', 'Бинокль Nikula', 'Бинокль Nikula', 'Бинокль Nikula'),
(42, 1541, 'ru', 'Бинокль Tasco 10х25', NULL, 'Бинокль Tasco 10х25', 'Бинокль Tasco 10х25', 'Бинокль Tasco 10х25', 'Бинокль Tasco 10х25'),
(43, 1542, 'ru', 'Бинокль Tasco 30x25', NULL, 'Бинокль Tasco 30x25', 'Бинокль Tasco 30x25', 'Бинокль Tasco 30x25', 'Бинокль Tasco 30x25'),
(44, 1543, 'ru', 'Телескоп', NULL, 'Телескоп', 'Телескоп', 'Телескоп', 'Телескоп'),
(45, 1544, 'ru', 'Munkees 3135 карабин Compass with Thermometer', NULL, 'Munkees 3135 карабин Compass with Thermometer', 'Munkees 3135 карабин Compass with Thermometer', 'Munkees 3135 карабин Compass with Thermometer', 'Munkees 3135 карабин Compass with Thermometer'),
(46, 1545, 'ru', 'Munkees 3154 брелок Compass with Thermometer', NULL, 'Munkees 3154 брелок Compass with Thermometer', 'Munkees 3154 брелок Compass with Thermometer', 'Munkees 3154 брелок Compass with Thermometer', 'Munkees 3154 брелок Compass with Thermometer'),
(47, 1546, 'ru', 'Munkees 3249 карабин Pear with Screw Lock 8 mm x 80 mm', NULL, 'Munkees 3249 карабин Pear with Screw Lock 8 mm x 80 mm', 'Munkees 3249 карабин Pear with Screw Lock 8 mm x 80 mm', 'Munkees 3249 карабин Pear with Screw Lock 8 mm x 80 mm', 'Munkees 3249 карабин Pear with Screw Lock 8 mm x 80 mm'),
(48, 1547, 'ru', 'Munkees 3260 карабин Ying Yang', NULL, 'Munkees 3260 карабин Ying Yang', 'Munkees 3260 карабин Ying Yang', 'Munkees 3260 карабин Ying Yang', 'Munkees 3260 карабин Ying Yang'),
(49, 1548, 'ru', 'Munkees 3352 брелок Wood Whistle - Ox', NULL, 'Munkees 3352 брелок Wood Whistle - Ox', 'Munkees 3352 брелок Wood Whistle - Ox', 'Munkees 3352 брелок Wood Whistle - Ox', 'Munkees 3352 брелок Wood Whistle - Ox'),
(50, 1549, 'ru', 'Munkees 3360 брелок Wood Whistle - Rooster', NULL, 'Munkees 3360 брелок Wood Whistle - Rooster', 'Munkees 3360 брелок Wood Whistle - Rooster', 'Munkees 3360 брелок Wood Whistle - Rooster', 'Munkees 3360 брелок Wood Whistle - Rooster'),
(51, 1550, 'ru', 'Munkees 3385 брелок Emergency Whistle', NULL, 'Munkees 3385 брелок Emergency Whistle', 'Munkees 3385 брелок Emergency Whistle', 'Munkees 3385 брелок Emergency Whistle', 'Munkees 3385 брелок Emergency Whistle'),
(52, 1551, 'ru', 'Munkees 3390 брелок SS Whistle', NULL, 'Munkees 3390 брелок SS Whistle', 'Munkees 3390 брелок SS Whistle', 'Munkees 3390 брелок SS Whistle', 'Munkees 3390 брелок SS Whistle'),
(53, 1552, 'ru', 'Munkees 3411 брелок-открывашка Lizard', NULL, 'Munkees 3411 брелок-открывашка Lizard', 'Munkees 3411 брелок-открывашка Lizard', 'Munkees 3411 брелок-открывашка Lizard', 'Munkees 3411 брелок-открывашка Lizard'),
(54, 1553, 'ru', 'Munkees 3412 брелок-открывашка Shark', NULL, 'Munkees 3412 брелок-открывашка Shark', 'Munkees 3412 брелок-открывашка Shark', 'Munkees 3412 брелок-открывашка Shark', 'Munkees 3412 брелок-открывашка Shark'),
(55, 1554, 'ru', 'Munkees 3416 брелок-открывашка Squirrel', NULL, 'Munkees 3416 брелок-открывашка Squirrel', 'Munkees 3416 брелок-открывашка Squirrel', 'Munkees 3416 брелок-открывашка Squirrel', 'Munkees 3416 брелок-открывашка Squirrel'),
(56, 1555, 'ru', 'Munkees 3418 брелок-открывашка Guitar', NULL, 'Munkees 3418 брелок-открывашка Guitar', 'Munkees 3418 брелок-открывашка Guitar', 'Munkees 3418 брелок-открывашка Guitar', 'Munkees 3418 брелок-открывашка Guitar'),
(57, 1556, 'ru', 'Munkees 3428 брелок-открывашка Fish Bone', NULL, 'Munkees 3428 брелок-открывашка Fish Bone', 'Munkees 3428 брелок-открывашка Fish Bone', 'Munkees 3428 брелок-открывашка Fish Bone', 'Munkees 3428 брелок-открывашка Fish Bone'),
(58, 1557, 'ru', 'Munkees 3430 брелок-открывашка Penguin', NULL, 'Munkees 3430 брелок-открывашка Penguin', 'Munkees 3430 брелок-открывашка Penguin', 'Munkees 3430 брелок-открывашка Penguin', 'Munkees 3430 брелок-открывашка Penguin'),
(59, 1558, 'ru', 'Munkees 3440 брелок-открывашка Dolphin', NULL, 'Munkees 3440 брелок-открывашка Dolphin', 'Munkees 3440 брелок-открывашка Dolphin', 'Munkees 3440 брелок-открывашка Dolphin', 'Munkees 3440 брелок-открывашка Dolphin'),
(60, 1559, 'ru', 'Munkees 3457 брелок-открывашка Standard', NULL, 'Munkees 3457 брелок-открывашка Standard', 'Munkees 3457 брелок-открывашка Standard', 'Munkees 3457 брелок-открывашка Standard', 'Munkees 3457 брелок-открывашка Standard'),
(61, 1560, 'ru', 'Munkees 3473 брелок-открывашка Moose', NULL, 'Munkees 3473 брелок-открывашка Moose', 'Munkees 3473 брелок-открывашка Moose', 'Munkees 3473 брелок-открывашка Moose', 'Munkees 3473 брелок-открывашка Moose'),
(62, 1561, 'ru', 'Munkees 3625 брелок Waterproof Capsule small', NULL, 'Munkees 3625 брелок Waterproof Capsule small', 'Munkees 3625 брелок Waterproof Capsule small', 'Munkees 3625 брелок Waterproof Capsule small', 'Munkees 3625 брелок Waterproof Capsule small'),
(63, 1562, 'ru', 'Сумка на багажник 2-х секц KB-204', NULL, 'Сумка на багажник 2-х секц KB-204', 'Сумка на багажник 2-х секц KB-204', 'Сумка на багажник 2-х секц KB-204', 'Сумка на багажник 2-х секц KB-204'),
(64, 1563, 'ru', 'Багажник NV-313 26", Черный', NULL, 'Багажник NV-313 26", Черный', 'Багажник NV-313 26", Черный', 'Багажник NV-313 26", Черный', 'Багажник NV-313 26", Черный'),
(65, 1564, 'ru', 'Гантели 12 LB (5.5 кг.)', NULL, 'Гантели 12 LB (5.5 кг.)', 'Гантели 12 LB (5.5 кг.)', 'Гантели 12 LB (5.5 кг.)', 'Гантели 12 LB (5.5 кг.)'),
(66, 1565, 'ru', 'Гантели 3,5 кг.', NULL, 'Гантели 3,5 кг.', 'Гантели 3,5 кг.', 'Гантели 3,5 кг.', 'Гантели 3,5 кг.'),
(67, 1566, 'ru', 'Гантели 4 кг.', NULL, 'Гантели 4 кг.', 'Гантели 4 кг.', 'Гантели 4 кг.', 'Гантели 4 кг.'),
(68, 1567, 'ru', 'Гантели 8 LB (3,5 кг.)', NULL, 'Гантели 8 LB (3,5 кг.)', 'Гантели 8 LB (3,5 кг.)', 'Гантели 8 LB (3,5 кг.)', 'Гантели 8 LB (3,5 кг.)'),
(69, 1568, 'ru', 'Гантели наборные 10 кг. прорезин.', NULL, 'Гантели наборные 10 кг. прорезин.', 'Гантели наборные 10 кг. прорезин.', 'Гантели наборные 10 кг. прорезин.', 'Гантели наборные 10 кг. прорезин.'),
(70, 1569, 'ru', 'Гантели наборные 15 кг. прорезин.', NULL, 'Гантели наборные 15 кг. прорезин.', 'Гантели наборные 15 кг. прорезин.', 'Гантели наборные 15 кг. прорезин.', 'Гантели наборные 15 кг. прорезин.'),
(71, 1570, 'ru', 'Гантели наборные 15 кг.- пара 500 грн.', NULL, 'Гантели наборные 15 кг.- пара 500 грн.', 'Гантели наборные 15 кг.- пара 500 грн.', 'Гантели наборные 15 кг.- пара 500 грн.', 'Гантели наборные 15 кг.- пара 500 грн.'),
(72, 1571, 'ru', 'Гантели наборные 20 кг. прорезин.', NULL, 'Гантели наборные 20 кг. прорезин.', 'Гантели наборные 20 кг. прорезин.', 'Гантели наборные 20 кг. прорезин.', 'Гантели наборные 20 кг. прорезин.'),
(73, 1572, 'ru', 'Велосипед детский  Lexus BC15Q', NULL, 'Велосипед детский  Lexus BC15Q', 'Велосипед детский  Lexus BC15Q', 'Велосипед детский  Lexus BC15Q', 'Велосипед детский  Lexus BC15Q'),
(74, 1573, 'ru', 'Велосипед детский  M 0449-1', NULL, 'Велосипед детский  M 0449-1', 'Велосипед детский  M 0449-1', 'Велосипед детский  M 0449-1', 'Велосипед детский  M 0449-1'),
(75, 1574, 'ru', 'Машина B35R-3', NULL, 'Машина B35R-3', 'Машина B35R-3', 'Машина B35R-3', 'Машина B35R-3'),
(76, 1575, 'ru', 'Весла Bestway Алюминий', NULL, 'Весла Bestway Алюминий', 'Весла Bestway Алюминий', 'Весла Bestway Алюминий', 'Весла Bestway Алюминий'),
(77, 1576, 'ru', 'Клапан для лодки Intex', NULL, 'Клапан для лодки Intex', 'Клапан для лодки Intex', 'Клапан для лодки Intex', 'Клапан для лодки Intex'),
(78, 1577, 'ru', 'Лодка Bestway 65044 УЦЕНКА', NULL, 'Лодка Bestway 65044 УЦЕНКА', 'Лодка Bestway 65044 УЦЕНКА', 'Лодка Bestway 65044 УЦЕНКА', 'Лодка Bestway 65044 УЦЕНКА'),
(79, 1578, 'ru', 'Лодка Intex Excursion 68305', NULL, 'Лодка Intex Excursion 68305', 'Лодка Intex Excursion 68305', 'Лодка Intex Excursion 68305', 'Лодка Intex Excursion 68305'),
(80, 1579, 'ru', 'Лодка Intex Sea Hawk 68345', NULL, 'Лодка Intex Sea Hawk 68345', 'Лодка Intex Sea Hawk 68345', 'Лодка Intex Sea Hawk 68345', 'Лодка Intex Sea Hawk 68345'),
(81, 1580, 'ru', 'Лодка Intex Sea Hawk 68349', NULL, 'Лодка Intex Sea Hawk 68349', 'Лодка Intex Sea Hawk 68349', 'Лодка Intex Sea Hawk 68349', 'Лодка Intex Sea Hawk 68349'),
(82, 1581, 'ru', 'Пробка для лодки Intex', NULL, 'Пробка для лодки Intex', 'Пробка для лодки Intex', 'Пробка для лодки Intex', 'Пробка для лодки Intex'),
(83, 1582, 'ru', 'Трубки для весел Intex Алюминий 69627', NULL, 'Трубки для весел Intex Алюминий 69627', 'Трубки для весел Intex Алюминий 69627', 'Трубки для весел Intex Алюминий 69627', 'Трубки для весел Intex Алюминий 69627'),
(84, 1583, 'ru', 'Бассейн Intex 54909', NULL, 'Бассейн Intex 54909', 'Бассейн Intex 54909', 'Бассейн Intex 54909', 'Бассейн Intex 54909'),
(85, 1584, 'ru', 'Бассейн Intex 56420', NULL, 'Бассейн Intex 56420', 'Бассейн Intex 56420', 'Бассейн Intex 56420', 'Бассейн Intex 56420'),
(86, 1585, 'ru', 'Бассейн Intex 56422', NULL, 'Бассейн Intex 56422', 'Бассейн Intex 56422', 'Бассейн Intex 56422', 'Бассейн Intex 56422'),
(87, 1586, 'ru', 'Бассейн Intex 56905', NULL, 'Бассейн Intex 56905', 'Бассейн Intex 56905', 'Бассейн Intex 56905', 'Бассейн Intex 56905'),
(88, 1587, 'ru', 'Бассейн Intex 56920', NULL, 'Бассейн Intex 56920', 'Бассейн Intex 56920', 'Бассейн Intex 56920', 'Бассейн Intex 56920'),
(89, 1588, 'ru', 'Бассейн Intex 56930', NULL, 'Бассейн Intex 56930', 'Бассейн Intex 56930', 'Бассейн Intex 56930', 'Бассейн Intex 56930'),
(90, 1589, 'ru', 'Бассейн Intex 56932', NULL, 'Бассейн Intex 56932', 'Бассейн Intex 56932', 'Бассейн Intex 56932', 'Бассейн Intex 56932'),
(91, 1590, 'ru', 'Кресло Intex 68563', NULL, 'Кресло Intex 68563', 'Кресло Intex 68563', 'Кресло Intex 68563', 'Кресло Intex 68563'),
(92, 1591, 'ru', 'Манеж Intex 48473', NULL, 'Манеж Intex 48473', 'Манеж Intex 48473', 'Манеж Intex 48473', 'Манеж Intex 48473'),
(93, 1592, 'ru', 'Матрац Bestway 67386', NULL, 'Матрац Bestway 67386', 'Матрац Bestway 67386', 'Матрац Bestway 67386', 'Матрац Bestway 67386'),
(94, 1593, 'ru', 'Матрац Intex 59196', NULL, 'Матрац Intex 59196', 'Матрац Intex 59196', 'Матрац Intex 59196', 'Матрац Intex 59196'),
(95, 1594, 'ru', 'Матрац Intex 66720', NULL, 'Матрац Intex 66720', 'Матрац Intex 66720', 'Матрац Intex 66720', 'Матрац Intex 66720'),
(96, 1595, 'ru', 'Матрац Intex 66721', NULL, 'Матрац Intex 66721', 'Матрац Intex 66721', 'Матрац Intex 66721', 'Матрац Intex 66721'),
(97, 1596, 'ru', 'Матрац Intex 66767', NULL, 'Матрац Intex 66767', 'Матрац Intex 66767', 'Матрац Intex 66767', 'Матрац Intex 66767'),
(98, 1597, 'ru', 'Матрац Intex 68765', NULL, 'Матрац Intex 68765', 'Матрац Intex 68765', 'Матрац Intex 68765', 'Матрац Intex 68765'),
(99, 1598, 'ru', 'Матрац с массажем 19333', NULL, 'Матрац с массажем 19333', 'Матрац с массажем 19333', 'Матрац с массажем 19333', 'Матрац с массажем 19333'),
(100, 1599, 'ru', 'Надувная софа Intex 68560', NULL, 'Надувная софа Intex 68560', 'Надувная софа Intex 68560', 'Надувная софа Intex 68560', 'Надувная софа Intex 68560'),
(101, 1600, 'ru', 'Насос Intex 66620', NULL, 'Насос Intex 66620', 'Насос Intex 66620', 'Насос Intex 66620', 'Насос Intex 66620'),
(102, 1601, 'ru', 'Насос Intex 66630', NULL, 'Насос Intex 66630', 'Насос Intex 66630', 'Насос Intex 66630', 'Насос Intex 66630'),
(103, 1602, 'ru', 'Насос Intex 68610', NULL, 'Насос Intex 68610', 'Насос Intex 68610', 'Насос Intex 68610', 'Насос Intex 68610'),
(104, 1603, 'ru', 'Насос Intex 68612', NULL, 'Насос Intex 68612', 'Насос Intex 68612', 'Насос Intex 68612', 'Насос Intex 68612'),
(105, 1604, 'ru', 'Насос Intex 68614', NULL, 'Насос Intex 68614', 'Насос Intex 68614', 'Насос Intex 68614', 'Насос Intex 68614'),
(106, 1605, 'ru', 'Подушка Intex 68671', NULL, 'Подушка Intex 68671', 'Подушка Intex 68671', 'Подушка Intex 68671', 'Подушка Intex 68671'),
(107, 1606, 'ru', 'Покрытие для бассейнов Intex 58919', NULL, 'Покрытие для бассейнов Intex 58919', 'Покрытие для бассейнов Intex 58919', 'Покрытие для бассейнов Intex 58919', 'Покрытие для бассейнов Intex 58919'),
(108, 1607, 'ru', 'Покрытие для бассейнов Intex 59954', NULL, 'Покрытие для бассейнов Intex 59954', 'Покрытие для бассейнов Intex 59954', 'Покрытие для бассейнов Intex 59954', 'Покрытие для бассейнов Intex 59954'),
(109, 1608, 'ru', 'Ремкомплект для матрасов', NULL, 'Ремкомплект для матрасов', 'Ремкомплект для матрасов', 'Ремкомплект для матрасов', 'Ремкомплект для матрасов'),
(110, 1609, 'ru', 'Антизапотеватель для масок Technisub', NULL, 'Антизапотеватель для масок Technisub', 'Антизапотеватель для масок Technisub', 'Антизапотеватель для масок Technisub', 'Антизапотеватель для масок Technisub'),
(111, 1610, 'ru', 'Игровой центр Disney - Замок', NULL, 'Игровой центр Disney - Замок', 'Игровой центр Disney - Замок', 'Игровой центр Disney - Замок', 'Игровой центр Disney - Замок'),
(112, 1611, 'ru', 'Ласты "Турист"', NULL, 'Ласты "Турист"', 'Ласты "Турист"', 'Ласты "Турист"', 'Ласты "Турист"'),
(113, 1612, 'ru', 'Ласты "Турист" детские', NULL, 'Ласты "Турист" детские', 'Ласты "Турист" детские', 'Ласты "Турист" детские', 'Ласты "Турист" детские'),
(114, 1613, 'ru', 'Ласты Dolwor F366 40/42', NULL, 'Ласты Dolwor F366 40/42', 'Ласты Dolwor F366 40/42', 'Ласты Dolwor F366 40/42', 'Ласты Dolwor F366 40/42'),
(115, 1614, 'ru', 'Ласты Dolwor X-Deep F366 43/44', NULL, 'Ласты Dolwor X-Deep F366 43/44', 'Ласты Dolwor X-Deep F366 43/44', 'Ласты Dolwor X-Deep F366 43/44', 'Ласты Dolwor X-Deep F366 43/44'),
(116, 1615, 'ru', 'Ласты Technisub Caravelle 28/29', NULL, 'Ласты Technisub Caravelle 28/29', 'Ласты Technisub Caravelle 28/29', 'Ласты Technisub Caravelle 28/29', 'Ласты Technisub Caravelle 28/29'),
(117, 1616, 'ru', 'Ласты Technisub Caravelle 32/33', NULL, 'Ласты Technisub Caravelle 32/33', 'Ласты Technisub Caravelle 32/33', 'Ласты Technisub Caravelle 32/33', 'Ласты Technisub Caravelle 32/33'),
(118, 1617, 'ru', 'Ласты Technisub Caravelle 36/37', NULL, 'Ласты Technisub Caravelle 36/37', 'Ласты Technisub Caravelle 36/37', 'Ласты Technisub Caravelle 36/37', 'Ласты Technisub Caravelle 36/37'),
(119, 1618, 'ru', 'Ласты Technisub Caravelle 40/41', NULL, 'Ласты Technisub Caravelle 40/41', 'Ласты Technisub Caravelle 40/41', 'Ласты Technisub Caravelle 40/41', 'Ласты Technisub Caravelle 40/41'),
(120, 1619, 'ru', 'Ласты Technisub Caravelle 44/45', NULL, 'Ласты Technisub Caravelle 44/45', 'Ласты Technisub Caravelle 44/45', 'Ласты Technisub Caravelle 44/45', 'Ласты Technisub Caravelle 44/45'),
(121, 1620, 'ru', 'Ласты Technisub Express Black 36/37', NULL, 'Ласты Technisub Express Black 36/37', 'Ласты Technisub Express Black 36/37', 'Ласты Technisub Express Black 36/37', 'Ласты Technisub Express Black 36/37'),
(122, 1621, 'ru', 'Ласты Technisub Express Black 38/39', NULL, 'Ласты Technisub Express Black 38/39', 'Ласты Technisub Express Black 38/39', 'Ласты Technisub Express Black 38/39', 'Ласты Technisub Express Black 38/39'),
(123, 1622, 'ru', 'Ласты Technisub Grand Prix 32/33', NULL, 'Ласты Technisub Grand Prix 32/33', 'Ласты Technisub Grand Prix 32/33', 'Ласты Technisub Grand Prix 32/33', 'Ласты Technisub Grand Prix 32/33'),
(124, 1623, 'ru', 'Ласты Technisub Grand Prix 34/35', NULL, 'Ласты Technisub Grand Prix 34/35', 'Ласты Technisub Grand Prix 34/35', 'Ласты Technisub Grand Prix 34/35', 'Ласты Technisub Grand Prix 34/35'),
(125, 1624, 'ru', 'Ласты Technisub Grand Prix 36/37', NULL, 'Ласты Technisub Grand Prix 36/37', 'Ласты Technisub Grand Prix 36/37', 'Ласты Technisub Grand Prix 36/37', 'Ласты Technisub Grand Prix 36/37'),
(126, 1625, 'ru', 'Ласты Technisub Grand Prix 38/39', NULL, 'Ласты Technisub Grand Prix 38/39', 'Ласты Technisub Grand Prix 38/39', 'Ласты Technisub Grand Prix 38/39', 'Ласты Technisub Grand Prix 38/39'),
(127, 1626, 'ru', 'Ласты Technisub Grand Prix 40/41', NULL, 'Ласты Technisub Grand Prix 40/41', 'Ласты Technisub Grand Prix 40/41', 'Ласты Technisub Grand Prix 40/41', 'Ласты Technisub Grand Prix 40/41'),
(128, 1627, 'ru', 'Ласты Technisub Racing 38/39', NULL, 'Ласты Technisub Racing 38/39', 'Ласты Technisub Racing 38/39', 'Ласты Technisub Racing 38/39', 'Ласты Technisub Racing 38/39'),
(129, 1628, 'ru', 'Ласты Technisub Racing 40/41', NULL, 'Ласты Technisub Racing 40/41', 'Ласты Technisub Racing 40/41', 'Ласты Technisub Racing 40/41', 'Ласты Technisub Racing 40/41'),
(130, 1629, 'ru', 'Маска "Турист"', NULL, 'Маска "Турист"', 'Маска "Турист"', 'Маска "Турист"', 'Маска "Турист"'),
(131, 1630, 'ru', 'Маска №0330', NULL, 'Маска №0330', 'Маска №0330', 'Маска №0330', 'Маска №0330'),
(132, 1631, 'ru', 'Маска Technisub Aqua Sphera', NULL, 'Маска Technisub Aqua Sphera', 'Маска Technisub Aqua Sphera', 'Маска Technisub Aqua Sphera', 'Маска Technisub Aqua Sphera'),
(133, 1632, 'ru', 'Маска Technisub Flavora Nero', NULL, 'Маска Technisub Flavora Nero', 'Маска Technisub Flavora Nero', 'Маска Technisub Flavora Nero', 'Маска Technisub Flavora Nero'),
(134, 1633, 'ru', 'Маска Technisub Flavora Tr', NULL, 'Маска Technisub Flavora Tr', 'Маска Technisub Flavora Tr', 'Маска Technisub Flavora Tr', 'Маска Technisub Flavora Tr'),
(135, 1634, 'ru', 'Маска Technisub infinity', NULL, 'Маска Technisub infinity', 'Маска Technisub infinity', 'Маска Technisub infinity', 'Маска Technisub infinity'),
(136, 1635, 'ru', 'Маска Technisub Kea', NULL, 'Маска Technisub Kea', 'Маска Technisub Kea', 'Маска Technisub Kea', 'Маска Technisub Kea'),
(137, 1636, 'ru', 'Маска Technisub Look trans', NULL, 'Маска Technisub Look trans', 'Маска Technisub Look trans', 'Маска Technisub Look trans', 'Маска Technisub Look trans'),
(138, 1637, 'ru', 'Маска Technisub micromask', NULL, 'Маска Technisub micromask', 'Маска Technisub micromask', 'Маска Technisub micromask', 'Маска Technisub micromask'),
(139, 1638, 'ru', 'Маска Technisub teknika', NULL, 'Маска Technisub teknika', 'Маска Technisub teknika', 'Маска Technisub teknika', 'Маска Technisub teknika'),
(140, 1639, 'ru', 'Маска Акванавт', NULL, 'Маска Акванавт', 'Маска Акванавт', 'Маска Акванавт', 'Маска Акванавт'),
(141, 1640, 'ru', 'Набор Dolwor 40/42', NULL, 'Набор Dolwor 40/42', 'Набор Dolwor 40/42', 'Набор Dolwor 40/42', 'Набор Dolwor 40/42'),
(142, 1641, 'ru', 'Набор Technisub Look изогнутая трубка', NULL, 'Набор Technisub Look изогнутая трубка', 'Набор Technisub Look изогнутая трубка', 'Набор Technisub Look изогнутая трубка', 'Набор Technisub Look изогнутая трубка'),
(143, 1642, 'ru', 'Набор для плавания (маска и трубка )', NULL, 'Набор для плавания (маска и трубка )', 'Набор для плавания (маска и трубка )', 'Набор для плавания (маска и трубка )', 'Набор для плавания (маска и трубка )'),
(144, 1643, 'ru', 'Набор для плавания M0014 U/R', NULL, 'Набор для плавания M0014 U/R', 'Набор для плавания M0014 U/R', 'Набор для плавания M0014 U/R', 'Набор для плавания M0014 U/R'),
(145, 1644, 'ru', 'Набор для плавания M0020 U/R', NULL, 'Набор для плавания M0020 U/R', 'Набор для плавания M0020 U/R', 'Набор для плавания M0020 U/R', 'Набор для плавания M0020 U/R'),
(146, 1645, 'ru', 'Набор для плавания M101 S2', NULL, 'Набор для плавания M101 S2', 'Набор для плавания M101 S2', 'Набор для плавания M101 S2', 'Набор для плавания M101 S2'),
(147, 1646, 'ru', 'Очки для плавания 92277-20', NULL, 'Очки для плавания 92277-20', 'Очки для плавания 92277-20', 'Очки для плавания 92277-20', 'Очки для плавания 92277-20'),
(148, 1647, 'ru', 'Очки для плавания 92282-20', NULL, 'Очки для плавания 92282-20', 'Очки для плавания 92282-20', 'Очки для плавания 92282-20', 'Очки для плавания 92282-20'),
(149, 1648, 'ru', 'Очки для плавания 92285-20', NULL, 'Очки для плавания 92285-20', 'Очки для плавания 92285-20', 'Очки для плавания 92285-20', 'Очки для плавания 92285-20'),
(150, 1649, 'ru', 'Очки для плавания 92340-20', NULL, 'Очки для плавания 92340-20', 'Очки для плавания 92340-20', 'Очки для плавания 92340-20', 'Очки для плавания 92340-20'),
(151, 1650, 'ru', 'Очки для плавания 92341-55', NULL, 'Очки для плавания 92341-55', 'Очки для плавания 92341-55', 'Очки для плавания 92341-55', 'Очки для плавания 92341-55'),
(152, 1651, 'ru', 'Очки для плавания 92341-57', NULL, 'Очки для плавания 92341-57', 'Очки для плавания 92341-57', 'Очки для плавания 92341-57', 'Очки для плавания 92341-57'),
(153, 1652, 'ru', 'Очки для плавания 92345-80', NULL, 'Очки для плавания 92345-80', 'Очки для плавания 92345-80', 'Очки для плавания 92345-80', 'Очки для плавания 92345-80'),
(154, 1653, 'ru', 'Очки для плавания 92345-80', NULL, 'Очки для плавания 92345-80', 'Очки для плавания 92345-80', 'Очки для плавания 92345-80', 'Очки для плавания 92345-80'),
(155, 1654, 'ru', 'Очки для плавания 92374-50', NULL, 'Очки для плавания 92374-50', 'Очки для плавания 92374-50', 'Очки для плавания 92374-50', 'Очки для плавания 92374-50'),
(156, 1655, 'ru', 'Очки для плавания 92385-90', NULL, 'Очки для плавания 92385-90', 'Очки для плавания 92385-90', 'Очки для плавания 92385-90', 'Очки для плавания 92385-90'),
(157, 1656, 'ru', 'Очки для плавания Arena №9227720', NULL, 'Очки для плавания Arena №9227720', 'Очки для плавания Arena №9227720', 'Очки для плавания Arena №9227720', 'Очки для плавания Arena №9227720'),
(158, 1657, 'ru', 'Очки для плавания Speedo 8003980000', NULL, 'Очки для плавания Speedo 8003980000', 'Очки для плавания Speedo 8003980000', 'Очки для плавания Speedo 8003980000', 'Очки для плавания Speedo 8003980000'),
(159, 1658, 'ru', 'Очки для плавания Speedo 8042820000', NULL, 'Очки для плавания Speedo 8042820000', 'Очки для плавания Speedo 8042820000', 'Очки для плавания Speedo 8042820000', 'Очки для плавания Speedo 8042820000'),
(160, 1659, 'ru', 'Очки для плавания Speedo 8061700000', NULL, 'Очки для плавания Speedo 8061700000', 'Очки для плавания Speedo 8061700000', 'Очки для плавания Speedo 8061700000', 'Очки для плавания Speedo 8061700000'),
(161, 1660, 'ru', 'Трубка Technisub 245', NULL, 'Трубка Technisub 245', 'Трубка Technisub 245', 'Трубка Technisub 245', 'Трубка Technisub 245'),
(162, 1661, 'ru', 'Трубка Technisub Air 2 клапана', NULL, 'Трубка Technisub Air 2 клапана', 'Трубка Technisub Air 2 клапана', 'Трубка Technisub Air 2 клапана', 'Трубка Technisub Air 2 клапана'),
(163, 1662, 'ru', 'Трубка Technisub Air 2 клапана+гофра', NULL, 'Трубка Technisub Air 2 клапана+гофра', 'Трубка Technisub Air 2 клапана+гофра', 'Трубка Technisub Air 2 клапана+гофра', 'Трубка Technisub Air 2 клапана+гофра'),
(164, 1663, 'ru', 'Трубка Technisub Heliox с клапаном', NULL, 'Трубка Technisub Heliox с клапаном', 'Трубка Technisub Heliox с клапаном', 'Трубка Technisub Heliox с клапаном', 'Трубка Technisub Heliox с клапаном'),
(165, 1664, 'ru', 'Шапочки для плавания 8011514564', NULL, 'Шапочки для плавания 8011514564', 'Шапочки для плавания 8011514564', 'Шапочки для плавания 8011514564', 'Шапочки для плавания 8011514564'),
(166, 1665, 'ru', 'Шапочки для плавания 8035830000', NULL, 'Шапочки для плавания 8035830000', 'Шапочки для плавания 8035830000', 'Шапочки для плавания 8035830000', 'Шапочки для плавания 8035830000'),
(167, 1666, 'ru', 'Шапочки для плавания 8061690000', NULL, 'Шапочки для плавания 8061690000', 'Шапочки для плавания 8061690000', 'Шапочки для плавания 8061690000', 'Шапочки для плавания 8061690000'),
(168, 1667, 'ru', 'Шапочки для плавания 8069180000', NULL, 'Шапочки для плавания 8069180000', 'Шапочки для плавания 8069180000', 'Шапочки для плавания 8069180000', 'Шапочки для плавания 8069180000'),
(169, 1668, 'ru', 'Шапочки для плавания 91010-50', NULL, 'Шапочки для плавания 91010-50', 'Шапочки для плавания 91010-50', 'Шапочки для плавания 91010-50', 'Шапочки для плавания 91010-50'),
(170, 1669, 'ru', 'Шапочки для плавания 9101011', NULL, 'Шапочки для плавания 9101011', 'Шапочки для плавания 9101011', 'Шапочки для плавания 9101011', 'Шапочки для плавания 9101011'),
(171, 1670, 'ru', 'Шапочки для плавания 91131-20', NULL, 'Шапочки для плавания 91131-20', 'Шапочки для плавания 91131-20', 'Шапочки для плавания 91131-20', 'Шапочки для плавания 91131-20'),
(172, 1671, 'ru', 'Шапочки для плавания 91232-20', NULL, 'Шапочки для плавания 91232-20', 'Шапочки для плавания 91232-20', 'Шапочки для плавания 91232-20', 'Шапочки для плавания 91232-20'),
(173, 1672, 'ru', 'Шапочки для плавания 91233-20', NULL, 'Шапочки для плавания 91233-20', 'Шапочки для плавания 91233-20', 'Шапочки для плавания 91233-20', 'Шапочки для плавания 91233-20'),
(174, 1673, 'ru', 'Шапочки для плавания 91241-20', NULL, 'Шапочки для плавания 91241-20', 'Шапочки для плавания 91241-20', 'Шапочки для плавания 91241-20', 'Шапочки для плавания 91241-20'),
(175, 1674, 'ru', 'Шапочки для плавания 91289-20', NULL, 'Шапочки для плавания 91289-20', 'Шапочки для плавания 91289-20', 'Шапочки для плавания 91289-20', 'Шапочки для плавания 91289-20'),
(176, 1675, 'ru', 'Шапочки для плавания 91294-20999', NULL, 'Шапочки для плавания 91294-20999', 'Шапочки для плавания 91294-20999', 'Шапочки для плавания 91294-20999', 'Шапочки для плавания 91294-20999'),
(177, 1676, 'ru', 'Шапочки для плавания 91367-20', NULL, 'Шапочки для плавания 91367-20', 'Шапочки для плавания 91367-20', 'Шапочки для плавания 91367-20', 'Шапочки для плавания 91367-20'),
(178, 1677, 'ru', 'Шапочки для плавания 91388-20', NULL, 'Шапочки для плавания 91388-20', 'Шапочки для плавания 91388-20', 'Шапочки для плавания 91388-20', 'Шапочки для плавания 91388-20'),
(179, 1678, 'ru', 'Шапочки для плавания 9143545', NULL, 'Шапочки для плавания 9143545', 'Шапочки для плавания 9143545', 'Шапочки для плавания 9143545', 'Шапочки для плавания 9143545'),
(180, 1679, 'ru', 'Шапочки для плавания 9143685', NULL, 'Шапочки для плавания 9143685', 'Шапочки для плавания 9143685', 'Шапочки для плавания 9143685', 'Шапочки для плавания 9143685'),
(181, 1680, 'ru', 'Шапочки для плавания 9146640', NULL, 'Шапочки для плавания 9146640', 'Шапочки для плавания 9146640', 'Шапочки для плавания 9146640', 'Шапочки для плавания 9146640'),
(182, 1681, 'ru', 'Шапочки для плавания 91552-90', NULL, 'Шапочки для плавания 91552-90', 'Шапочки для плавания 91552-90', 'Шапочки для плавания 91552-90', 'Шапочки для плавания 91552-90'),
(183, 1682, 'ru', 'Шапочки для плавания Arena 9113120', NULL, 'Шапочки для плавания Arena 9113120', 'Шапочки для плавания Arena 9113120', 'Шапочки для плавания Arena 9113120', 'Шапочки для плавания Arena 9113120'),
(184, 1683, 'ru', 'Шапочки для плавания Arena 9123220', NULL, 'Шапочки для плавания Arena 9123220', 'Шапочки для плавания Arena 9123220', 'Шапочки для плавания Arena 9123220', 'Шапочки для плавания Arena 9123220'),
(185, 1684, 'ru', 'Маска Techmotions Knopfl  mat black', NULL, 'Маска Techmotions Knopfl  mat black', 'Маска Techmotions Knopfl  mat black', 'Маска Techmotions Knopfl  mat black', 'Маска Techmotions Knopfl  mat black'),
(186, 1685, 'ru', 'Маска Techmotions Knopfl blue', NULL, 'Маска Techmotions Knopfl blue', 'Маска Techmotions Knopfl blue', 'Маска Techmotions Knopfl blue', 'Маска Techmotions Knopfl blue'),
(187, 1686, 'ru', 'Маска Techmotions Knopfl yellow', NULL, 'Маска Techmotions Knopfl yellow', 'Маска Techmotions Knopfl yellow', 'Маска Techmotions Knopfl yellow', 'Маска Techmotions Knopfl yellow'),
(188, 1687, 'ru', 'Маска Techmotions SG-02 black', NULL, 'Маска Techmotions SG-02 black', 'Маска Techmotions SG-02 black', 'Маска Techmotions SG-02 black', 'Маска Techmotions SG-02 black'),
(189, 1688, 'ru', 'Маска Techmotions SG-02 grey', NULL, 'Маска Techmotions SG-02 grey', 'Маска Techmotions SG-02 grey', 'Маска Techmotions SG-02 grey', 'Маска Techmotions SG-02 grey'),
(190, 1689, 'ru', 'Очки AMBER GLOW 002 сер.гол UV400', NULL, 'Очки AMBER GLOW 002 сер.гол UV400', 'Очки AMBER GLOW 002 сер.гол UV400', 'Очки AMBER GLOW 002 сер.гол UV400', 'Очки AMBER GLOW 002 сер.гол UV400'),
(191, 1690, 'ru', 'Очки AMBER GLOW 007 черн-металик UV400', NULL, 'Очки AMBER GLOW 007 черн-металик UV400', 'Очки AMBER GLOW 007 черн-металик UV400', 'Очки AMBER GLOW 007 черн-металик UV400', 'Очки AMBER GLOW 007 черн-металик UV400'),
(192, 1691, 'ru', 'Очки AMBER GLOW ALLURE +чехол', NULL, 'Очки AMBER GLOW ALLURE +чехол', 'Очки AMBER GLOW ALLURE +чехол', 'Очки AMBER GLOW ALLURE +чехол', 'Очки AMBER GLOW ALLURE +чехол'),
(193, 1692, 'ru', 'Очки AMBER GLOW EJECTOR +чехол', NULL, 'Очки AMBER GLOW EJECTOR +чехол', 'Очки AMBER GLOW EJECTOR +чехол', 'Очки AMBER GLOW EJECTOR +чехол', 'Очки AMBER GLOW EJECTOR +чехол'),
(194, 1693, 'ru', 'Очки AMBER GLOW FANATIC +чехол', NULL, 'Очки AMBER GLOW FANATIC +чехол', 'Очки AMBER GLOW FANATIC +чехол', 'Очки AMBER GLOW FANATIC +чехол', 'Очки AMBER GLOW FANATIC +чехол'),
(195, 1694, 'ru', 'Очки AMBER GLOW Sniper +чехол', NULL, 'Очки AMBER GLOW Sniper +чехол', 'Очки AMBER GLOW Sniper +чехол', 'Очки AMBER GLOW Sniper +чехол', 'Очки AMBER GLOW Sniper +чехол'),
(196, 1695, 'ru', 'Очки AMBER GLOW TORPEDO +чехол', NULL, 'Очки AMBER GLOW TORPEDO +чехол', 'Очки AMBER GLOW TORPEDO +чехол', 'Очки AMBER GLOW TORPEDO +чехол', 'Очки AMBER GLOW TORPEDO +чехол'),
(197, 1696, 'ru', 'Очки ASICS HYPER BLACK поляризация', NULL, 'Очки ASICS HYPER BLACK поляризация', 'Очки ASICS HYPER BLACK поляризация', 'Очки ASICS HYPER BLACK поляризация', 'Очки ASICS HYPER BLACK поляризация'),
(198, 1697, 'ru', 'Очки DUNLOP 320.Blk', NULL, 'Очки DUNLOP 320.Blk', 'Очки DUNLOP 320.Blk', 'Очки DUNLOP 320.Blk', 'Очки DUNLOP 320.Blk'),
(199, 1698, 'ru', 'Очки DUNLOP 322.414', NULL, 'Очки DUNLOP 322.414', 'Очки DUNLOP 322.414', 'Очки DUNLOP 322.414', 'Очки DUNLOP 322.414'),
(200, 1699, 'ru', 'Очки DUNLOP 334.01', NULL, 'Очки DUNLOP 334.01', 'Очки DUNLOP 334.01', 'Очки DUNLOP 334.01', 'Очки DUNLOP 334.01'),
(201, 1700, 'ru', 'Очки DUNLOP 348.383', NULL, 'Очки DUNLOP 348.383', 'Очки DUNLOP 348.383', 'Очки DUNLOP 348.383', 'Очки DUNLOP 348.383'),
(202, 1701, 'ru', 'Очки DUNLOP 352 GM', NULL, 'Очки DUNLOP 352 GM', 'Очки DUNLOP 352 GM', 'Очки DUNLOP 352 GM', 'Очки DUNLOP 352 GM'),
(203, 1702, 'ru', 'Очки DUNLOP 355 GL', NULL, 'Очки DUNLOP 355 GL', 'Очки DUNLOP 355 GL', 'Очки DUNLOP 355 GL', 'Очки DUNLOP 355 GL'),
(204, 1703, 'ru', 'Очки DUNLOP 362.519 POLARIZED', NULL, 'Очки DUNLOP 362.519 POLARIZED', 'Очки DUNLOP 362.519 POLARIZED', 'Очки DUNLOP 362.519 POLARIZED', 'Очки DUNLOP 362.519 POLARIZED'),
(205, 1704, 'ru', 'Очки DUNLOP 363.207', NULL, 'Очки DUNLOP 363.207', 'Очки DUNLOP 363.207', 'Очки DUNLOP 363.207', 'Очки DUNLOP 363.207'),
(206, 1705, 'ru', 'Очки DUNLOP 368.406', NULL, 'Очки DUNLOP 368.406', 'Очки DUNLOP 368.406', 'Очки DUNLOP 368.406', 'Очки DUNLOP 368.406'),
(207, 1706, 'ru', 'Очки GALAXY JF, оправа Shiny Blood Red', NULL, 'Очки GALAXY JF, оправа Shiny Blood Red', 'Очки GALAXY JF, оправа Shiny Blood Red', 'Очки GALAXY JF, оправа Shiny Blood Red', 'Очки GALAXY JF, оправа Shiny Blood Red'),
(208, 1707, 'ru', 'Очки Goggle Е335-4P', NULL, 'Очки Goggle Е335-4P', 'Очки Goggle Е335-4P', 'Очки Goggle Е335-4P', 'Очки Goggle Е335-4P'),
(209, 1708, 'ru', 'Очки Goggle Е865-5', NULL, 'Очки Goggle Е865-5', 'Очки Goggle Е865-5', 'Очки Goggle Е865-5', 'Очки Goggle Е865-5'),
(210, 1709, 'ru', 'Очки Goggle Е878-1', NULL, 'Очки Goggle Е878-1', 'Очки Goggle Е878-1', 'Очки Goggle Е878-1', 'Очки Goggle Е878-1'),
(211, 1710, 'ru', 'Очки Goggle Е878-3', NULL, 'Очки Goggle Е878-3', 'Очки Goggle Е878-3', 'Очки Goggle Е878-3', 'Очки Goggle Е878-3'),
(212, 1711, 'ru', 'Очки Goggle зима T360-4P', NULL, 'Очки Goggle зима T360-4P', 'Очки Goggle зима T360-4P', 'Очки Goggle зима T360-4P', 'Очки Goggle зима T360-4P'),
(213, 1712, 'ru', 'Очки Goggle зима T416-2', NULL, 'Очки Goggle зима T416-2', 'Очки Goggle зима T416-2', 'Очки Goggle зима T416-2', 'Очки Goggle зима T416-2'),
(214, 1713, 'ru', 'Очки Goggle зима T416-4R', NULL, 'Очки Goggle зима T416-4R', 'Очки Goggle зима T416-4R', 'Очки Goggle зима T416-4R', 'Очки Goggle зима T416-4R'),
(215, 1714, 'ru', 'Очки Goggle зима T465-1', NULL, 'Очки Goggle зима T465-1', 'Очки Goggle зима T465-1', 'Очки Goggle зима T465-1', 'Очки Goggle зима T465-1'),
(216, 1715, 'ru', 'Очки Goggle зима T512-4', NULL, 'Очки Goggle зима T512-4', 'Очки Goggle зима T512-4', 'Очки Goggle зима T512-4', 'Очки Goggle зима T512-4'),
(217, 1716, 'ru', 'Очки HI-TEC Next 08', NULL, 'Очки HI-TEC Next 08', 'Очки HI-TEC Next 08', 'Очки HI-TEC Next 08', 'Очки HI-TEC Next 08'),
(218, 1717, 'ru', 'Очки M-ighty темное стекло', NULL, 'Очки M-ighty темное стекло', 'Очки M-ighty темное стекло', 'Очки M-ighty темное стекло', 'Очки M-ighty темное стекло'),
(219, 1718, 'ru', 'Очки NBSUN107-1 POLARIZED', NULL, 'Очки NBSUN107-1 POLARIZED', 'Очки NBSUN107-1 POLARIZED', 'Очки NBSUN107-1 POLARIZED', 'Очки NBSUN107-1 POLARIZED'),
(220, 1719, 'ru', 'ОЧКИ R2 AT025C LADY', NULL, 'ОЧКИ R2 AT025C LADY', 'ОЧКИ R2 AT025C LADY', 'ОЧКИ R2 AT025C LADY', 'ОЧКИ R2 AT025C LADY'),
(221, 1720, 'ru', 'ОЧКИ R2 AT038B WHEELER', NULL, 'ОЧКИ R2 AT038B WHEELER', 'ОЧКИ R2 AT038B WHEELER', 'ОЧКИ R2 AT038B WHEELER', 'ОЧКИ R2 AT038B WHEELER'),
(222, 1721, 'ru', 'ОЧКИ R2 AT040С CINCH', NULL, 'ОЧКИ R2 AT040С CINCH', 'ОЧКИ R2 AT040С CINCH', 'ОЧКИ R2 AT040С CINCH', 'ОЧКИ R2 AT040С CINCH'),
(223, 1722, 'ru', 'ОЧКИ R2 AT046A SPOKES', NULL, 'ОЧКИ R2 AT046A SPOKES', 'ОЧКИ R2 AT046A SPOKES', 'ОЧКИ R2 AT046A SPOKES', 'ОЧКИ R2 AT046A SPOKES'),
(224, 1723, 'ru', 'ОЧКИ R2 AT050B MISSION', NULL, 'ОЧКИ R2 AT050B MISSION', 'ОЧКИ R2 AT050B MISSION', 'ОЧКИ R2 AT050B MISSION', 'ОЧКИ R2 AT050B MISSION'),
(225, 1724, 'ru', 'ОЧКИ R2 AT050С MISSION', NULL, 'ОЧКИ R2 AT050С MISSION', 'ОЧКИ R2 AT050С MISSION', 'ОЧКИ R2 AT050С MISSION', 'ОЧКИ R2 AT050С MISSION');
INSERT INTO `catalog_product_translation` (`product_translation_id`, `product_id`, `language_code`, `name`, `announcement`, `description`, `meta_keywords`, `page_title`, `meta_description`) VALUES
(226, 1725, 'ru', 'ОЧКИ R2 AT054 CHEETAH', NULL, 'ОЧКИ R2 AT054 CHEETAH', 'ОЧКИ R2 AT054 CHEETAH', 'ОЧКИ R2 AT054 CHEETAH', 'ОЧКИ R2 AT054 CHEETAH'),
(227, 1726, 'ru', 'ОЧКИ R2 AT054В CHEETAH', NULL, 'ОЧКИ R2 AT054В CHEETAH', 'ОЧКИ R2 AT054В CHEETAH', 'ОЧКИ R2 AT054В CHEETAH', 'ОЧКИ R2 AT054В CHEETAH'),
(228, 1727, 'ru', 'ОЧКИ R2 AT055A SERPENT', NULL, 'ОЧКИ R2 AT055A SERPENT', 'ОЧКИ R2 AT055A SERPENT', 'ОЧКИ R2 AT055A SERPENT', 'ОЧКИ R2 AT055A SERPENT'),
(229, 1728, 'ru', 'ОЧКИ R2 AT063 RACER', NULL, 'ОЧКИ R2 AT063 RACER', 'ОЧКИ R2 AT063 RACER', 'ОЧКИ R2 AT063 RACER', 'ОЧКИ R2 AT063 RACER'),
(230, 1729, 'ru', 'ОЧКИ R2 AT065C  SHOCK', NULL, 'ОЧКИ R2 AT065C  SHOCK', 'ОЧКИ R2 AT065C  SHOCK', 'ОЧКИ R2 AT065C  SHOCK', 'ОЧКИ R2 AT065C  SHOCK'),
(231, 1730, 'ru', 'ОЧКИ R2 AT068 VIPER 1', NULL, 'ОЧКИ R2 AT068 VIPER 1', 'ОЧКИ R2 AT068 VIPER 1', 'ОЧКИ R2 AT068 VIPER 1', 'ОЧКИ R2 AT068 VIPER 1'),
(232, 1731, 'ru', 'ОЧКИ R2 AT069A MOUNT', NULL, 'ОЧКИ R2 AT069A MOUNT', 'ОЧКИ R2 AT069A MOUNT', 'ОЧКИ R2 AT069A MOUNT', 'ОЧКИ R2 AT069A MOUNT'),
(233, 1732, 'ru', 'ОЧКИ R2 AT073 PROS', NULL, 'ОЧКИ R2 AT073 PROS', 'ОЧКИ R2 AT073 PROS', 'ОЧКИ R2 AT073 PROS', 'ОЧКИ R2 AT073 PROS'),
(234, 1733, 'ru', 'Очки S40R, оправа Dark Red/ линзы B20FD', NULL, 'Очки S40R, оправа Dark Red/ линзы B20FD', 'Очки S40R, оправа Dark Red/ линзы B20FD', 'Очки S40R, оправа Dark Red/ линзы B20FD', 'Очки S40R, оправа Dark Red/ линзы B20FD'),
(235, 1734, 'ru', 'очки SH+ RG-4090 чёр crystal + чехол', NULL, 'очки SH+ RG-4090 чёр crystal + чехол', 'очки SH+ RG-4090 чёр crystal + чехол', 'очки SH+ RG-4090 чёр crystal + чехол', 'очки SH+ RG-4090 чёр crystal + чехол'),
(236, 1735, 'ru', 'Очки SOLSTICE, оправа Mat Alu Dark Grey', NULL, 'Очки SOLSTICE, оправа Mat Alu Dark Grey', 'Очки SOLSTICE, оправа Mat Alu Dark Grey', 'Очки SOLSTICE, оправа Mat Alu Dark Grey', 'Очки SOLSTICE, оправа Mat Alu Dark Grey'),
(237, 1736, 'ru', 'Очки SOLSTICE, оправа Mat Titanium/ Brow', NULL, 'Очки SOLSTICE, оправа Mat Titanium/ Brow', 'Очки SOLSTICE, оправа Mat Titanium/ Brow', 'Очки SOLSTICE, оправа Mat Titanium/ Brow', 'Очки SOLSTICE, оправа Mat Titanium/ Brow'),
(238, 1737, 'ru', 'Очки SPARK оправа Mat Alu Dark Grey/ Gra', NULL, 'Очки SPARK оправа Mat Alu Dark Grey/ Gra', 'Очки SPARK оправа Mat Alu Dark Grey/ Gra', 'Очки SPARK оправа Mat Alu Dark Grey/ Gra', 'Очки SPARK оправа Mat Alu Dark Grey/ Gra'),
(239, 1738, 'ru', 'Очки SPARK оправа Mat Mag/ Gradient Smok', NULL, 'Очки SPARK оправа Mat Mag/ Gradient Smok', 'Очки SPARK оправа Mat Mag/ Gradient Smok', 'Очки SPARK оправа Mat Mag/ Gradient Smok', 'Очки SPARK оправа Mat Mag/ Gradient Smok'),
(240, 1739, 'ru', 'Очки SPARK оправа Shiny Carbon/ Gradient', NULL, 'Очки SPARK оправа Shiny Carbon/ Gradient', 'Очки SPARK оправа Shiny Carbon/ Gradient', 'Очки SPARK оправа Shiny Carbon/ Gradient', 'Очки SPARK оправа Shiny Carbon/ Gradient'),
(241, 1740, 'ru', 'Очки VK Scottik + прозр. и желт. линзы', NULL, 'Очки VK Scottik + прозр. и желт. линзы', 'Очки VK Scottik + прозр. и желт. линзы', 'Очки VK Scottik + прозр. и желт. линзы', 'Очки VK Scottik + прозр. и желт. линзы'),
(242, 1741, 'ru', 'Очки спортивные TW UV400 M22091LN с двумя сменными линзами', NULL, 'Очки спортивные TW UV400 M22091LN с двумя сменными линзами', 'Очки спортивные TW UV400 M22091LN с двумя сменными линзами', 'Очки спортивные TW UV400 M22091LN с двумя сменными линзами', 'Очки спортивные TW UV400 M22091LN с двумя сменными линзами'),
(243, 1742, 'ru', 'удлинитель для маски SCOTT', NULL, 'удлинитель для маски SCOTT', 'удлинитель для маски SCOTT', 'удлинитель для маски SCOTT', 'удлинитель для маски SCOTT'),
(244, 1743, 'ru', 'Чехол жесткий MERENI, для очков и линз', NULL, 'Чехол жесткий MERENI, для очков и линз', 'Чехол жесткий MERENI, для очков и линз', 'Чехол жесткий MERENI, для очков и линз', 'Чехол жесткий MERENI, для очков и линз'),
(245, 1744, 'ru', 'Колеса для роликов  д.64 без подшибника', NULL, 'Колеса для роликов  д.64 без подшибника', 'Колеса для роликов  д.64 без подшибника', 'Колеса для роликов  д.64 без подшибника', 'Колеса для роликов  д.64 без подшибника'),
(246, 1745, 'ru', 'Колеса для роликов  д.70 без подшибника', NULL, 'Колеса для роликов  д.70 без подшибника', 'Колеса для роликов  д.70 без подшибника', 'Колеса для роликов  д.70 без подшибника', 'Колеса для роликов  д.70 без подшибника'),
(247, 1746, 'ru', 'Колеса для роликов  д.72 без подшибника', NULL, 'Колеса для роликов  д.72 без подшибника', 'Колеса для роликов  д.72 без подшибника', 'Колеса для роликов  д.72 без подшибника', 'Колеса для роликов  д.72 без подшибника'),
(248, 1747, 'ru', 'Колеса для роликов . д.64 с подшибниками', NULL, 'Колеса для роликов . д.64 с подшибниками', 'Колеса для роликов . д.64 с подшибниками', 'Колеса для роликов . д.64 с подшибниками', 'Колеса для роликов . д.64 с подшибниками'),
(249, 1748, 'ru', 'Колеса для роликов 64мм.', NULL, 'Колеса для роликов 64мм.', 'Колеса для роликов 64мм.', 'Колеса для роликов 64мм.', 'Колеса для роликов 64мм.'),
(250, 1749, 'ru', 'Колеса для самоката 145мм.', NULL, 'Колеса для самоката 145мм.', 'Колеса для самоката 145мм.', 'Колеса для самоката 145мм.', 'Колеса для самоката 145мм.'),
(251, 1750, 'ru', 'Колеса для самоката 180мм.', NULL, 'Колеса для самоката 180мм.', 'Колеса для самоката 180мм.', 'Колеса для самоката 180мм.', 'Колеса для самоката 180мм.'),
(252, 1751, 'ru', 'Ролики  Fila 010609055 PRIMO XT 40р.', NULL, 'Ролики  Fila 010609055 PRIMO XT 40р.', 'Ролики  Fila 010609055 PRIMO XT 40р.', 'Ролики  Fila 010609055 PRIMO XT 40р.', 'Ролики  Fila 010609055 PRIMO XT 40р.'),
(253, 1752, 'ru', 'Ролики "Xiangtian" 36-39 разм.(рюкзак)', NULL, 'Ролики "Xiangtian" 36-39 разм.(рюкзак)', 'Ролики "Xiangtian" 36-39 разм.(рюкзак)', 'Ролики "Xiangtian" 36-39 разм.(рюкзак)', 'Ролики "Xiangtian" 36-39 разм.(рюкзак)'),
(254, 1753, 'ru', 'Ролики Action PW-126B 37/40', NULL, 'Ролики Action PW-126B 37/40', 'Ролики Action PW-126B 37/40', 'Ролики Action PW-126B 37/40', 'Ролики Action PW-126B 37/40'),
(255, 1754, 'ru', 'Ролики Amigo A-3600 30-33р.pink', NULL, 'Ролики Amigo A-3600 30-33р.pink', 'Ролики Amigo A-3600 30-33р.pink', 'Ролики Amigo A-3600 30-33р.pink', 'Ролики Amigo A-3600 30-33р.pink'),
(256, 1755, 'ru', 'Ролики Amigo A-3600 34-37р.', NULL, 'Ролики Amigo A-3600 34-37р.', 'Ролики Amigo A-3600 34-37р.', 'Ролики Amigo A-3600 34-37р.', 'Ролики Amigo A-3600 34-37р.'),
(257, 1756, 'ru', 'Ролики Amigo A-3600 38-41р.', NULL, 'Ролики Amigo A-3600 38-41р.', 'Ролики Amigo A-3600 38-41р.', 'Ролики Amigo A-3600 38-41р.', 'Ролики Amigo A-3600 38-41р.'),
(258, 1757, 'ru', 'Ролики Amigo A-3700 34-37р.', NULL, 'Ролики Amigo A-3700 34-37р.', 'Ролики Amigo A-3700 34-37р.', 'Ролики Amigo A-3700 34-37р.', 'Ролики Amigo A-3700 34-37р.'),
(259, 1758, 'ru', 'Ролики Amigo A-4100 38р.голубой', NULL, 'Ролики Amigo A-4100 38р.голубой', 'Ролики Amigo A-4100 38р.голубой', 'Ролики Amigo A-4100 38р.голубой', 'Ролики Amigo A-4100 38р.голубой'),
(260, 1759, 'ru', 'Ролики Amigo A3800 PRO 35/38', NULL, 'Ролики Amigo A3800 PRO 35/38', 'Ролики Amigo A3800 PRO 35/38', 'Ролики Amigo A3800 PRO 35/38', 'Ролики Amigo A3800 PRO 35/38'),
(261, 1760, 'ru', 'Ролики Amigo A3800 PRO 39/42', NULL, 'Ролики Amigo A3800 PRO 39/42', 'Ролики Amigo A3800 PRO 39/42', 'Ролики Amigo A3800 PRO 39/42', 'Ролики Amigo A3800 PRO 39/42'),
(262, 1761, 'ru', 'Ролики Amigo Accent 38/41', NULL, 'Ролики Amigo Accent 38/41', 'Ролики Amigo Accent 38/41', 'Ролики Amigo Accent 38/41', 'Ролики Amigo Accent 38/41'),
(263, 1762, 'ru', 'Ролики Amigo ASPEN 34/37', NULL, 'Ролики Amigo ASPEN 34/37', 'Ролики Amigo ASPEN 34/37', 'Ролики Amigo ASPEN 34/37', 'Ролики Amigo ASPEN 34/37'),
(264, 1763, 'ru', 'Ролики Amigo ASPEN 38/41', NULL, 'Ролики Amigo ASPEN 38/41', 'Ролики Amigo ASPEN 38/41', 'Ролики Amigo ASPEN 38/41', 'Ролики Amigo ASPEN 38/41'),
(265, 1764, 'ru', 'Ролики Amigo Bronco PRO new 35/38', NULL, 'Ролики Amigo Bronco PRO new 35/38', 'Ролики Amigo Bronco PRO new 35/38', 'Ролики Amigo Bronco PRO new 35/38', 'Ролики Amigo Bronco PRO new 35/38'),
(266, 1765, 'ru', 'Ролики Amigo Comfort Flex 40/43', NULL, 'Ролики Amigo Comfort Flex 40/43', 'Ролики Amigo Comfort Flex 40/43', 'Ролики Amigo Comfort Flex 40/43', 'Ролики Amigo Comfort Flex 40/43'),
(267, 1766, 'ru', 'Ролики Amigo Concorde 32/35', NULL, 'Ролики Amigo Concorde 32/35', 'Ролики Amigo Concorde 32/35', 'Ролики Amigo Concorde 32/35', 'Ролики Amigo Concorde 32/35'),
(268, 1767, 'ru', 'Ролики Amigo Concorde 36/39', NULL, 'Ролики Amigo Concorde 36/39', 'Ролики Amigo Concorde 36/39', 'Ролики Amigo Concorde 36/39', 'Ролики Amigo Concorde 36/39'),
(269, 1768, 'ru', 'Ролики Amigo Dakota 36/39', NULL, 'Ролики Amigo Dakota 36/39', 'Ролики Amigo Dakota 36/39', 'Ролики Amigo Dakota 36/39', 'Ролики Amigo Dakota 36/39'),
(270, 1769, 'ru', 'Ролики Amigo Eagle 34/37', NULL, 'Ролики Amigo Eagle 34/37', 'Ролики Amigo Eagle 34/37', 'Ролики Amigo Eagle 34/37', 'Ролики Amigo Eagle 34/37'),
(271, 1770, 'ru', 'Ролики Amigo Eagle 38/41', NULL, 'Ролики Amigo Eagle 38/41', 'Ролики Amigo Eagle 38/41', 'Ролики Amigo Eagle 38/41', 'Ролики Amigo Eagle 38/41'),
(272, 1771, 'ru', 'Ролики Amigo ECHO new 36/39', NULL, 'Ролики Amigo ECHO new 36/39', 'Ролики Amigo ECHO new 36/39', 'Ролики Amigo ECHO new 36/39', 'Ролики Amigo ECHO new 36/39'),
(273, 1772, 'ru', 'Ролики Amigo Eldorado 34/37', NULL, 'Ролики Amigo Eldorado 34/37', 'Ролики Amigo Eldorado 34/37', 'Ролики Amigo Eldorado 34/37', 'Ролики Amigo Eldorado 34/37'),
(274, 1773, 'ru', 'Ролики Amigo Encore pro 35/38', NULL, 'Ролики Amigo Encore pro 35/38', 'Ролики Amigo Encore pro 35/38', 'Ролики Amigo Encore pro 35/38', 'Ролики Amigo Encore pro 35/38'),
(275, 1774, 'ru', 'Ролики Amigo Encore pro 39/42', NULL, 'Ролики Amigo Encore pro 39/42', 'Ролики Amigo Encore pro 39/42', 'Ролики Amigo Encore pro 39/42', 'Ролики Amigo Encore pro 39/42'),
(276, 1775, 'ru', 'Ролики Amigo Esteem pro 31/34', NULL, 'Ролики Amigo Esteem pro 31/34', 'Ролики Amigo Esteem pro 31/34', 'Ролики Amigo Esteem pro 31/34', 'Ролики Amigo Esteem pro 31/34'),
(277, 1776, 'ru', 'Ролики Amigo Esteem pro 35/38', NULL, 'Ролики Amigo Esteem pro 35/38', 'Ролики Amigo Esteem pro 35/38', 'Ролики Amigo Esteem pro 35/38', 'Ролики Amigo Esteem pro 35/38'),
(278, 1777, 'ru', 'Ролики Amigo Keddo ICE 36/39', NULL, 'Ролики Amigo Keddo ICE 36/39', 'Ролики Amigo Keddo ICE 36/39', 'Ролики Amigo Keddo ICE 36/39', 'Ролики Amigo Keddo ICE 36/39'),
(279, 1778, 'ru', 'Ролики Amigo Keddo Printing 40/43', NULL, 'Ролики Amigo Keddo Printing 40/43', 'Ролики Amigo Keddo Printing 40/43', 'Ролики Amigo Keddo Printing 40/43', 'Ролики Amigo Keddo Printing 40/43'),
(280, 1779, 'ru', 'Ролики Amigo Kodiac 34/37', NULL, 'Ролики Amigo Kodiac 34/37', 'Ролики Amigo Kodiac 34/37', 'Ролики Amigo Kodiac 34/37', 'Ролики Amigo Kodiac 34/37'),
(281, 1780, 'ru', 'Ролики Amigo Laser 34/37', NULL, 'Ролики Amigo Laser 34/37', 'Ролики Amigo Laser 34/37', 'Ролики Amigo Laser 34/37', 'Ролики Amigo Laser 34/37'),
(282, 1781, 'ru', 'Ролики Amigo Laser 38/41', NULL, 'Ролики Amigo Laser 38/41', 'Ролики Amigo Laser 38/41', 'Ролики Amigo Laser 38/41', 'Ролики Amigo Laser 38/41'),
(283, 1782, 'ru', 'Ролики Amigo Mystique 35/38', NULL, 'Ролики Amigo Mystique 35/38', 'Ролики Amigo Mystique 35/38', 'Ролики Amigo Mystique 35/38', 'Ролики Amigo Mystique 35/38'),
(284, 1783, 'ru', 'Ролики Amigo Phoenic new 35/38', NULL, 'Ролики Amigo Phoenic new 35/38', 'Ролики Amigo Phoenic new 35/38', 'Ролики Amigo Phoenic new 35/38', 'Ролики Amigo Phoenic new 35/38'),
(285, 1784, 'ru', 'Ролики Amigo Phoenic new 39/42', NULL, 'Ролики Amigo Phoenic new 39/42', 'Ролики Amigo Phoenic new 39/42', 'Ролики Amigo Phoenic new 39/42', 'Ролики Amigo Phoenic new 39/42'),
(286, 1785, 'ru', 'Ролики Amigo Regal 36/39', NULL, 'Ролики Amigo Regal 36/39', 'Ролики Amigo Regal 36/39', 'Ролики Amigo Regal 36/39', 'Ролики Amigo Regal 36/39'),
(287, 1786, 'ru', 'Ролики Amigo Rocky  40/43', NULL, 'Ролики Amigo Rocky  40/43', 'Ролики Amigo Rocky  40/43', 'Ролики Amigo Rocky  40/43', 'Ролики Amigo Rocky  40/43'),
(288, 1787, 'ru', 'Ролики Amigo Rocky 36/39', NULL, 'Ролики Amigo Rocky 36/39', 'Ролики Amigo Rocky 36/39', 'Ролики Amigo Rocky 36/39', 'Ролики Amigo Rocky 36/39'),
(289, 1788, 'ru', 'Ролики Amigo Sienna 35/38', NULL, 'Ролики Amigo Sienna 35/38', 'Ролики Amigo Sienna 35/38', 'Ролики Amigo Sienna 35/38', 'Ролики Amigo Sienna 35/38'),
(290, 1789, 'ru', 'Ролики Amigo Silverado 42', NULL, 'Ролики Amigo Silverado 42', 'Ролики Amigo Silverado 42', 'Ролики Amigo Silverado 42', 'Ролики Amigo Silverado 42'),
(291, 1790, 'ru', 'Ролики Amigo Silverado 43', NULL, 'Ролики Amigo Silverado 43', 'Ролики Amigo Silverado 43', 'Ролики Amigo Silverado 43', 'Ролики Amigo Silverado 43'),
(292, 1791, 'ru', 'Ролики Amigo Sportage 33/36', NULL, 'Ролики Amigo Sportage 33/36', 'Ролики Amigo Sportage 33/36', 'Ролики Amigo Sportage 33/36', 'Ролики Amigo Sportage 33/36'),
(293, 1792, 'ru', 'Ролики Amigo TRACKER 35/38', NULL, 'Ролики Amigo TRACKER 35/38', 'Ролики Amigo TRACKER 35/38', 'Ролики Amigo TRACKER 35/38', 'Ролики Amigo TRACKER 35/38'),
(294, 1793, 'ru', 'Ролики Amigo Trecker 35/38', NULL, 'Ролики Amigo Trecker 35/38', 'Ролики Amigo Trecker 35/38', 'Ролики Amigo Trecker 35/38', 'Ролики Amigo Trecker 35/38'),
(295, 1794, 'ru', 'Ролики Amigo VENTURA 35/38', NULL, 'Ролики Amigo VENTURA 35/38', 'Ролики Amigo VENTURA 35/38', 'Ролики Amigo VENTURA 35/38', 'Ролики Amigo VENTURA 35/38'),
(296, 1795, 'ru', 'Ролики Amigo Vision New 35/38', NULL, 'Ролики Amigo Vision New 35/38', 'Ролики Amigo Vision New 35/38', 'Ролики Amigo Vision New 35/38', 'Ролики Amigo Vision New 35/38'),
(297, 1796, 'ru', 'Ролики Explore Element 34/37', NULL, 'Ролики Explore Element 34/37', 'Ролики Explore Element 34/37', 'Ролики Explore Element 34/37', 'Ролики Explore Element 34/37'),
(298, 1797, 'ru', 'Ролики Explore Element 38/41', NULL, 'Ролики Explore Element 38/41', 'Ролики Explore Element 38/41', 'Ролики Explore Element 38/41', 'Ролики Explore Element 38/41'),
(299, 1798, 'ru', 'Ролики Explore Fiesta 40/43 blue', NULL, 'Ролики Explore Fiesta 40/43 blue', 'Ролики Explore Fiesta 40/43 blue', 'Ролики Explore Fiesta 40/43 blue', 'Ролики Explore Fiesta 40/43 blue'),
(300, 1799, 'ru', 'Ролики Explore Quantum 37/40 red', NULL, 'Ролики Explore Quantum 37/40 red', 'Ролики Explore Quantum 37/40 red', 'Ролики Explore Quantum 37/40 red', 'Ролики Explore Quantum 37/40 red'),
(301, 1800, 'ru', 'Ролики Fila 10 PRIMO WAVE LADY 38 р.', NULL, 'Ролики Fila 10 PRIMO WAVE LADY 38 р.', 'Ролики Fila 10 PRIMO WAVE LADY 38 р.', 'Ролики Fila 10 PRIMO WAVE LADY 38 р.', 'Ролики Fila 10 PRIMO WAVE LADY 38 р.'),
(302, 1801, 'ru', 'Ролики №30001', NULL, 'Ролики №30001', 'Ролики №30001', 'Ролики №30001', 'Ролики №30001'),
(303, 1802, 'ru', 'Ролики PW-117С-L (38/41) c защитой', NULL, 'Ролики PW-117С-L (38/41) c защитой', 'Ролики PW-117С-L (38/41) c защитой', 'Ролики PW-117С-L (38/41) c защитой', 'Ролики PW-117С-L (38/41) c защитой'),
(304, 1803, 'ru', 'Ролики PW-126 B-45-L ( 40-43)', NULL, 'Ролики PW-126 B-45-L ( 40-43)', 'Ролики PW-126 B-45-L ( 40-43)', 'Ролики PW-126 B-45-L ( 40-43)', 'Ролики PW-126 B-45-L ( 40-43)'),
(305, 1804, 'ru', 'Ролики PW-126 B-45-L ( 40-43) + защитой', NULL, 'Ролики PW-126 B-45-L ( 40-43) + защитой', 'Ролики PW-126 B-45-L ( 40-43) + защитой', 'Ролики PW-126 B-45-L ( 40-43) + защитой', 'Ролики PW-126 B-45-L ( 40-43) + защитой'),
(306, 1805, 'ru', 'Ролики Talon 35/38', NULL, 'Ролики Talon 35/38', 'Ролики Talon 35/38', 'Ролики Talon 35/38', 'Ролики Talon 35/38'),
(307, 1806, 'ru', 'Рюкзак для роликов AMB-060', NULL, 'Рюкзак для роликов AMB-060', 'Рюкзак для роликов AMB-060', 'Рюкзак для роликов AMB-060', 'Рюкзак для роликов AMB-060'),
(308, 1807, 'ru', 'Самокат "Эксплойлер" Stunt Scoo', NULL, 'Самокат "Эксплойлер" Stunt Scoo', 'Самокат "Эксплойлер" Stunt Scoo', 'Самокат "Эксплойлер" Stunt Scoo', 'Самокат "Эксплойлер" Stunt Scoo'),
(309, 1808, 'ru', 'Самокат 120', NULL, 'Самокат 120', 'Самокат 120', 'Самокат 120', 'Самокат 120'),
(310, 1809, 'ru', 'Самокат 140', NULL, 'Самокат 140', 'Самокат 140', 'Самокат 140', 'Самокат 140'),
(311, 1810, 'ru', 'Самокат 150', NULL, 'Самокат 150', 'Самокат 150', 'Самокат 150', 'Самокат 150'),
(312, 1811, 'ru', 'Самокат 170', NULL, 'Самокат 170', 'Самокат 170', 'Самокат 170', 'Самокат 170'),
(313, 1812, 'ru', 'Самокат 180', NULL, 'Самокат 180', 'Самокат 180', 'Самокат 180', 'Самокат 180'),
(314, 1813, 'ru', 'Самокат 230', NULL, 'Самокат 230', 'Самокат 230', 'Самокат 230', 'Самокат 230'),
(315, 1814, 'ru', 'Самокат 250', NULL, 'Самокат 250', 'Самокат 250', 'Самокат 250', 'Самокат 250'),
(316, 1815, 'ru', 'Самокат Exploler Devile', NULL, 'Самокат Exploler Devile', 'Самокат Exploler Devile', 'Самокат Exploler Devile', 'Самокат Exploler Devile'),
(317, 1816, 'ru', 'Самокат Exploler Homre', NULL, 'Самокат Exploler Homre', 'Самокат Exploler Homre', 'Самокат Exploler Homre', 'Самокат Exploler Homre'),
(318, 1817, 'ru', 'Самокат Exploler Milano', NULL, 'Самокат Exploler Milano', 'Самокат Exploler Milano', 'Самокат Exploler Milano', 'Самокат Exploler Milano'),
(319, 1818, 'ru', 'Самокат Exploler Mirage', NULL, 'Самокат Exploler Mirage', 'Самокат Exploler Mirage', 'Самокат Exploler Mirage', 'Самокат Exploler Mirage'),
(320, 1819, 'ru', 'Самокат Exploler Omni', NULL, 'Самокат Exploler Omni', 'Самокат Exploler Omni', 'Самокат Exploler Omni', 'Самокат Exploler Omni'),
(321, 1820, 'ru', 'Самокат Exploler Robo 125', NULL, 'Самокат Exploler Robo 125', 'Самокат Exploler Robo 125', 'Самокат Exploler Robo 125', 'Самокат Exploler Robo 125'),
(322, 1821, 'ru', 'Самокат Exploler Robo 150', NULL, 'Самокат Exploler Robo 150', 'Самокат Exploler Robo 150', 'Самокат Exploler Robo 150', 'Самокат Exploler Robo 150'),
(323, 1822, 'ru', 'Самокат Exploler Shuttle', NULL, 'Самокат Exploler Shuttle', 'Самокат Exploler Shuttle', 'Самокат Exploler Shuttle', 'Самокат Exploler Shuttle'),
(324, 1823, 'ru', 'Самокат Exploler Torino', NULL, 'Самокат Exploler Torino', 'Самокат Exploler Torino', 'Самокат Exploler Torino', 'Самокат Exploler Torino'),
(325, 1824, 'ru', 'Самокат Exploler Tredia', NULL, 'Самокат Exploler Tredia', 'Самокат Exploler Tredia', 'Самокат Exploler Tredia', 'Самокат Exploler Tredia'),
(326, 1825, 'ru', 'Самокат Mite', NULL, 'Самокат Mite', 'Самокат Mite', 'Самокат Mite', 'Самокат Mite'),
(327, 1826, 'ru', 'Ледянка Bingo', NULL, 'Ледянка Bingo', 'Ледянка Bingo', 'Ледянка Bingo', 'Ледянка Bingo'),
(328, 1827, 'ru', 'Ледянка-диск PLAST KON SUPER STAR', NULL, 'Ледянка-диск PLAST KON SUPER STAR', 'Ледянка-диск PLAST KON SUPER STAR', 'Ледянка-диск PLAST KON SUPER STAR', 'Ледянка-диск PLAST KON SUPER STAR'),
(329, 1828, 'ru', 'Ледянка-диск Tornado Super', NULL, 'Ледянка-диск Tornado Super', 'Ледянка-диск Tornado Super', 'Ледянка-диск Tornado Super', 'Ледянка-диск Tornado Super'),
(330, 1829, 'ru', 'Санки  "Запорожье"', NULL, 'Санки  "Запорожье"', 'Санки  "Запорожье"', 'Санки  "Запорожье"', 'Санки  "Запорожье"'),
(331, 1830, 'ru', 'Санки  "Фиджо" Геркулес Long', NULL, 'Санки  "Фиджо" Геркулес Long', 'Санки  "Фиджо" Геркулес Long', 'Санки  "Фиджо" Геркулес Long', 'Санки  "Фиджо" Геркулес Long'),
(332, 1831, 'ru', 'Санки  "Фиджо" Геркулес круглая труба', NULL, 'Санки  "Фиджо" Геркулес круглая труба', 'Санки  "Фиджо" Геркулес круглая труба', 'Санки  "Фиджо" Геркулес круглая труба', 'Санки  "Фиджо" Геркулес круглая труба'),
(333, 1832, 'ru', 'Санки  "Фиджо" Геркулес плоская труба', NULL, 'Санки  "Фиджо" Геркулес плоская труба', 'Санки  "Фиджо" Геркулес плоская труба', 'Санки  "Фиджо" Геркулес плоская труба', 'Санки  "Фиджо" Геркулес плоская труба'),
(334, 1833, 'ru', 'Санки  "Фиджо" Пионер Классик', NULL, 'Санки  "Фиджо" Пионер Классик', 'Санки  "Фиджо" Пионер Классик', 'Санки  "Фиджо" Пионер Классик', 'Санки  "Фиджо" Пионер Классик'),
(335, 1834, 'ru', 'Санки  "Фиджо" Юниор Люкс', NULL, 'Санки  "Фиджо" Юниор Люкс', 'Санки  "Фиджо" Юниор Люкс', 'Санки  "Фиджо" Юниор Люкс', 'Санки  "Фиджо" Юниор Люкс'),
(336, 1835, 'ru', 'Санки  Fijo "Геркулес лонг" санки для двоих, макс.нагрузка 180 кг.', NULL, 'Санки  Fijo "Геркулес лонг" санки для двоих, макс.нагрузка 180 кг.', 'Санки  Fijo "Геркулес лонг" санки для двоих, макс.нагрузка 180 кг.', 'Санки  Fijo "Геркулес лонг" санки для двоих, макс.нагрузка 180 кг.', 'Санки  Fijo "Геркулес лонг" санки для двоих, макс.нагрузка 180 кг.'),
(337, 1836, 'ru', 'Санки "Водан" СД-1', NULL, 'Санки "Водан" СД-1', 'Санки "Водан" СД-1', 'Санки "Водан" СД-1', 'Санки "Водан" СД-1'),
(338, 1837, 'ru', 'Санки "Водан" СД-1+ толкатель', NULL, 'Санки "Водан" СД-1+ толкатель', 'Санки "Водан" СД-1+ толкатель', 'Санки "Водан" СД-1+ толкатель', 'Санки "Водан" СД-1+ толкатель'),
(339, 1838, 'ru', 'Санки "Водан" СД-2', NULL, 'Санки "Водан" СД-2', 'Санки "Водан" СД-2', 'Санки "Водан" СД-2', 'Санки "Водан" СД-2'),
(340, 1839, 'ru', 'Санки "Китай"', NULL, 'Санки "Китай"', 'Санки "Китай"', 'Санки "Китай"', 'Санки "Китай"'),
(341, 1840, 'ru', 'Санки "Снегокат" 480', NULL, 'Санки "Снегокат" 480', 'Санки "Снегокат" 480', 'Санки "Снегокат" 480', 'Санки "Снегокат" 480'),
(342, 1841, 'ru', 'Санки "Снегокат" MS 501', NULL, 'Санки "Снегокат" MS 501', 'Санки "Снегокат" MS 501', 'Санки "Снегокат" MS 501', 'Санки "Снегокат" MS 501'),
(343, 1842, 'ru', 'Санки PLAST KON Cyclone', NULL, 'Санки PLAST KON Cyclone', 'Санки PLAST KON Cyclone', 'Санки PLAST KON Cyclone', 'Санки PLAST KON Cyclone'),
(344, 1843, 'ru', 'Санки PLAST KON Simple', NULL, 'Санки PLAST KON Simple', 'Санки PLAST KON Simple', 'Санки PLAST KON Simple', 'Санки PLAST KON Simple'),
(345, 1844, 'ru', 'Санки PLAST KON TWISTER красн.', NULL, 'Санки PLAST KON TWISTER красн.', 'Санки PLAST KON TWISTER красн.', 'Санки PLAST KON TWISTER красн.', 'Санки PLAST KON TWISTER красн.'),
(346, 1845, 'ru', 'Габаритные огни Cycle Aware', NULL, 'Габаритные огни Cycle Aware', 'Габаритные огни Cycle Aware', 'Габаритные огни Cycle Aware', 'Габаритные огни Cycle Aware'),
(347, 1846, 'ru', 'Диоды на нипель 7LED 2 шт/ комплект 2 шт', NULL, 'Диоды на нипель 7LED 2 шт/ комплект 2 шт', 'Диоды на нипель 7LED 2 шт/ комплект 2 шт', 'Диоды на нипель 7LED 2 шт/ комплект 2 шт', 'Диоды на нипель 7LED 2 шт/ комплект 2 шт'),
(348, 1847, 'ru', 'Комплект CatEye Свет передн HL-EL010', NULL, 'Комплект CatEye Свет передн HL-EL010', 'Комплект CatEye Свет передн HL-EL010', 'Комплект CatEye Свет передн HL-EL010', 'Комплект CatEye Свет передн HL-EL010'),
(349, 1848, 'ru', 'Крепеж генератора "Динамо" на вилку', NULL, 'Крепеж генератора "Динамо" на вилку', 'Крепеж генератора "Динамо" на вилку', 'Крепеж генератора "Динамо" на вилку', 'Крепеж генератора "Динамо" на вилку'),
(350, 1849, 'ru', 'Мигалка задн RHL-08', NULL, 'Мигалка задн RHL-08', 'Мигалка задн RHL-08', 'Мигалка задн RHL-08', 'Мигалка задн RHL-08'),
(351, 1850, 'ru', 'Мигалка задняя 5 Led + 2 Laser', NULL, 'Мигалка задняя 5 Led + 2 Laser', 'Мигалка задняя 5 Led + 2 Laser', 'Мигалка задняя 5 Led + 2 Laser', 'Мигалка задняя 5 Led + 2 Laser'),
(352, 1851, 'ru', 'Мигалка задняя KSL-305, красный', NULL, 'Мигалка задняя KSL-305, красный', 'Мигалка задняя KSL-305, красный', 'Мигалка задняя KSL-305, красный', 'Мигалка задняя KSL-305, красный'),
(353, 1852, 'ru', 'Мигалка задняя RHL-07', NULL, 'Мигалка задняя RHL-07', 'Мигалка задняя RHL-07', 'Мигалка задняя RHL-07', 'Мигалка задняя RHL-07'),
(354, 1853, 'ru', 'Мигалка передн. Sigma Quadro', NULL, 'Мигалка передн. Sigma Quadro', 'Мигалка передн. Sigma Quadro', 'Мигалка передн. Sigma Quadro', 'Мигалка передн. Sigma Quadro'),
(355, 1854, 'ru', 'Свет передний 1белый LED, 3ф-ции, +батар', NULL, 'Свет передний 1белый LED, 3ф-ции, +батар', 'Свет передний 1белый LED, 3ф-ции, +батар', 'Свет передний 1белый LED, 3ф-ции, +батар', 'Свет передний 1белый LED, 3ф-ции, +батар'),
(356, 1855, 'ru', 'Свет передний 5LED, 5-диод, 2 ф-ции, бат', NULL, 'Свет передний 5LED, 5-диод, 2 ф-ции, бат', 'Свет передний 5LED, 5-диод, 2 ф-ции, бат', 'Свет передний 5LED, 5-диод, 2 ф-ции, бат', 'Свет передний 5LED, 5-диод, 2 ф-ции, бат'),
(357, 1856, 'ru', 'Свет передний MINI 1LED, 3 ф-ции', NULL, 'Свет передний MINI 1LED, 3 ф-ции', 'Свет передний MINI 1LED, 3 ф-ции', 'Свет передний MINI 1LED, 3 ф-ции', 'Свет передний MINI 1LED, 3 ф-ции'),
(358, 1857, 'ru', 'Светоотражающая полоса', NULL, 'Светоотражающая полоса', 'Светоотражающая полоса', 'Светоотражающая полоса', 'Светоотражающая полоса'),
(359, 1858, 'ru', 'Светоотражающая полоса +4LED 3x42см', NULL, 'Светоотражающая полоса +4LED 3x42см', 'Светоотражающая полоса +4LED 3x42см', 'Светоотражающая полоса +4LED 3x42см', 'Светоотражающая полоса +4LED 3x42см'),
(360, 1859, 'ru', 'Светоотражающая полоса Longus', NULL, 'Светоотражающая полоса Longus', 'Светоотражающая полоса Longus', 'Светоотражающая полоса Longus', 'Светоотражающая полоса Longus'),
(361, 1860, 'ru', 'Светоотражающие наклейки SMILE (комплект', NULL, 'Светоотражающие наклейки SMILE (комплект', 'Светоотражающие наклейки SMILE (комплект', 'Светоотражающие наклейки SMILE (комплект', 'Светоотражающие наклейки SMILE (комплект'),
(362, 1861, 'ru', 'Фара KLS Gunner серая', NULL, 'Фара KLS Gunner серая', 'Фара KLS Gunner серая', 'Фара KLS Gunner серая', 'Фара KLS Gunner серая'),
(363, 1862, 'ru', 'Фара KLS Gunner черная', NULL, 'Фара KLS Gunner черная', 'Фара KLS Gunner черная', 'Фара KLS Gunner черная', 'Фара KLS Gunner черная'),
(364, 1863, 'ru', 'Фара TW CG-107P1, 1 ватт, с креплением', NULL, 'Фара TW CG-107P1, 1 ватт, с креплением', 'Фара TW CG-107P1, 1 ватт, с креплением', 'Фара TW CG-107P1, 1 ватт, с креплением', 'Фара TW CG-107P1, 1 ватт, с креплением'),
(365, 1864, 'ru', 'Фара и Мигалка FOCUS, набор', NULL, 'Фара и Мигалка FOCUS, набор', 'Фара и Мигалка FOCUS, набор', 'Фара и Мигалка FOCUS, набор', 'Фара и Мигалка FOCUS, набор'),
(366, 1865, 'ru', 'Фара и Мигалка Nightwatch ,набор', NULL, 'Фара и Мигалка Nightwatch ,набор', 'Фара и Мигалка Nightwatch ,набор', 'Фара и Мигалка Nightwatch ,набор', 'Фара и Мигалка Nightwatch ,набор'),
(367, 1866, 'ru', 'Фара и Мигалка STRIKE, набор', NULL, 'Фара и Мигалка STRIKE, набор', 'Фара и Мигалка STRIKE, набор', 'Фара и Мигалка STRIKE, набор', 'Фара и Мигалка STRIKE, набор'),
(368, 1867, 'ru', 'Фара передн. X17 для "Динамо" пластик.', NULL, 'Фара передн. X17 для "Динамо" пластик.', 'Фара передн. X17 для "Динамо" пластик.', 'Фара передн. X17 для "Динамо" пластик.', 'Фара передн. X17 для "Динамо" пластик.'),
(369, 1868, 'ru', 'Фара передняя INFINI I-111B черн. 1W бел', NULL, 'Фара передняя INFINI I-111B черн. 1W бел', 'Фара передняя INFINI I-111B черн. 1W бел', 'Фара передняя INFINI I-111B черн. 1W бел', 'Фара передняя INFINI I-111B черн. 1W бел'),
(370, 1869, 'ru', 'Фара передняя INFINI I-201W черн. "Amuse" 2 бел светодиода, 2 режима, в компл. батарейка', NULL, 'Фара передняя INFINI I-201W черн. "Amuse" 2 бел светодиода, 2 режима, в компл. батарейка', 'Фара передняя INFINI I-201W черн. "Amuse" 2 бел светодиода, 2 режима, в компл. батарейка', 'Фара передняя INFINI I-201W черн. "Amuse" 2 бел светодиода, 2 режима, в компл. батарейка', 'Фара передняя INFINI I-201W черн. "Amuse" 2 бел светодиода, 2 режима, в компл. батарейка'),
(371, 1870, 'ru', 'Фонарь светодиодн задн +батар. INFINI I-203R синий "Wukong" 2 красн. светодиода, 2 режима', NULL, 'Фонарь светодиодн задн +батар. INFINI I-203R синий "Wukong" 2 красн. светодиода, 2 режима', 'Фонарь светодиодн задн +батар. INFINI I-203R синий "Wukong" 2 красн. светодиода, 2 режима', 'Фонарь светодиодн задн +батар. INFINI I-203R синий "Wukong" 2 красн. светодиода, 2 режима', 'Фонарь светодиодн задн +батар. INFINI I-203R синий "Wukong" 2 красн. светодиода, 2 режима'),
(372, 1871, 'ru', 'Электро оборудование Дорожник', NULL, 'Электро оборудование Дорожник', 'Электро оборудование Дорожник', 'Электро оборудование Дорожник', 'Электро оборудование Дорожник'),
(373, 1872, 'ru', 'Батут #39', NULL, 'Батут #39', 'Батут #39', 'Батут #39', 'Батут #39'),
(374, 1873, 'ru', 'Батут #40', NULL, 'Батут #40', 'Батут #40', 'Батут #40', 'Батут #40'),
(375, 1874, 'ru', 'Батут #45', NULL, 'Батут #45', 'Батут #45', 'Батут #45', 'Батут #45'),
(376, 1875, 'ru', 'Воланчик 4,5', NULL, 'Воланчик 4,5', 'Воланчик 4,5', 'Воланчик 4,5', 'Воланчик 4,5'),
(377, 1876, 'ru', 'Воланчик Mavis 350', NULL, 'Воланчик Mavis 350', 'Воланчик Mavis 350', 'Воланчик Mavis 350', 'Воланчик Mavis 350'),
(378, 1877, 'ru', 'Воланчик Yonex 350 M', NULL, 'Воланчик Yonex 350 M', 'Воланчик Yonex 350 M', 'Воланчик Yonex 350 M', 'Воланчик Yonex 350 M'),
(379, 1878, 'ru', 'Воланчик ВТ-10', NULL, 'Воланчик ВТ-10', 'Воланчик ВТ-10', 'Воланчик ВТ-10', 'Воланчик ВТ-10'),
(380, 1879, 'ru', 'Защита Explore AMZ 140', NULL, 'Защита Explore AMZ 140', 'Защита Explore AMZ 140', 'Защита Explore AMZ 140', 'Защита Explore AMZ 140'),
(381, 1880, 'ru', 'Защита Explore AMZ 150', NULL, 'Защита Explore AMZ 150', 'Защита Explore AMZ 150', 'Защита Explore AMZ 150', 'Защита Explore AMZ 150'),
(382, 1881, 'ru', 'Защита Explore Racer', NULL, 'Защита Explore Racer', 'Защита Explore Racer', 'Защита Explore Racer', 'Защита Explore Racer'),
(383, 1882, 'ru', 'Защита Explore Ruby', NULL, 'Защита Explore Ruby', 'Защита Explore Ruby', 'Защита Explore Ruby', 'Защита Explore Ruby'),
(384, 1883, 'ru', 'Защита Explore X-Racer', NULL, 'Защита Explore X-Racer', 'Защита Explore X-Racer', 'Защита Explore X-Racer', 'Защита Explore X-Racer'),
(385, 1884, 'ru', 'Защита Explore X-Secure', NULL, 'Защита Explore X-Secure', 'Защита Explore X-Secure', 'Защита Explore X-Secure', 'Защита Explore X-Secure'),
(386, 1885, 'ru', 'Защита Explore X-Ultra', NULL, 'Защита Explore X-Ultra', 'Защита Explore X-Ultra', 'Защита Explore X-Ultra', 'Защита Explore X-Ultra'),
(387, 1886, 'ru', 'Защита Explore Сindi', NULL, 'Защита Explore Сindi', 'Защита Explore Сindi', 'Защита Explore Сindi', 'Защита Explore Сindi'),
(388, 1887, 'ru', 'Защита JASON', NULL, 'Защита JASON', 'Защита JASON', 'Защита JASON', 'Защита JASON'),
(389, 1888, 'ru', 'Защита Protectors 85', NULL, 'Защита Protectors 85', 'Защита Protectors 85', 'Защита Protectors 85', 'Защита Protectors 85'),
(390, 1889, 'ru', 'Защита Vadius SP-10A', NULL, 'Защита Vadius SP-10A', 'Защита Vadius SP-10A', 'Защита Vadius SP-10A', 'Защита Vadius SP-10A'),
(391, 1890, 'ru', 'Защита Vadius SP-10K', NULL, 'Защита Vadius SP-10K', 'Защита Vadius SP-10K', 'Защита Vadius SP-10K', 'Защита Vadius SP-10K'),
(392, 1891, 'ru', 'Игла для мяча', NULL, 'Игла для мяча', 'Игла для мяча', 'Игла для мяча', 'Игла для мяча'),
(393, 1892, 'ru', 'Коньки 280', NULL, 'Коньки 280', 'Коньки 280', 'Коньки 280', 'Коньки 280'),
(394, 1893, 'ru', 'Коньки 40', NULL, 'Коньки 40', 'Коньки 40', 'Коньки 40', 'Коньки 40'),
(395, 1894, 'ru', 'Коньки 42', NULL, 'Коньки 42', 'Коньки 42', 'Коньки 42', 'Коньки 42'),
(396, 1895, 'ru', 'Мегафон HQ-108', NULL, 'Мегафон HQ-108', 'Мегафон HQ-108', 'Мегафон HQ-108', 'Мегафон HQ-108'),
(397, 1896, 'ru', 'Мегафон HW-20B', NULL, 'Мегафон HW-20B', 'Мегафон HW-20B', 'Мегафон HW-20B', 'Мегафон HW-20B'),
(398, 1897, 'ru', 'Мегафон HW-8C', NULL, 'Мегафон HW-8C', 'Мегафон HW-8C', 'Мегафон HW-8C', 'Мегафон HW-8C'),
(399, 1898, 'ru', 'Мячик для настольного тенниса 1106', NULL, 'Мячик для настольного тенниса 1106', 'Мячик для настольного тенниса 1106', 'Мячик для настольного тенниса 1106', 'Мячик для настольного тенниса 1106'),
(400, 1899, 'ru', 'Мячик для настольного тенниса 4', NULL, 'Мячик для настольного тенниса 4', 'Мячик для настольного тенниса 4', 'Мячик для настольного тенниса 4', 'Мячик для настольного тенниса 4'),
(401, 1900, 'ru', 'Мячик для настольного тенниса 514506', NULL, 'Мячик для настольного тенниса 514506', 'Мячик для настольного тенниса 514506', 'Мячик для настольного тенниса 514506', 'Мячик для настольного тенниса 514506'),
(402, 1901, 'ru', 'Мячик для настольного тенниса Schildkrot', NULL, 'Мячик для настольного тенниса Schildkrot', 'Мячик для настольного тенниса Schildkrot', 'Мячик для настольного тенниса Schildkrot', 'Мячик для настольного тенниса Schildkrot'),
(403, 1902, 'ru', 'Мячик для тенниса 122414', NULL, 'Мячик для тенниса 122414', 'Мячик для тенниса 122414', 'Мячик для тенниса 122414', 'Мячик для тенниса 122414'),
(404, 1903, 'ru', 'Мячик для тенниса Dunlop Fort', NULL, 'Мячик для тенниса Dunlop Fort', 'Мячик для тенниса Dunlop Fort', 'Мячик для тенниса Dunlop Fort', 'Мячик для тенниса Dunlop Fort'),
(405, 1904, 'ru', 'Мячик для тенниса Dunlop Sport', NULL, 'Мячик для тенниса Dunlop Sport', 'Мячик для тенниса Dunlop Sport', 'Мячик для тенниса Dunlop Sport', 'Мячик для тенниса Dunlop Sport'),
(406, 1905, 'ru', 'Набор для настольного тенниса GB983188', NULL, 'Набор для настольного тенниса GB983188', 'Набор для настольного тенниса GB983188', 'Набор для настольного тенниса GB983188', 'Набор для настольного тенниса GB983188'),
(407, 1906, 'ru', 'Обруч (метал.)', NULL, 'Обруч (метал.)', 'Обруч (метал.)', 'Обруч (метал.)', 'Обруч (метал.)'),
(408, 1907, 'ru', 'Обруч массажный "Profi"', NULL, 'Обруч массажный "Profi"', 'Обруч массажный "Profi"', 'Обруч массажный "Profi"', 'Обруч массажный "Profi"'),
(409, 1908, 'ru', 'Обруч массажный 200', NULL, 'Обруч массажный 200', 'Обруч массажный 200', 'Обруч массажный 200', 'Обруч массажный 200'),
(410, 1909, 'ru', 'Обруч массажный 220', NULL, 'Обруч массажный 220', 'Обруч массажный 220', 'Обруч массажный 220', 'Обруч массажный 220'),
(411, 1910, 'ru', 'Обруч массажный Profi 125 грн.', NULL, 'Обруч массажный Profi 125 грн.', 'Обруч массажный Profi 125 грн.', 'Обруч массажный Profi 125 грн.', 'Обруч массажный Profi 125 грн.'),
(412, 1911, 'ru', 'Перчатки для спротзала BC 168', NULL, 'Перчатки для спротзала BC 168', 'Перчатки для спротзала BC 168', 'Перчатки для спротзала BC 168', 'Перчатки для спротзала BC 168'),
(413, 1912, 'ru', 'Перчатки для спротзала BC 356', NULL, 'Перчатки для спротзала BC 356', 'Перчатки для спротзала BC 356', 'Перчатки для спротзала BC 356', 'Перчатки для спротзала BC 356'),
(414, 1913, 'ru', 'Перчатки для спротзала Goldsgum VL3059', NULL, 'Перчатки для спротзала Goldsgum VL3059', 'Перчатки для спротзала Goldsgum VL3059', 'Перчатки для спротзала Goldsgum VL3059', 'Перчатки для спротзала Goldsgum VL3059'),
(415, 1914, 'ru', 'Подшипники ABEC 7 унц.', NULL, 'Подшипники ABEC 7 унц.', 'Подшипники ABEC 7 унц.', 'Подшипники ABEC 7 унц.', 'Подшипники ABEC 7 унц.'),
(416, 1915, 'ru', 'Подшипники JART ABEC 3унц.', NULL, 'Подшипники JART ABEC 3унц.', 'Подшипники JART ABEC 3унц.', 'Подшипники JART ABEC 3унц.', 'Подшипники JART ABEC 3унц.'),
(417, 1916, 'ru', 'Ракетка для настольного тенниса 136301', NULL, 'Ракетка для настольного тенниса 136301', 'Ракетка для настольного тенниса 136301', 'Ракетка для настольного тенниса 136301', 'Ракетка для настольного тенниса 136301'),
(418, 1917, 'ru', 'Ракетка для настольного тенниса 137801', NULL, 'Ракетка для настольного тенниса 137801', 'Ракетка для настольного тенниса 137801', 'Ракетка для настольного тенниса 137801', 'Ракетка для настольного тенниса 137801'),
(419, 1918, 'ru', 'Ракетка для настольного тенниса 173801', NULL, 'Ракетка для настольного тенниса 173801', 'Ракетка для настольного тенниса 173801', 'Ракетка для настольного тенниса 173801', 'Ракетка для настольного тенниса 173801'),
(420, 1919, 'ru', 'Ракетка для настольного тенниса 178334', NULL, 'Ракетка для настольного тенниса 178334', 'Ракетка для настольного тенниса 178334', 'Ракетка для настольного тенниса 178334', 'Ракетка для настольного тенниса 178334'),
(421, 1920, 'ru', 'Ракетка для настольного тенниса 40', NULL, 'Ракетка для настольного тенниса 40', 'Ракетка для настольного тенниса 40', 'Ракетка для настольного тенниса 40', 'Ракетка для настольного тенниса 40'),
(422, 1921, 'ru', 'Ракетка для настольного тенниса 50', NULL, 'Ракетка для настольного тенниса 50', 'Ракетка для настольного тенниса 50', 'Ракетка для настольного тенниса 50', 'Ракетка для настольного тенниса 50'),
(423, 1922, 'ru', 'Ракетка для настольного тенниса Bokai', NULL, 'Ракетка для настольного тенниса Bokai', 'Ракетка для настольного тенниса Bokai', 'Ракетка для настольного тенниса Bokai', 'Ракетка для настольного тенниса Bokai'),
(424, 1923, 'ru', 'Ракетка для настольного тенниса Kepai KP-0236', NULL, 'Ракетка для настольного тенниса Kepai KP-0236', 'Ракетка для настольного тенниса Kepai KP-0236', 'Ракетка для настольного тенниса Kepai KP-0236', 'Ракетка для настольного тенниса Kepai KP-0236'),
(425, 1924, 'ru', 'Ракетка для настольного тенниса Stiga Trophy', NULL, 'Ракетка для настольного тенниса Stiga Trophy', 'Ракетка для настольного тенниса Stiga Trophy', 'Ракетка для настольного тенниса Stiga Trophy', 'Ракетка для настольного тенниса Stiga Trophy'),
(426, 1925, 'ru', 'Сетка для настольного тенниса 30', NULL, 'Сетка для настольного тенниса 30', 'Сетка для настольного тенниса 30', 'Сетка для настольного тенниса 30', 'Сетка для настольного тенниса 30'),
(427, 1926, 'ru', 'Сетка для настольного тенниса 35', NULL, 'Сетка для настольного тенниса 35', 'Сетка для настольного тенниса 35', 'Сетка для настольного тенниса 35', 'Сетка для настольного тенниса 35'),
(428, 1927, 'ru', 'Сетка для настольного тенниса P203', NULL, 'Сетка для настольного тенниса P203', 'Сетка для настольного тенниса P203', 'Сетка для настольного тенниса P203', 'Сетка для настольного тенниса P203');
INSERT INTO `catalog_product_translation` (`product_translation_id`, `product_id`, `language_code`, `name`, `announcement`, `description`, `meta_keywords`, `page_title`, `meta_description`) VALUES
(429, 1928, 'ru', 'Скакалка 20"', NULL, 'Скакалка 20"', 'Скакалка 20"', 'Скакалка 20"', 'Скакалка 20"'),
(430, 1929, 'ru', 'Скакалка 7303', NULL, 'Скакалка 7303', 'Скакалка 7303', 'Скакалка 7303', 'Скакалка 7303'),
(431, 1930, 'ru', 'Скакалка Fi 8008', NULL, 'Скакалка Fi 8008', 'Скакалка Fi 8008', 'Скакалка Fi 8008', 'Скакалка Fi 8008'),
(432, 1931, 'ru', 'Скакалка со счетчиком', NULL, 'Скакалка со счетчиком', 'Скакалка со счетчиком', 'Скакалка со счетчиком', 'Скакалка со счетчиком'),
(433, 1932, 'ru', 'Бадминтон  30', NULL, 'Бадминтон  30', 'Бадминтон  30', 'Бадминтон  30', 'Бадминтон  30'),
(434, 1933, 'ru', 'Бадминтон  40', NULL, 'Бадминтон  40', 'Бадминтон  40', 'Бадминтон  40', 'Бадминтон  40'),
(435, 1934, 'ru', 'Бадминтон  45', NULL, 'Бадминтон  45', 'Бадминтон  45', 'Бадминтон  45', 'Бадминтон  45'),
(436, 1935, 'ru', 'Бадминтон  W020-H300901', NULL, 'Бадминтон  W020-H300901', 'Бадминтон  W020-H300901', 'Бадминтон  W020-H300901', 'Бадминтон  W020-H300901'),
(437, 1936, 'ru', 'Бадминтон  набор  370', NULL, 'Бадминтон  набор  370', 'Бадминтон  набор  370', 'Бадминтон  набор  370', 'Бадминтон  набор  370'),
(438, 1937, 'ru', 'Бадминтон 65', NULL, 'Бадминтон 65', 'Бадминтон 65', 'Бадминтон 65', 'Бадминтон 65'),
(439, 1938, 'ru', 'Бадминтон Haotian', NULL, 'Бадминтон Haotian', 'Бадминтон Haotian', 'Бадминтон Haotian', 'Бадминтон Haotian'),
(440, 1939, 'ru', 'Бадминтон pro328', NULL, 'Бадминтон pro328', 'Бадминтон pro328', 'Бадминтон pro328', 'Бадминтон pro328'),
(441, 1940, 'ru', 'Бадминтон Victor 1880', NULL, 'Бадминтон Victor 1880', 'Бадминтон Victor 1880', 'Бадминтон Victor 1880', 'Бадминтон Victor 1880'),
(442, 1941, 'ru', 'Бадминтон Yonex 507', NULL, 'Бадминтон Yonex 507', 'Бадминтон Yonex 507', 'Бадминтон Yonex 507', 'Бадминтон Yonex 507'),
(443, 1942, 'ru', 'Бэби Кар', NULL, 'Бэби Кар', 'Бэби Кар', 'Бэби Кар', 'Бэби Кар'),
(444, 1943, 'ru', 'Гермомішок PASSPORT spring green', NULL, 'Гермомішок PASSPORT spring green', 'Гермомішок PASSPORT spring green', 'Гермомішок PASSPORT spring green', 'Гермомішок PASSPORT spring green'),
(445, 1944, 'ru', 'Каримат 110', NULL, 'Каримат 110', 'Каримат 110', 'Каримат 110', 'Каримат 110'),
(446, 1945, 'ru', 'Каримат 70', NULL, 'Каримат 70', 'Каримат 70', 'Каримат 70', 'Каримат 70'),
(447, 1946, 'ru', 'Компас 20', NULL, 'Компас 20', 'Компас 20', 'Компас 20', 'Компас 20'),
(448, 1947, 'ru', 'Компас 35', NULL, 'Компас 35', 'Компас 35', 'Компас 35', 'Компас 35'),
(449, 1948, 'ru', 'Палатка  ARIZONA темно-оливковий', NULL, 'Палатка  ARIZONA темно-оливковий', 'Палатка  ARIZONA темно-оливковий', 'Палатка  ARIZONA темно-оливковий', 'Палатка  ARIZONA темно-оливковий'),
(450, 1949, 'ru', 'Палатка Coleman 1001', NULL, 'Палатка Coleman 1001', 'Палатка Coleman 1001', 'Палатка Coleman 1001', 'Палатка Coleman 1001'),
(451, 1950, 'ru', 'Палатка Coleman 1004', NULL, 'Палатка Coleman 1004', 'Палатка Coleman 1004', 'Палатка Coleman 1004', 'Палатка Coleman 1004'),
(452, 1951, 'ru', 'Палатка Coleman 1008', NULL, 'Палатка Coleman 1008', 'Палатка Coleman 1008', 'Палатка Coleman 1008', 'Палатка Coleman 1008'),
(453, 1952, 'ru', 'Палатка Coleman 1009', NULL, 'Палатка Coleman 1009', 'Палатка Coleman 1009', 'Палатка Coleman 1009', 'Палатка Coleman 1009'),
(454, 1953, 'ru', 'Палатка Coleman 1014', NULL, 'Палатка Coleman 1014', 'Палатка Coleman 1014', 'Палатка Coleman 1014', 'Палатка Coleman 1014'),
(455, 1954, 'ru', 'Палатка Coleman 1500', NULL, 'Палатка Coleman 1500', 'Палатка Coleman 1500', 'Палатка Coleman 1500', 'Палатка Coleman 1500'),
(456, 1955, 'ru', 'Палатка Coleman 1503', NULL, 'Палатка Coleman 1503', 'Палатка Coleman 1503', 'Палатка Coleman 1503', 'Палатка Coleman 1503'),
(457, 1956, 'ru', 'Палатка Coleman 1910', NULL, 'Палатка Coleman 1910', 'Палатка Coleman 1910', 'Палатка Coleman 1910', 'Палатка Coleman 1910'),
(458, 1957, 'ru', 'Палатка Coleman 2908', NULL, 'Палатка Coleman 2908', 'Палатка Coleman 2908', 'Палатка Coleman 2908', 'Палатка Coleman 2908'),
(459, 1958, 'ru', 'Палатка Coleman 3004', NULL, 'Палатка Coleman 3004', 'Палатка Coleman 3004', 'Палатка Coleman 3004', 'Палатка Coleman 3004'),
(460, 1959, 'ru', 'Палатка Coleman 3005', NULL, 'Палатка Coleman 3005', 'Палатка Coleman 3005', 'Палатка Coleman 3005', 'Палатка Coleman 3005'),
(461, 1960, 'ru', 'Палатка Coleman 3017', NULL, 'Палатка Coleman 3017', 'Палатка Coleman 3017', 'Палатка Coleman 3017', 'Палатка Coleman 3017'),
(462, 1961, 'ru', 'Палатка Coleman 950', NULL, 'Палатка Coleman 950', 'Палатка Coleman 950', 'Палатка Coleman 950', 'Палатка Coleman 950'),
(463, 1962, 'ru', 'Палатка Freetime "Fidji" 3', NULL, 'Палатка Freetime "Fidji" 3', 'Палатка Freetime "Fidji" 3', 'Палатка Freetime "Fidji" 3', 'Палатка Freetime "Fidji" 3'),
(464, 1963, 'ru', 'Палатка HUDSON темно-оливковий', NULL, 'Палатка HUDSON темно-оливковий', 'Палатка HUDSON темно-оливковий', 'Палатка HUDSON темно-оливковий', 'Палатка HUDSON темно-оливковий'),
(465, 1964, 'ru', 'Палатка Spo8000-2', NULL, 'Палатка Spo8000-2', 'Палатка Spo8000-2', 'Палатка Spo8000-2', 'Палатка Spo8000-2'),
(466, 1965, 'ru', 'Палатка Trimm COMET dark olive (оливковий)', NULL, 'Палатка Trimm COMET dark olive (оливковий)', 'Палатка Trimm COMET dark olive (оливковий)', 'Палатка Trimm COMET dark olive (оливковий)', 'Палатка Trimm COMET dark olive (оливковий)'),
(467, 1966, 'ru', 'Палатка Trimm OHIO camouflage (камуфляжний)', NULL, 'Палатка Trimm OHIO camouflage (камуфляжний)', 'Палатка Trimm OHIO camouflage (камуфляжний)', 'Палатка Trimm OHIO camouflage (камуфляжний)', 'Палатка Trimm OHIO camouflage (камуфляжний)'),
(468, 1967, 'ru', 'Палатка Trimm OHIO dark olive (оливковий)', NULL, 'Палатка Trimm OHIO dark olive (оливковий)', 'Палатка Trimm OHIO dark olive (оливковий)', 'Палатка Trimm OHIO dark olive (оливковий)', 'Палатка Trimm OHIO dark olive (оливковий)'),
(469, 1968, 'ru', 'Ракетка для тенниса Wilson', NULL, 'Ракетка для тенниса Wilson', 'Ракетка для тенниса Wilson', 'Ракетка для тенниса Wilson', 'Ракетка для тенниса Wilson'),
(470, 1969, 'ru', 'Спальник Coleman комуфляж', NULL, 'Спальник Coleman комуфляж', 'Спальник Coleman комуфляж', 'Спальник Coleman комуфляж', 'Спальник Coleman комуфляж'),
(471, 1970, 'ru', 'Спальник Coleman черный', NULL, 'Спальник Coleman черный', 'Спальник Coleman черный', 'Спальник Coleman черный', 'Спальник Coleman черный'),
(472, 1971, 'ru', 'Спальник Trimm BALANCE kiwi green / dark grey (зелений) 185 R', NULL, 'Спальник Trimm BALANCE kiwi green / dark grey (зелений) 185 R', 'Спальник Trimm BALANCE kiwi green / dark grey (зелений) 185 R', 'Спальник Trimm BALANCE kiwi green / dark grey (зелений) 185 R', 'Спальник Trimm BALANCE kiwi green / dark grey (зелений) 185 R'),
(473, 1972, 'ru', 'Стол+ 4 стула (уценка)', NULL, 'Стол+ 4 стула (уценка)', 'Стол+ 4 стула (уценка)', 'Стол+ 4 стула (уценка)', 'Стол+ 4 стула (уценка)'),
(474, 1973, 'ru', 'Велосипедное крепление', NULL, 'Велосипедное крепление', 'Велосипедное крепление', 'Велосипедное крепление', 'Велосипедное крепление'),
(475, 1974, 'ru', 'Лампа YD-268c', NULL, 'Лампа YD-268c', 'Лампа YD-268c', 'Лампа YD-268c', 'Лампа YD-268c'),
(476, 1975, 'ru', 'Лампа для кемпинга', NULL, 'Лампа для кемпинга', 'Лампа для кемпинга', 'Лампа для кемпинга', 'Лампа для кемпинга'),
(477, 1976, 'ru', 'Лампа для кемпинга FA-977', NULL, 'Лампа для кемпинга FA-977', 'Лампа для кемпинга FA-977', 'Лампа для кемпинга FA-977', 'Лампа для кемпинга FA-977'),
(478, 1977, 'ru', 'Лампа для кемпинга TJLED-8068', NULL, 'Лампа для кемпинга TJLED-8068', 'Лампа для кемпинга TJLED-8068', 'Лампа для кемпинга TJLED-8068', 'Лампа для кемпинга TJLED-8068'),
(479, 1978, 'ru', 'Фонарик  MINI MAGLITE AA фонарик и 2 бат', NULL, 'Фонарик  MINI MAGLITE AA фонарик и 2 бат', 'Фонарик  MINI MAGLITE AA фонарик и 2 бат', 'Фонарик  MINI MAGLITE AA фонарик и 2 бат', 'Фонарик  MINI MAGLITE AA фонарик и 2 бат'),
(480, 1979, 'ru', 'Фонарик "Космос" АКБ', NULL, 'Фонарик "Космос" АКБ', 'Фонарик "Космос" АКБ', 'Фонарик "Космос" АКБ', 'Фонарик "Космос" АКБ'),
(481, 1980, 'ru', 'Фонарик 3D в блистере (камуфляж)', NULL, 'Фонарик 3D в блистере (камуфляж)', 'Фонарик 3D в блистере (камуфляж)', 'Фонарик 3D в блистере (камуфляж)', 'Фонарик 3D в блистере (камуфляж)'),
(482, 1981, 'ru', 'Фонарь "Duracell" Led traveller 2R6', NULL, 'Фонарь "Duracell" Led traveller 2R6', 'Фонарь "Duracell" Led traveller 2R6', 'Фонарь "Duracell" Led traveller 2R6', 'Фонарь "Duracell" Led traveller 2R6'),
(483, 1982, 'ru', 'Фонарь Bailong 1003', NULL, 'Фонарь Bailong 1003', 'Фонарь Bailong 1003', 'Фонарь Bailong 1003', 'Фонарь Bailong 1003'),
(484, 1983, 'ru', 'Фонарь Bailong 100W 65', NULL, 'Фонарь Bailong 100W 65', 'Фонарь Bailong 100W 65', 'Фонарь Bailong 100W 65', 'Фонарь Bailong 100W 65'),
(485, 1984, 'ru', 'Фонарь Bailong подводный BL-8771', NULL, 'Фонарь Bailong подводный BL-8771', 'Фонарь Bailong подводный BL-8771', 'Фонарь Bailong подводный BL-8771', 'Фонарь Bailong подводный BL-8771'),
(486, 1985, 'ru', 'Фонарь Batlong BL-8035 (на ружье )', NULL, 'Фонарь Batlong BL-8035 (на ружье )', 'Фонарь Batlong BL-8035 (на ружье )', 'Фонарь Batlong BL-8035 (на ружье )', 'Фонарь Batlong BL-8035 (на ружье )'),
(487, 1986, 'ru', 'Фонарь Energizer 2R20', NULL, 'Фонарь Energizer 2R20', 'Фонарь Energizer 2R20', 'Фонарь Energizer 2R20', 'Фонарь Energizer 2R20'),
(488, 1987, 'ru', 'Фонарь Energizer 2R6', NULL, 'Фонарь Energizer 2R6', 'Фонарь Energizer 2R6', 'Фонарь Energizer 2R6', 'Фонарь Energizer 2R6'),
(489, 1988, 'ru', 'Фонарь Energizer X215', NULL, 'Фонарь Energizer X215', 'Фонарь Energizer X215', 'Фонарь Energizer X215', 'Фонарь Energizer X215'),
(490, 1989, 'ru', 'Фонарь Nishica ns-5942', NULL, 'Фонарь Nishica ns-5942', 'Фонарь Nishica ns-5942', 'Фонарь Nishica ns-5942', 'Фонарь Nishica ns-5942'),
(491, 1990, 'ru', 'Фонарь Noroz АКБ 55', NULL, 'Фонарь Noroz АКБ 55', 'Фонарь Noroz АКБ 55', 'Фонарь Noroz АКБ 55', 'Фонарь Noroz АКБ 55'),
(492, 1991, 'ru', 'Фонарь Panasonic BF-240', NULL, 'Фонарь Panasonic BF-240', 'Фонарь Panasonic BF-240', 'Фонарь Panasonic BF-240', 'Фонарь Panasonic BF-240'),
(493, 1992, 'ru', 'Фонарь Panasonic BF-241', NULL, 'Фонарь Panasonic BF-241', 'Фонарь Panasonic BF-241', 'Фонарь Panasonic BF-241', 'Фонарь Panasonic BF-241'),
(494, 1993, 'ru', 'Фонарь Police 20w', NULL, 'Фонарь Police 20w', 'Фонарь Police 20w', 'Фонарь Police 20w', 'Фонарь Police 20w'),
(495, 1994, 'ru', 'Фонарь Police BL-8400', NULL, 'Фонарь Police BL-8400', 'Фонарь Police BL-8400', 'Фонарь Police BL-8400', 'Фонарь Police BL-8400'),
(496, 1995, 'ru', 'Фонарь Police BL-8801', NULL, 'Фонарь Police BL-8801', 'Фонарь Police BL-8801', 'Фонарь Police BL-8801', 'Фонарь Police BL-8801'),
(497, 1996, 'ru', 'Фонарь Qingda', NULL, 'Фонарь Qingda', 'Фонарь Qingda', 'Фонарь Qingda', 'Фонарь Qingda'),
(498, 1997, 'ru', 'Фонарь Sonex 222', NULL, 'Фонарь Sonex 222', 'Фонарь Sonex 222', 'Фонарь Sonex 222', 'Фонарь Sonex 222'),
(499, 1998, 'ru', 'Фонарь Sonex HB-160', NULL, 'Фонарь Sonex HB-160', 'Фонарь Sonex HB-160', 'Фонарь Sonex HB-160', 'Фонарь Sonex HB-160'),
(500, 1999, 'ru', 'Фонарь Sonex HB-179', NULL, 'Фонарь Sonex HB-179', 'Фонарь Sonex HB-179', 'Фонарь Sonex HB-179', 'Фонарь Sonex HB-179'),
(501, 2000, 'ru', 'Фонарь Sonex HB-222', NULL, 'Фонарь Sonex HB-222', 'Фонарь Sonex HB-222', 'Фонарь Sonex HB-222', 'Фонарь Sonex HB-222'),
(502, 2001, 'ru', 'Фонарь Sonex HB-223', NULL, 'Фонарь Sonex HB-223', 'Фонарь Sonex HB-223', 'Фонарь Sonex HB-223', 'Фонарь Sonex HB-223'),
(503, 2002, 'ru', 'Фонарь Sonex HB-225', NULL, 'Фонарь Sonex HB-225', 'Фонарь Sonex HB-225', 'Фонарь Sonex HB-225', 'Фонарь Sonex HB-225'),
(504, 2003, 'ru', 'Фонарь Supra BL-1LW', NULL, 'Фонарь Supra BL-1LW', 'Фонарь Supra BL-1LW', 'Фонарь Supra BL-1LW', 'Фонарь Supra BL-1LW'),
(505, 2004, 'ru', 'Фонарь Supra BL-1LW + крепление на велосипед', NULL, 'Фонарь Supra BL-1LW + крепление на велосипед', 'Фонарь Supra BL-1LW + крепление на велосипед', 'Фонарь Supra BL-1LW + крепление на велосипед', 'Фонарь Supra BL-1LW + крепление на велосипед'),
(506, 2005, 'ru', 'Фонарь Supra BL-9L', NULL, 'Фонарь Supra BL-9L', 'Фонарь Supra BL-9L', 'Фонарь Supra BL-9L', 'Фонарь Supra BL-9L'),
(507, 2006, 'ru', 'Фонарь акк. GD 2.700000', NULL, 'Фонарь акк. GD 2.700000', 'Фонарь акк. GD 2.700000', 'Фонарь акк. GD 2.700000', 'Фонарь акк. GD 2.700000'),
(508, 2007, 'ru', 'Фонарь акк. GD 3.500.000', NULL, 'Фонарь акк. GD 3.500.000', 'Фонарь акк. GD 3.500.000', 'Фонарь акк. GD 3.500.000', 'Фонарь акк. GD 3.500.000'),
(509, 2008, 'ru', 'Фонарь акк. GD 4.000000', NULL, 'Фонарь акк. GD 4.000000', 'Фонарь акк. GD 4.000000', 'Фонарь акк. GD 4.000000', 'Фонарь акк. GD 4.000000'),
(510, 2009, 'ru', 'Фонарь на голову 1829', NULL, 'Фонарь на голову 1829', 'Фонарь на голову 1829', 'Фонарь на голову 1829', 'Фонарь на голову 1829'),
(511, 2010, 'ru', 'Фонарь на голову 1898', NULL, 'Фонарь на голову 1898', 'Фонарь на голову 1898', 'Фонарь на голову 1898', 'Фонарь на голову 1898'),
(512, 2011, 'ru', 'Фонарь на голову Bailong BL-603', NULL, 'Фонарь на голову Bailong BL-603', 'Фонарь на голову Bailong BL-603', 'Фонарь на голову Bailong BL-603', 'Фонарь на голову Bailong BL-603'),
(513, 2012, 'ru', 'Фонарь на голову Bailong BL-6631', NULL, 'Фонарь на голову Bailong BL-6631', 'Фонарь на голову Bailong BL-6631', 'Фонарь на голову Bailong BL-6631', 'Фонарь на голову Bailong BL-6631'),
(514, 2013, 'ru', 'Фонарь на голову Bailong BL-6658', NULL, 'Фонарь на голову Bailong BL-6658', 'Фонарь на голову Bailong BL-6658', 'Фонарь на голову Bailong BL-6658', 'Фонарь на голову Bailong BL-6658'),
(515, 2014, 'ru', 'Фонарь на голову DS-312', NULL, 'Фонарь на голову DS-312', 'Фонарь на голову DS-312', 'Фонарь на голову DS-312', 'Фонарь на голову DS-312'),
(516, 2015, 'ru', 'Фонарь на лоб светод Supra 12L', NULL, 'Фонарь на лоб светод Supra 12L', 'Фонарь на лоб светод Supra 12L', 'Фонарь на лоб светод Supra 12L', 'Фонарь на лоб светод Supra 12L'),
(517, 2016, 'ru', 'Фонарь на лоб светодиодный (ак-рный) SY-501', NULL, 'Фонарь на лоб светодиодный (ак-рный) SY-501', 'Фонарь на лоб светодиодный (ак-рный) SY-501', 'Фонарь на лоб светодиодный (ак-рный) SY-501', 'Фонарь на лоб светодиодный (ак-рный) SY-501'),
(518, 2017, 'ru', 'Фонарь на лоб светодиодный 25', NULL, 'Фонарь на лоб светодиодный 25', 'Фонарь на лоб светодиодный 25', 'Фонарь на лоб светодиодный 25', 'Фонарь на лоб светодиодный 25'),
(519, 2018, 'ru', 'Фонарь на лоб светодиодный 30', NULL, 'Фонарь на лоб светодиодный 30', 'Фонарь на лоб светодиодный 30', 'Фонарь на лоб светодиодный 30', 'Фонарь на лоб светодиодный 30'),
(520, 2019, 'ru', 'Фонарь Подводный BL-6800', NULL, 'Фонарь Подводный BL-6800', 'Фонарь Подводный BL-6800', 'Фонарь Подводный BL-6800', 'Фонарь Подводный BL-6800'),
(521, 2020, 'ru', 'Фонарь светодиодный Empalux', NULL, 'Фонарь светодиодный Empalux', 'Фонарь светодиодный Empalux', 'Фонарь светодиодный Empalux', 'Фонарь светодиодный Empalux'),
(522, 2021, 'ru', 'Фонарь серебро 40', NULL, 'Фонарь серебро 40', 'Фонарь серебро 40', 'Фонарь серебро 40', 'Фонарь серебро 40'),
(523, 2022, 'ru', 'Disk 2прома -36H KT-SR6F (Перед)', 'Втулка Disk 2прома -36H KT-SR6F (Перед)', '<p>\r\n	<span style=\\"font-family: Verdana, geneva; font-size: 16px;\\">- 32 &nbsp;отверстий</span><br style=\\"font-family: Verdana, geneva; font-size: 16px;\\" />\r\n	<span style=\\"font-family: Verdana, geneva; font-size: 16px;\\">- Размеры оси &Oslash;10*100*108mm</span><br style=\\"font-family: Verdana, geneva; font-size: 16px;\\" />\r\n	<span style=\\"font-family: Verdana, geneva; font-size: 16px;\\">- Материал оси Al7075</span><br style=\\"font-family: Verdana, geneva; font-size: 16px;\\" />\r\n	<span style=\\"font-family: Verdana, geneva; font-size: 16px;\\">- 6-ти болтовое крепление диска</span><br style=\\"font-family: Verdana, geneva; font-size: 16px;\\" />\r\n	<span style=\\"font-family: Verdana, geneva; font-size: 16px;\\">- 2 закритих подшипника</span><br style=\\"font-family: Verdana, geneva; font-size: 16px;\\" />\r\n	<span style=\\"font-family: Verdana, geneva; font-size: 16px;\\">- Вес 229г</span></p>', 'Втулка Disk 2прома -36H KT-SR6F (Перед)', 'Втулка Disk 2прома -36H KT-SR6F (Перед)', 'Втулка Disk 2прома -36H KT-SR6F (Перед)'),
(525, 2024, 'ru', 'Gary Fisher Wahoo 2013', 'Trek Wahoo - горный велосипед с колесами 29\\\\\\" для начинающих любителей МТБ, 24 передачи, механические дисковые тормоза Tektro, амортизационная вилка SR Suntour с ходом 100 мм, одинарные обода, оборудование Shimano и компоненты Bontrager. Назначение велосипеда: регулярные поездки во внедорожных условиях, не агрессивного характера, кросс-кантри, легкий трэйл. Установка багажника не предусмотрена.', '<p>\r\n	Trek Wahoo - горный велосипед с колесами 29&quot; для начинающих любителей МТБ, 24 передачи, механические дисковые тормоза Tektro, амортизационная вилка SR Suntour с ходом 100 мм, одинарные обода, оборудование Shimano и компоненты Bontrager. Назначение велосипеда: регулярные поездки во внедорожных условиях, не агрессивного характера, кросс-кантри, легкий трэйл. Установка багажника не предусмотрена.</p>', 'Хардтейлы, горный велосипед, велосипеды, продажа, севастополь, велокс, velox, Gary Fisher Wahoo, найнер, 29', 'Gary Fisher Wahoo 2013', 'Хардтейлы, горный велосипед, велосипеды, продажа, севастополь, велокс, velox, Gary Fisher Wahoo, найнер, 29'),
(526, 2025, 'ru', 'Trek 2013 3500', 'Бюджетный горный велосипед оборудованный компонентами начального уровня Shimano TX35, 21-передача, алюминиевая рама Alpha White Aluminum, аморт. вилка SR Suntour M-2025, усиленные Обода Bontrager 550, тормоза Tektro 845AL. Предназначен для езды по паркам, лесополосам и улицам.', '<p>\r\n	Бюджетный горный велосипед оборудованный компонентами начального уровня Shimano TX35, 21-передача, алюминиевая рама Alpha White Aluminum, аморт. вилка SR Suntour M-2025, усиленные Обода Bontrager 550, тормоза Tektro 845AL. Предназначен для езды по паркам, лесополосам и улицам.</p>', 'Хардтейлы, горный велосипед, велосипеды, продажа, севастополь, велокс, velox, Trek 3500, 2013', 'Trek 2013 3500', 'Хардтейлы, горный велосипед, велосипеды, продажа, севастополь, велокс, velox, Trek 3500, 2013'),
(529, 2028, 'ru', 'Trek 2012 3700', 'Горный велосипед с оборудованием начального уровня, идеально подойдет для любителей катания по разным типам местности: лесам, паркам и дорогам. Алюминиевая рама, передний амортизатор с ходом 100 мм, надежные одинарные обода, тормоза Tektro V-brake, оборудование Shimano начального уровня.', '<p>\r\n	Горный велосипед с оборудованием начального уровня, идеально подойдет для любителей катания по разным типам местности: лесам, паркам и дорогам. Алюминиевая рама, передний амортизатор с ходом 100 мм, надежные одинарные обода, тормоза Tektro V-brake, оборудование Shimano начального уровня.</p>', 'Хардтейлы, горный велосипед, велосипеды, продажа, севастополь, велокс, velox, Trek 3700 , 2012', 'Trek 2012 3700', 'Хардтейлы, горный велосипед, велосипеды, продажа, севастополь, велокс, velox, Trek 3700 , 2012'),
(528, 2027, 'ru', 'Trek 2013 3700 Disc', 'Горный велосипед начального уровня с алюминиевой рамой предназначен для передвижения как в городских условиях, так и по пересеченной местности. Велосипед оборудован качественными дисковыми тормозами, амортизационной вилкой SR Suntour, с ходом 100мм. Манетки Shimano, обеспечат плавное и точное переключение передач. Двойные обода. Расчет 3х8.', '<p>\r\n	Горный велосипед начального уровня с алюминиевой рамой предназначен для передвижения как в городских условиях, так и по пересеченной местности. Велосипед оборудован качественными дисковыми тормозами, амортизационной вилкой SR Suntour, с ходом 100мм. Манетки Shimano, обеспечат плавное и точное переключение передач. Двойные обода. Расчет 3х8.</p>', 'Хардтейлы, горный велосипед, велосипеды, продажа, севастополь, велокс, velox, Trek 3700 disc, 2012', 'Trek 2013 3700 Disc', 'Хардтейлы, горный велосипед, велосипеды, продажа, севастополь, велокс, velox, Trek 3700 disc, 2012'),
(568, 2067, 'ru', 'Merida Juliet 10-V (2012)', 'Женский горный велосипед Merida Juliet 10-V. Универсальный велосипед, предназначенный для поездок по городу и по проселочной местности. Специальная геометрия рамы разработана с учетом дамской анатомии, чтобы девушкам не приходилось подстраиваться под мужские пропорции, и, как следствие, быстро уставать.\r\n\r\nПружинно-эластомерная вилка позволяет справиться с управлением в любых, даже самых экстремальных условиях и, кроме того, оберегает руки от ударов при езде по неровностям. Задний переключатель Shimano Altus отличается быстротой и надежностью. Juliet 10-V - идеальное соотношение цены и качества.', '<p>\r\n	Женский горный велосипед <strong>Merida Juliet 10-V</strong>. Универсальный велосипед, предназначенный для поездок по городу и по проселочной местности. Специальная геометрия рамы разработана с учетом дамской анатомии, чтобы девушкам не приходилось подстраиваться под мужские пропорции, и, как следствие, быстро уставать.<br />\r\n	<br />\r\n	Пружинно-эластомерная вилка позволяет справиться с управлением в любых, даже самых экстремальных условиях и, кроме того, оберегает руки от ударов при езде по неровностям. Задний переключатель Shimano Altus отличается быстротой и надежностью. Juliet 10-V - идеальное соотношение цены и качества.</p>', 'Хардтейлы, горный велосипед, велосипеды, женские велосипеды, продажа, севастополь, велокс, velox, Merida Juliet 10-V (2012)', 'Merida Juliet 10-V (2012)', 'Хардтейлы, горный велосипед, велосипеды, женские велосипеды, продажа, севастополь, велокс, velox, Merida Juliet 10-V (2012)'),
(530, 2029, 'ru', 'Trek 2012 4300', 'Горный велосипед для продвинутых байкеров, снабжен оборудованием Shimano любительского уровня на 27 передач и амортизационной вилкой SR Suntour XCM V3. Trek 4300 отлично подойдет для туристических походов и поездок по пересеченной местности.', '<p>\r\n	Горный велосипед для продвинутых байкеров, снабжен оборудованием Shimano любительского уровня на 27 передач и амортизационной вилкой SR Suntour XCM V3. Trek 4300 отлично подойдет для туристических походов и поездок по пересеченной местности.</p>', 'Хардтейлы, горный велосипед, велосипеды, продажа, севастополь, велокс, velox, Trek 4300 , 2012', 'Trek 2012 4300', 'Хардтейлы, горный велосипед, велосипеды, продажа, севастополь, велокс, velox, Trek 4300 , 2012'),
(531, 2030, 'ru', 'Trek 2012 4300 Disc', 'Горный велосипед для продвинутых любителей, оснащен гидравлическими дисковыми тормозами Hayes и оборудованием Shimano любительского уровня на 27 передач. Trek 4300 отлично подойдет для туристических походов и поездок по пересеченной местности.', '<p>\r\n	Горный велосипед для продвинутых любителей, оснащен гидравлическими дисковыми тормозами Hayes и оборудованием Shimano любительского уровня на 27 передач. Trek 4300 отлично подойдет для туристических походов и поездок по пересеченной местности.</p>', 'Хардтейлы, горный велосипед, велосипеды, продажа, севастополь, велокс, velox, Trek 4300 disc , 2012', 'Trek 2012 4300 Disc', 'Хардтейлы, горный велосипед, велосипеды, продажа, севастополь, велокс, velox, Trek 4300 disc , 2012'),
(532, 2031, 'ru', 'Trek 2012 4500 Disc', 'Горный велосипед с оборудованием среднего класса Shimano, 27 передач, алюминиевая рама, гидравлические дисковые тормоза. Этот велосипед станет незаменимым путешественником по лесу, склонам холмов, бездорожью. Мощный, но относительно легкий, он позволяет проникать туда, где никак не удастся проехать на дорожном велосипеде.', '<p>\r\n	Горный велосипед с оборудованием среднего класса Shimano, 27 передач, алюминиевая рама, гидравлические дисковые тормоза. Этот велосипед станет незаменимым путешественником по лесу, склонам холмов, бездорожью. Мощный, но относительно легкий, он позволяет проникать туда, где никак не удастся проехать на дорожном велосипеде.</p>', 'Хардтейлы, горный велосипед, велосипеды, продажа, севастополь, велокс, velox, Trek 4500 disc , 2012', 'Trek 2012 4500 Disc', 'Хардтейлы, горный велосипед, велосипеды, продажа, севастополь, велокс, velox, Trek 4500 disc , 2012'),
(680, 2032, 'ru', 'Trek 2012 4900 Disc', 'Горный велосипед Trek 4900 Disc создан для катания по техничным, сложным трассам. Байк, предназначен для езды по пересеченной местности. Базируется на оборудовании Shimano высокого уровня, которое обеспечит абсолютную надежность и эффективность на трассе, а его внешность отлично демонстрирует его агрессивный характер. 30 передач!', '<p>\r\n	Горный велосипед Trek 4900 Disc создан для катания по техничным, сложным трассам. Байк, предназначен для езды по пересеченной местности. Базируется на оборудовании Shimano высокого уровня, которое обеспечит абсолютную надежность и эффективность на трассе, а его внешность отлично демонстрирует его агрессивный характер. 30 передач!</p>', 'Хардтейлы, горный велосипед, велосипеды, продажа, севастополь, велокс, velox, Trek 4900 disc , 2012', 'Trek 2012 4900 Disc', 'Хардтейлы, горный велосипед, велосипеды, продажа, севастополь, велокс, velox, Trek 4900 disc , 2012'),
(534, 2033, 'ru', 'Trek 2012 6000', 'Горный велосипед для продвинутых любителей', '<p>\r\n	Горный велосипед для продвинутых любителей</p>', 'Хардтейлы, горный велосипед, велосипеды, продажа, севастополь, велокс, velox, Trek 6000, 2012', 'Trek 2012 6000', 'Хардтейлы, горный велосипед, велосипеды, продажа, севастополь, велокс, velox, Trek 6000, 2012'),
(750, 2034, 'ru', 'Trek 2012 MT 220 Boys', 'Для детей от 8 до 12 лет или рост 130-160 см.', '<p>\r\n	Для детей от 8 до 12 лет или рост 130-160 см.</p>', 'Хардтейлы, горный велосипед, велосипеды, детские велосипеды, подростковые велосипеды, продажа, севастополь, велокс, velox, Trek MT 220 Boys, 2012', 'Trek 2012 MT 220 Boys', 'Хардтейлы, горный велосипед, велосипеды, детские велосипеды, подростковые велосипеды, продажа, севастополь, велокс, velox, Trek MT 220 Boys, 2012'),
(751, 2035, 'ru', 'Trek 2012 Mystic 20', 'Для детей от 6 до 8 лет или рост 114-132 см.', '<p>\r\n	Для детей от 6 до 8 лет или рост 114-132 см.</p>', 'велосипеды, детские велосипеды, подростковые велосипеды, продажа, севастополь, велокс, velox, Trek 2012 Mystic 20, 2012', 'Trek 2012 Mystic 20', 'велосипеды, детские велосипеды, подростковые велосипеды, продажа, севастополь, велокс, velox, Trek 2012 Mystic 20, 2012'),
(856, 2041, 'ru', 'Quando Disk', 'Втулка Quando Disk 2 прома -36H KT-SR6F (Перед) Дисковая ЧЕРНАЯ', '<p>\r\n	<span style="font-family: tahoma; line-height: 18px;">- 36 отверстий</span><br style="font-family: tahoma; line-height: 18px;" />\r\n	<span style="font-family: tahoma; line-height: 18px;">- Размеры оси &Oslash;10*100*108mm</span><br style="font-family: tahoma; line-height: 18px;" />\r\n	<span style="font-family: tahoma; line-height: 18px;">- Материал оси Al7075</span><br style="font-family: tahoma; line-height: 18px;" />\r\n	<span style="font-family: tahoma; line-height: 18px;">- 6-ти болтовое крепление диска</span><br style="font-family: tahoma; line-height: 18px;" />\r\n	<span style="font-family: tahoma; line-height: 18px;">- 2 закритих подшипника</span><br style="font-family: tahoma; line-height: 18px;" />\r\n	<span style="font-family: tahoma; line-height: 18px;">- Вес 229г</span></p>', 'Втулка Quando Disk 2 прома -36H KT-SR6F (Перед) Дисковая ЧЕРНАЯ', 'Втулка Quando Disk 2 прома -36H KT-SR6F (Перед) Дисковая ЧЕРНАЯ', 'Втулка Quando Disk 2 прома -36H KT-SR6F (Перед) Дисковая ЧЕРНАЯ'),
(852, 2043, 'ru', 'FireEye Excelerant F520', 'Втулка FireEye Excelerant F520', '<p>\r\n	<span style="font-family: Verdana, Geneva, Arial, Helvetica, sans-serif;">Корпус: кованный и CNC-обработанный 6061-Т6 Алюминий</span></p>\r\n<p>\r\n	<span style="font-family: Verdana, Geneva, Arial, Helvetica, sans-serif;">Ось: 2 в одном - 9мм эксцентрик и 20мм</span><br style="font-family: Verdana, Geneva, Arial, Helvetica, sans-serif;" />\r\n	<span style="font-family: Verdana, Geneva, Arial, Helvetica, sans-serif;">Размер: 100/110мм</span><br style="font-family: Verdana, Geneva, Arial, Helvetica, sans-serif;" />\r\n	<span style="font-family: Verdana, Geneva, Arial, Helvetica, sans-serif;">Подшипники: 2 прома</span><br style="font-family: Verdana, Geneva, Arial, Helvetica, sans-serif;" />\r\n	<span style="font-family: Verdana, Geneva, Arial, Helvetica, sans-serif;">Обработка: анодирован, матовый</span></p>', 'Втулка FireEye Excelerant F520', 'Втулка FireEye Excelerant F520', 'Втулка FireEye Excelerant F520'),
(851, 2045, 'ru', 'FireEye Excelerant RS10', 'Втулка FireEye Excelerant RS10', '<p>\r\n	<span style="font-family: Verdana, Geneva, Arial, Helvetica, sans-serif;">Корпус: кованный и CNC-обработанный 6061-Т6 Алю</span><br style="font-family: Verdana, Geneva, Arial, Helvetica, sans-serif;" />\r\n	<span style="font-family: Verdana, Geneva, Arial, Helvetica, sans-serif;">Ось: 10мм</span><br style="font-family: Verdana, Geneva, Arial, Helvetica, sans-serif;" />\r\n	<span style="font-family: Verdana, Geneva, Arial, Helvetica, sans-serif;">Размер: 135мм, 32 отверстий</span><br style="font-family: Verdana, Geneva, Arial, Helvetica, sans-serif;" />\r\n	<span style="font-family: Verdana, Geneva, Arial, Helvetica, sans-serif;">Подшипники: 4 прома</span><br style="font-family: Verdana, Geneva, Arial, Helvetica, sans-serif;" />\r\n	<span style="font-family: Verdana, Geneva, Arial, Helvetica, sans-serif;">Цвет: черный</span><br style="font-family: Verdana, Geneva, Arial, Helvetica, sans-serif;" />\r\n	<span style="font-family: Verdana, Geneva, Arial, Helvetica, sans-serif;">Обработка: анодирован, матовый</span></p>', 'Втулка FireEye Excelerant RS10', 'Втулка FireEye Excelerant RS10', 'Втулка FireEye Excelerant RS10'),
(857, 2046, 'ru', 'QUANDO KT-C99F', 'Втулка QUANDO KT-C99F (Пер) 2SB -36H  пром-подшипник', '<p>\r\n	<span style="font-family: ''Trebuchet MS'', Verdana, Arial, sans-serif; font-size: 11px; background-color: rgb(248, 248, 249);">Передня втулка для All Mountain.</span><br style="margin: 0px; padding: 0px; font-family: ''Trebuchet MS'', Verdana, Arial, sans-serif; font-size: 11px; background-color: rgb(248, 248, 249);" />\r\n	<span style="font-family: ''Trebuchet MS'', Verdana, Arial, sans-serif; font-size: 11px; background-color: rgb(248, 248, 249);">- 36 отворів</span><br style="margin: 0px; padding: 0px; font-family: ''Trebuchet MS'', Verdana, Arial, sans-serif; font-size: 11px; background-color: rgb(248, 248, 249);" />\r\n	<span style="font-family: ''Trebuchet MS'', Verdana, Arial, sans-serif; font-size: 11px; background-color: rgb(248, 248, 249);">- Розміри осі &Oslash;9*100*108mm</span><br style="margin: 0px; padding: 0px; font-family: ''Trebuchet MS'', Verdana, Arial, sans-serif; font-size: 11px; background-color: rgb(248, 248, 249);" />\r\n	<span style="font-family: ''Trebuchet MS'', Verdana, Arial, sans-serif; font-size: 11px; background-color: rgb(248, 248, 249);">- Матеріал осі Al7075</span><br style="margin: 0px; padding: 0px; font-family: ''Trebuchet MS'', Verdana, Arial, sans-serif; font-size: 11px; background-color: rgb(248, 248, 249);" />\r\n	<span style="font-family: ''Trebuchet MS'', Verdana, Arial, sans-serif; font-size: 11px; background-color: rgb(248, 248, 249);">- 2 закритих підшипники</span><br style="margin: 0px; padding: 0px; font-family: ''Trebuchet MS'', Verdana, Arial, sans-serif; font-size: 11px; background-color: rgb(248, 248, 249);" />\r\n	<span style="font-family: ''Trebuchet MS'', Verdana, Arial, sans-serif; font-size: 11px; background-color: rgb(248, 248, 249);">- Вага 147г</span></p>', 'Втулка QUANDO KT-C99F (Пер) 2SB -36H  пром-подшипник', 'Втулка QUANDO KT-C99F (Пер) 2SB -36H  пром-подшипник', 'Втулка QUANDO KT-C99F (Пер) 2SB -36H  пром-подшипник'),
(858, 2047, 'ru', 'QUANDO KT-CT1R', 'Втулка QUANDO KT-CT1R (Зад) 2SB -36H, пром-подшипник, Зад. под кассету.', '<p>\r\n	&nbsp;</p>\r\n<div>\r\n	&nbsp;</div>\r\n<div>\r\n	Подходит под 8-9 скоростные кассеты</div>\r\n<div>\r\n	Крепление под диск: нет</div>\r\n<div>\r\n	2 закрытых подшипника</div>\r\n<div>\r\n	Отверстий для спиц: 36</div>\r\n<div>\r\n	Материал оси: Al7075</div>\r\n<div>\r\n	Размеры оси &Oslash;10 * 135 * 145 mm</div>\r\n<div>\r\n	Крепление: эксцентрик</div>\r\n<div>\r\n	Вес: 374 g&nbsp;</div>\r\n<div>\r\n	Цвет: черный</div>', 'Втулка QUANDO KT-CT1R (Зад) 2SB -36H, пром-подшипник, Зад. под кассету.', 'Втулка QUANDO KT-CT1R (Зад) 2SB -36H, пром-подшипник, Зад. под кассету.', 'Втулка QUANDO KT-CT1R (Зад) 2SB -36H, пром-подшипник, Зад. под кассету.'),
(859, 2048, 'ru', 'Sram MTB X-9 6B Disc', 'втулка Sram  MTB X-9 6B Disc зад 32H 135 9mm', '<p>\r\n	<strong style="font-family: Tahoma, Arial, Verdana; font-size: 14px;">Легкая втулка высокого уровня с фрезерованным корпусом. 3 собачки, стальной барабан. Идельная работа пром. подшипников в этой втулке в совокупности с умеренной стоимостью делает эту втулку желанным лакомым кусочком вашего байка. Вес - 415 грамм.&nbsp;</strong></p>', 'втулка Sram  MTB X-9 6B Disc зад 32H 135 9mm', 'втулка Sram MTB X-9 6B Disc зад 32H 135 9mm', 'втулка Sram  MTB X-9 6B Disc зад 32H 135 9mm'),
(861, 2049, 'ru', 'Sram MTB X-9 6B Disc', 'Sram MTB X-9 6B Disc пер 32H 100 9mm', '<p>\r\n	&nbsp;</p>\r\n<p style="margin: 6px 0px; padding: 0px; font-size: 11px; font-family: ''Trebuchet MS'', Verdana, Arial, sans-serif;">\r\n	<span style="margin: 0px; padding: 0px; text-align: justify; background-color: rgb(51, 51, 51);"><span style="margin: 0px; padding: 0px;"><span style="margin: 0px; padding: 0px; background-color: rgb(255, 255, 255);"><span style="margin: 0px; padding: 0px; font-size: 10pt;">Промышленные подшипники, фрезерованный алюминиевый корпус, фланцы на 32 спицы, крепление диска IS6. Диаметр стальной оси 9мм в передней втулке.</span></span></span></span></p>\r\n<p style="margin: 6px 0px; padding: 0px; font-size: 11px; font-family: ''Trebuchet MS'', Verdana, Arial, sans-serif;">\r\n	<span style="margin: 0px; padding: 0px; text-align: justify; background-color: rgb(51, 51, 51);"><span style="margin: 0px; padding: 0px;"><span style="margin: 0px; padding: 0px; background-color: rgb(255, 255, 255);"><span style="margin: 0px; padding: 0px; font-size: 10pt;"><span style="margin: 0px; padding: 0px; font-size: 10pt;">Вес: 165г</span></span></span></span></span></p>', 'втулка Sram MTB X-9 6B Disc пер 32H 100 9mm', 'втулка  Sram MTB X-9 6B Disc пер 32H 100 9mm', 'втулка Sram MTB X-9 6B Disc пер 32H 100 9mm'),
(862, 2050, 'ru', 'Sram MTB X-9 6B Disc', 'втулка Sram MTB X-9 6B Disc пер 32H 20x110', '<p>\r\n	&nbsp;</p>\r\n<table cellpadding="0" cellspacing="1" style="font-family: Arial;" width="610">\r\n	<tbody>\r\n		<tr>\r\n			<td bgcolor="#EEEEEE" class="menuleft" height="22" style="font-family: Arial, Helvetica, sans-serif; font-size: 13px; font-weight: bold; color: rgb(51, 51, 51); padding-left: 10px;" valign="middle" width="150">\r\n				Вес</td>\r\n			<td bgcolor="#f5f5f5" class="gray2" style="color: rgb(91, 87, 87); padding-left: 10px;">\r\n				180gr</td>\r\n		</tr>\r\n		<tr>\r\n			<td bgcolor="#EEEEEE" class="menuleft" height="22" style="font-family: Arial, Helvetica, sans-serif; font-size: 13px; font-weight: bold; color: rgb(51, 51, 51); padding-left: 10px;" valign="middle" width="150">\r\n				Спицы</td>\r\n			<td bgcolor="#FFFFFF" class="gray2" style="color: rgb(91, 87, 87); padding-left: 10px;">\r\n				32</td>\r\n		</tr>\r\n		<tr>\r\n			<td bgcolor="#EEEEEE" class="menuleft" height="22" style="font-family: Arial, Helvetica, sans-serif; font-size: 13px; font-weight: bold; color: rgb(51, 51, 51); padding-left: 10px;" valign="middle" width="150">\r\n				Цвет</td>\r\n			<td bgcolor="#f5f5f5" class="gray2" style="color: rgb(91, 87, 87); padding-left: 10px;">\r\n				black</td>\r\n		</tr>\r\n		<tr>\r\n			<td bgcolor="#EEEEEE" class="menuleft" height="22" style="font-family: Arial, Helvetica, sans-serif; font-size: 13px; font-weight: bold; color: rgb(51, 51, 51); padding-left: 10px;" valign="middle" width="150">\r\n				Размер</td>\r\n			<td bgcolor="#FFFFFF" class="gray2" style="color: rgb(91, 87, 87); padding-left: 10px;">\r\n				15x100</td>\r\n		</tr>\r\n	</tbody>\r\n</table>\r\n<p>\r\n	&nbsp;</p>', 'втулка Sram MTB X-9 6B Disc пер 32H 20x110', 'втулка Sram MTB X-9 6B Disc пер 32H 20x110', 'втулка Sram MTB X-9 6B Disc пер 32H 20x110');
INSERT INTO `catalog_product_translation` (`product_translation_id`, `product_id`, `language_code`, `name`, `announcement`, `description`, `meta_keywords`, `page_title`, `meta_description`) VALUES
(863, 2051, 'ru', 'AtomLab', 'Втулка MTB задняя AtomLab 10мм', '<p>\r\n	&nbsp;</p>\r\n<p style="margin: 6px 0px; padding: 0px; font-size: 11px; font-family: ''Trebuchet MS'', Verdana, Arial, sans-serif;">\r\n	Ось: 10 мм</p>\r\n<p style="margin: 6px 0px; padding: 0px; font-size: 11px; font-family: ''Trebuchet MS'', Verdana, Arial, sans-serif;">\r\n	<span style="color: rgb(79, 79, 79); font-family: Verdana, Geneva, Arial, Helvetica, sans-serif; font-size: 13px; line-height: 18px;">36 отверстий</span></p>\r\n<p style="margin: 6px 0px; padding: 0px; font-size: 11px; font-family: ''Trebuchet MS'', Verdana, Arial, sans-serif;">\r\n	Закрытый промподшипники</p>\r\n<p style="margin: 6px 0px; padding: 0px; font-size: 11px; font-family: ''Trebuchet MS'', Verdana, Arial, sans-serif;">\r\n	Цвет: черный матовый</p>\r\n<p style="margin: 6px 0px; padding: 0px; font-size: 11px; font-family: ''Trebuchet MS'', Verdana, Arial, sans-serif;">\r\n	Вес: 525г</p>', 'Втулка MTB задняя AtomLab 10мм', 'Втулка MTB задняя AtomLab 10мм', 'Втулка MTB задняя AtomLab 10мм'),
(553, 2052, 'ru', 'Trek 2013 3500 Disc', 'Бюджетный горный велосипед с алюминиевой рамой предназначен для передвижения как в городских условиях, так и по пересеченной местности. Велосипед оборудован качественными дисковыми тормозами, амортизационной вилкой SR Suntour, с ходом 80мм. Манетки Shimano, обеспечат плавное и точное переключение передач. 21 скорость.', '<p>\r\n	Бюджетный горный велосипед с алюминиевой рамой предназначен для передвижения как в городских условиях, так и по пересеченной местности. Велосипед оборудован качественными дисковыми тормозами, амортизационной вилкой SR Suntour, с ходом 80мм. Манетки Shimano, обеспечат плавное и точное переключение передач. 21 скорость.</p>', 'Хардтейлы, горный велосипед, велосипеды, продажа, севастополь, велокс, velox, Trek 3500 disc, 2013', 'Trek 2013 3500 Disc', 'Хардтейлы, горный велосипед, велосипеды, продажа, севастополь, велокс, velox, Trek 3500 disc, 2013'),
(554, 2053, 'ru', 'Trek 2013 3700', 'Горный велосипед с оборудованием начального уровня, идеально подойдет для любителей катания по разным типам местности: лесам, паркам и дорогам. Алюминиевая рама, амортизационная вилка с ходом 100 мм, прочные двойные обода, 24 передачи, тормоза Tektro V-brake, оборудование Shimano начального уровня.', '<p>\r\n	Горный велосипед с оборудованием начального уровня, идеально подойдет для любителей катания по разным типам местности: лесам, паркам и дорогам. Алюминиевая рама, амортизационная вилка с ходом 100 мм, прочные двойные обода, 24 передачи, тормоза Tektro V-brake, оборудование Shimano начального уровня.</p>', 'Хардтейлы, горный велосипед, велосипеды, продажа, севастополь, велокс, velox, Trek 3700 , 2013', 'Trek 2013 3700', 'Хардтейлы, горный велосипед, велосипеды, продажа, севастополь, велокс, velox, Trek 3700 , 2013'),
(555, 2054, 'ru', 'Trek 2013 3900', 'Отличный велосипед среднего уровня с лёгкой алюминиевой рамой. Этот велосипед отлично подойдёт для езды как по городу, так и по бездорожью: резина с мелким протектором обеспечит хороший накат, а благодаря амортизационной вилке SR Suntour XCM c ходом 100 мм, которая смягчает езду по пересеченной местности Вы будете чувствовать себя уверенней. Расчет 3х8 и двойные обода!', '<p>\r\n	Отличный велосипед среднего уровня с лёгкой алюминиевой рамой. Этот велосипед отлично подойдёт для езды как по городу, так и по бездорожью: резина с мелким протектором обеспечит хороший накат, а благодаря амортизационной вилке SR Suntour XCM c ходом 100 мм, которая смягчает езду по пересеченной местности Вы будете чувствовать себя уверенней. Расчет 3х8 и двойные обода!</p>', 'Хардтейлы, горный велосипед, велосипеды, продажа, севастополь, велокс, velox, Trek 3900, 2013', 'Trek 2013 3900', 'Хардтейлы, горный велосипед, велосипеды, продажа, севастополь, велокс, velox, Trek 3900, 2013'),
(556, 2055, 'ru', 'Trek 2013 3900 Disc', 'Отличный велосипед среднего уровня с лёгкой алюминиевой рамой. Этот велосипед отлично подойдёт для езды как по городу, так и по бездорожью: резина с мелким протектором обеспечит хороший накат; а благодаря амортизационной вилке SR Suntour XCM c ходом 100 мм, которая смягчает езду по пересеченной местности и дисковым Вы будете чувствовать себя уверенно в любых условиях. Расчет 3х8 и двойные обода!', '<p>\r\n	Отличный велосипед среднего уровня с лёгкой алюминиевой рамой. Этот велосипед отлично подойдёт для езды как по городу, так и по бездорожью: резина с мелким протектором обеспечит хороший накат; а благодаря амортизационной вилке SR Suntour XCM c ходом 100 мм, которая смягчает езду по пересеченной местности и дисковым Вы будете чувствовать себя уверенно в любых условиях. Расчет 3х8 и двойные обода!</p>', 'Хардтейлы, горный велосипед, велосипеды, продажа, севастополь, велокс, velox, Trek 3900 Disc, 2013', 'Trek 2013 3900 Disc', 'Хардтейлы, горный велосипед, велосипеды, продажа, севастополь, велокс, velox, Trek 3900 Disc, 2013'),
(557, 2056, 'ru', 'Trek 2013 4300 Disc', 'Горный велосипед для продвинутых любителей, оснащен гидравлическими дисковыми тормозами Hayes и оборудованием Shimano любительского уровня на 27 передач. Trek 4300 отлично подойдет для туристических походов и поездок по пересеченной местности. Новая облегченная рама Trek 4000 с агрессивной геометрией и внутренней прокладкой троса переднего переключателя. Возможна установка багажника. Новые покрышки Bontrager XR2!', '<p>\r\n	Горный велосипед для продвинутых любителей, оснащен гидравлическими дисковыми тормозами Hayes и оборудованием Shimano любительского уровня на 27 передач. Trek 4300 отлично подойдет для туристических походов и поездок по пересеченной местности. Новая облегченная рама Trek 4000 с агрессивной геометрией и внутренней прокладкой троса переднего переключателя. Возможна установка багажника. Новые покрышки Bontrager XR2!</p>', 'Хардтейлы, горный велосипед, велосипеды, продажа, севастополь, велокс, velox, Trek 4300 disc , 2013', 'Trek 2013 4300 Disc', 'Хардтейлы, горный велосипед, велосипеды, продажа, севастополь, велокс, velox, Trek 4300 disc , 2013'),
(558, 2057, 'ru', 'Trek 2013 Cobia', 'Trek Cobia - горный велосипед с колесами 29" для спортсменов начального уровня, 30 передач, гидравлические дисковые тормоза, амортизационная вилка RockShox с ходом 100 мм, двойные Обода Обода Bontrager AT-850, оборудование Shimano и Sram, компоненты Bontrager. Назначение велосипеда: регулярные поездки во внедорожных условиях, не агрессивного характера, кросс-кантри, трэйл. Установка багажника не предусмотрена.', '<p>\r\n	Trek Cobia - горный велосипед с колесами 29&quot; для спортсменов начального уровня, 30 передач, гидравлические дисковые тормоза, амортизационная вилка RockShox с ходом 100 мм, двойные Обода Обода Bontrager AT-850, оборудование Shimano и Sram, компоненты Bontrager. Назначение велосипеда: регулярные поездки во внедорожных условиях, не агрессивного характера, кросс-кантри, трэйл. Установка багажника не предусмотрена.</p>', 'Хардтейлы, горный велосипед, велосипеды, продажа, севастополь, велокс, velox, Trek 2013 Cobia, найнер, 29', 'Trek 2013 Cobia', 'Хардтейлы, горный велосипед, велосипеды, продажа, севастополь, велокс, velox, Trek 2013 Cobia, найнер, 29'),
(559, 2058, 'ru', 'Trek 2013 Marlin', 'Trek Marlin - горный велосипед с колесами 29" для энтузиастов горного велосипеда, 24 передачи, механические дисковые тормоза Tektro, амортизационная вилка SR Suntour с ходом 100 мм, двойные Обода, оборудование Shimano и SRAM, компоненты Bontrager. Назначение велосипеда: регулярные поездки во внедорожных условиях, не агрессивного характера, кросс-кантри, легкий трэйл. Установка багажника не предусмотрена.', '<p>\r\n	Trek Marlin - горный велосипед с колесами 29&quot; для энтузиастов горного велосипеда, 24 передачи, механические дисковые тормоза Tektro, амортизационная вилка SR Suntour с ходом 100 мм, двойные Обода, оборудование Shimano и SRAM, компоненты Bontrager. Назначение велосипеда: регулярные поездки во внедорожных условиях, не агрессивного характера, кросс-кантри, легкий трэйл. Установка багажника не предусмотрена.</p>', 'Хардтейлы, горный велосипед, велосипеды, продажа, севастополь, велокс, velox, TTrek 2013 Marlin, найнер, 29', 'Trek 2013 Marlin', 'Хардтейлы, горный велосипед, велосипеды, продажа, севастополь, велокс, velox, TTrek 2013 Marlin, найнер, 29'),
(560, 2059, 'ru', 'Trek 2013 Jet 16', 'Для детей от 4 до 6 лет или рост 99-117 см.', '<p>\r\n	Для детей от 4 до 6 лет или рост 99-117 см.</p>', 'велосипеды, детские велосипеды, подростковые велосипеды, продажа, севастополь, велокс, velox, TTrek 2013 Jet 16, 2013', 'Trek 2013 Jet 16', 'велосипеды, детские велосипеды, подростковые велосипеды, продажа, севастополь, велокс, velox, TTrek 2013 Jet 16, 2013'),
(752, 2060, 'ru', 'Trek 2013 MT 220 Boys', 'Для детей от 8 до 12 лет или рост 130-160 см.', '<p>\r\n	Для детей от 8 до 12 лет или рост 130-160 см.</p>', 'Хардтейлы, горный велосипед, велосипеды, детские велосипеды, подростковые велосипеды, продажа, севастополь, велокс, velox, Trek MT 220 Boys, 2013', 'Trek 2013 MT 220 Boys', 'Хардтейлы, горный велосипед, велосипеды, детские велосипеды, подростковые велосипеды, продажа, севастополь, велокс, velox, Trek MT 220 Boys, 2013'),
(753, 2061, 'ru', 'Trek 2013 MT 220 Girls', 'Для детей от 8 до 12 лет или рост 130-160 см.', '<p>\r\n	Для детей от 8 до 12 лет или рост 130-160 см.</p>', 'Хардтейлы, горный велосипед, велосипеды, детские велосипеды, подростковые велосипеды, продажа, севастополь, велокс, velox, Trek 2013 MT 220 Girls, 2013', 'Trek 2013 MT 220 Girls', 'Хардтейлы, горный велосипед, велосипеды, детские велосипеды, подростковые велосипеды, продажа, севастополь, велокс, velox, Trek 2013 MT 220 Girls, 2013'),
(757, 2062, 'ru', 'Trek 2013 Mystic 16', 'Для детей от 4 до 6 лет или рост 99-117 см.', '<p>\r\n	Для детей от 4 до 6 лет или рост 99-117 см.</p>', 'велосипеды, детские велосипеды, подростковые велосипеды, продажа, севастополь, велокс, velox, Trek 2013 Mystic 16, 2013', 'Trek 2013 Mystic 16', 'велосипеды, детские велосипеды, подростковые велосипеды, продажа, севастополь, велокс, velox, Trek 2013 Mystic 16, 2013'),
(564, 2063, 'ru', 'Trek 2013 Skye', 'Женский бюджетный горный велосипед оборудованный компонентами начального уровня Shimano TX35, 21-передача, алюминиевая рама Alpha White Aluminum, аморт. вилка SR Suntour M-2025, усиленные Обода Bontrager 550, тормоза Tektro 845AL. Может использоваться для обучения и легких прогулок.', '<p>\r\n	Женский бюджетный горный велосипед оборудованный компонентами начального уровня Shimano TX35, 21-передача, алюминиевая рама Alpha White Aluminum, аморт. вилка SR Suntour M-2025, усиленные Обода Bontrager 550, тормоза Tektro 845AL. Может использоваться для обучения и легких прогулок.</p>', 'Хардтейлы, горный велосипед, велосипеды, женские велосипеды, продажа, севастополь, велокс, velox, Trek 2013 Skye', 'Trek 2013 Skye', 'Хардтейлы, горный велосипед, велосипеды, женские велосипеды, продажа, севастополь, велокс, velox, Trek 2013 Skye'),
(754, 2066, 'ru', 'Merida Dakar 620 (2012)', 'Специально для детей возрастом от 5 до 9 лет, стремящимся не только кататься по ровной местности, но и учиться передвигаться на велосипеде по бездорожью, создан этот недорогой и надежный хардтейл.\r\n\r\nВ его конструкции используются надежные комплектующие, основным из которых является рама, произведенная из алюминиевого сплава. На эту раму устанавливаются: амортизационная вилка SR Suntour M2000 c ходом 30 мм, ободные тормоза типа V-brake, удобное седло, легкие обода, изготовленные из алюминиевого сплава, навесное оборудование начального уровня Shimano Tourney. 7 скоростей.', '<p>\r\n	Специально для детей возрастом от 5 до 9 лет, стремящимся не только кататься по ровной местности, но и учиться передвигаться на велосипеде по бездорожью, создан этот недорогой и надежный хардтейл.<br />\r\n	<br />\r\n	В его конструкции используются надежные комплектующие, основным из которых является рама, произведенная из алюминиевого сплава. На эту раму устанавливаются: амортизационная вилка SR Suntour M2000 c ходом 30 мм, ободные тормоза типа V-brake, удобное седло, легкие обода, изготовленные из алюминиевого сплава, навесное оборудование начального уровня Shimano Tourney. 7 скоростей.</p>', 'Хардтейлы, горный велосипед, велосипеды, детские велосипеды, подростковые велосипеды, продажа, севастополь, велокс, velox, TMerida Dakar 620 (2012), 2012', 'Merida Dakar 620 (2012)', 'Хардтейлы, горный велосипед, велосипеды, детские велосипеды, подростковые велосипеды, продажа, севастополь, велокс, velox, TMerida Dakar 620 (2012), 2012'),
(759, 2064, 'ru', 'Trek 2013 Skye S', 'Женский горный велосипед оборудованный компонентами начального уровня Shimano Altus, 24-передачи, алюминиевая рама Alpha Silver Aluminum, аморт. вилка SR Suntour, усиленные Обода Bontrager 550, тормоза Tektro 845AL. Может использоваться для обучения и легких прогулок.', '<p>\r\n	Женский горный велосипед оборудованный компонентами начального уровня Shimano Altus, 24-передачи, алюминиевая рама Alpha Silver Aluminum, аморт. вилка SR Suntour, усиленные Обода Bontrager 550, тормоза Tektro 845AL. Может использоваться для обучения и легких прогулок.</p>', 'Хардтейлы, горный велосипед, велосипеды, женские велосипеды, продажа, севастополь, велокс, velox, Trek 2013 Skye S', 'Trek 2013 Skye S', 'Хардтейлы, горный велосипед, велосипеды, женские велосипеды, продажа, севастополь, велокс, velox, Trek 2013 Skye S'),
(566, 2065, 'ru', 'Trek 2013 Skye SL', 'Горный велосипед любительского уровня с алюминиевой рамой предназначен для езды по пересеченной местности и ровной дороге. Данная модель получила новую геометрию рамы, которая разработана специально для женщин. Модель комлектуется амортизационной вилкой SR Suntour с ходом 100 мм, в которой присутствует регулятор нагрузки, и блокиратор хода. Качественный и недорогой велосипед, обладающий всеми необходимыми качествами хорошего горного велосипеда. 27 передач', '<p>\r\n	Горный велосипед любительского уровня с алюминиевой рамой предназначен для езды по пересеченной местности и ровной дороге. Данная модель получила новую геометрию рамы, которая разработана специально для женщин. Модель комлектуется амортизационной вилкой SR Suntour с ходом 100 мм, в которой присутствует регулятор нагрузки, и блокиратор хода. Качественный и недорогой велосипед, обладающий всеми необходимыми качествами хорошего горного велосипеда. 27 передач</p>', 'Хардтейлы, горный велосипед, велосипеды, женские велосипеды, продажа, севастополь, велокс, velox, Trek 2013 Skye SL', 'Trek 2013 Skye SL', 'Хардтейлы, горный велосипед, велосипеды, женские велосипеды, продажа, севастополь, велокс, velox, Trek 2013 Skye SL'),
(864, 2068, 'ru', 'QUANDO BMX - KT-D1-TF', 'Втулка QUANDO BMX - KT-D1-TF (Пер) 36H', '<p>\r\n	&nbsp;</p>\r\n<p style="margin: 0px 0px 15px; padding: 0px; border: 0px; outline: 0px; font-size: 13px; background-color: rgb(245, 245, 245); font-family: Tahoma, Arial, Helvetica, Geneva, sans-serif;">\r\n	Материал корпуса: алюминий</p>\r\n<p style="margin: 0px 0px 15px; padding: 0px; border: 0px; outline: 0px; font-size: 13px; background-color: rgb(245, 245, 245); font-family: Tahoma, Arial, Helvetica, Geneva, sans-serif;">\r\n	Материал оси: сталь</p>\r\n<p style="margin: 0px 0px 15px; padding: 0px; border: 0px; outline: 0px; font-size: 13px; background-color: rgb(245, 245, 245); font-family: Tahoma, Arial, Helvetica, Geneva, sans-serif;">\r\n	Длинна оси: 175 мм</p>\r\n<p style="margin: 0px 0px 15px; padding: 0px; border: 0px; outline: 0px; font-size: 13px; background-color: rgb(245, 245, 245); font-family: Tahoma, Arial, Helvetica, Geneva, sans-serif;">\r\n	Диаметр оси: 14 мм&nbsp;</p>', 'Втулка QUANDO BMX - KT-D1-TF (Пер) 36H', 'Втулка QUANDO BMX - KT-D1-TF (Пер) 36H', 'Втулка QUANDO BMX - KT-D1-TF (Пер) 36H'),
(865, 2069, 'ru', 'TATU-BIKE', 'Втулка TATU-BIKE задн. 32H шоссе красная', '<p>\r\n	&nbsp;</p>\r\n<p style="margin: 6px 0px; padding: 0px; font-size: 11px; font-family: ''Trebuchet MS'', Verdana, Arial, sans-serif;">\r\n	Область применения: шоссе&nbsp;<br style="margin: 0px; padding: 0px;" />\r\n	Количество отверстий: 32<br style="margin: 0px; padding: 0px;" />\r\n	4 промышленных подшипника<br style="margin: 0px; padding: 0px;" />\r\n	Вес: 271г</p>\r\n<p style="margin: 6px 0px; padding: 0px; font-size: 11px; font-family: ''Trebuchet MS'', Verdana, Arial, sans-serif;">\r\n	Цвет: красный</p>', 'Втулка TATU-BIKE задн. 32H шоссе красная', 'Втулка TATU-BIKE задн. 32H шоссе красная', 'Втулка TATU-BIKE задн. 32H шоссе красная'),
(866, 2070, 'ru', 'TATU-BIKE задн.ВМХ  ось 14мм 9T Drive Unit', 'Втулка TATU-BIKE задн.ВМХ 36н 4\r\nпром.подш.черная 524g ось 14мм 9T\r\nDrive Unit', '<p>\r\n	<span style="font-family: Verdana, Geneva, Arial, Helvetica, sans-serif;">Очень маленький свободный ход</span><br style="font-family: Verdana, Geneva, Arial, Helvetica, sans-serif;" />\r\n	<span style="font-family: Verdana, Geneva, Arial, Helvetica, sans-serif;">Крепкий механизм проверенный временем!</span><br style="font-family: Verdana, Geneva, Arial, Helvetica, sans-serif;" />\r\n	<span style="font-family: Verdana, Geneva, Arial, Helvetica, sans-serif;">Высокие фланци</span><br style="font-family: Verdana, Geneva, Arial, Helvetica, sans-serif;" />\r\n	<span style="font-family: Verdana, Geneva, Arial, Helvetica, sans-serif;">4 собачки в драйвере</span><br style="font-family: Verdana, Geneva, Arial, Helvetica, sans-serif;" />\r\n	<span style="font-family: Verdana, Geneva, Arial, Helvetica, sans-serif;">2 промподшипника в корпусе втулки</span><br style="font-family: Verdana, Geneva, Arial, Helvetica, sans-serif;" />\r\n	<span style="font-family: Verdana, Geneva, Arial, Helvetica, sans-serif;">1 пром подшипник и втулка скольжения в драйвере&nbsp;</span><br style="font-family: Verdana, Geneva, Arial, Helvetica, sans-serif;" />\r\n	<span style="font-family: Verdana, Geneva, Arial, Helvetica, sans-serif;">14мм полая CrMo ось.&nbsp;</span><br style="font-family: Verdana, Geneva, Arial, Helvetica, sans-serif;" />\r\n	<span style="font-family: Verdana, Geneva, Arial, Helvetica, sans-serif;">Только на 36 спиц</span><br style="font-family: Verdana, Geneva, Arial, Helvetica, sans-serif;" />\r\n	<span style="font-family: Verdana, Geneva, Arial, Helvetica, sans-serif;">Вес: 590 гр</span></p>', 'Втулка TATU-BIKE задн.ВМХ 36н 4\r\nпром.подш.черная 524g ось 14мм 9T\r\nDrive Unit', 'Втулка TATU-BIKE задн.ВМХ 36н 4\r\nпром.подш.черная 524g ось 14мм 9T\r\nDrive Unit', 'Втулка TATU-BIKE задн.ВМХ 36н 4\r\nпром.подш.черная 524g ось 14мм 9T\r\nDrive Unit'),
(867, 2071, 'ru', 'TATU-BIKE задн.ВМХ', 'Втулка TATU-BIKE задн.ВМХ 48н\r\nчерная 58', '<p>\r\n	&nbsp;</p>\r\n<p style="margin-top: 0px; margin-bottom: 20px; font-family: Arial, Helvetica, sans-serif;">\r\n	Область применения: BMX<br />\r\n	<br />\r\n	Количество отверстий: 48<br />\r\n	<br />\r\n	Ось 14мм</p>\r\n<p style="margin-top: 0px; margin-bottom: 20px; font-family: Arial, Helvetica, sans-serif;">\r\n	Вес: 585г</p>\r\n<p style="margin-top: 0px; margin-bottom: 20px; font-family: Arial, Helvetica, sans-serif;">\r\n	Цвет: черный</p>', 'Втулка TATU-BIKE задн.ВМХ 48н\r\nчерная 58', 'Втулка TATU-BIKE задн.ВМХ 48н\r\nчерная 58', 'Втулка TATU-BIKE задн.ВМХ 48н\r\nчерная 58'),
(868, 2072, 'ru', 'TATU-BIKE задн. 4 пром.подш.DH 12х150', 'Втулка TATU-BIKE задн.диск 36н 4\r\nпром.подш.DH 12х150 черная 451g', '<p>\r\n	<span style="line-height: 18px;">Классическая втулка для дискового тормоза на заднее колесо на 4-х пром. подшипниках. Идеальная для Дх и Фрирайда</span><br style="line-height: 18px;" />\r\n	<span style="line-height: 18px;">Область применения: MTB&nbsp;</span><br style="line-height: 18px;" />\r\n	<span style="line-height: 18px;">Количество отверстий: 36</span><br style="line-height: 18px;" />\r\n	<span style="line-height: 18px;">Количество подшипников : 4 прома&nbsp;</span><br style="line-height: 18px;" />\r\n	<span style="line-height: 18px;">Креплением под дисковый тормоз : Есть , под 6 болтов&nbsp;</span><br style="line-height: 18px;" />\r\n	<span style="line-height: 18px;">Вес: 451г</span><br style="line-height: 18px;" />\r\n	<span style="line-height: 18px;">Цвет: Черный</span><br style="line-height: 18px;" />\r\n	<span style="line-height: 18px;">Размер : 12х150мм</span></p>', 'Втулка TATU-BIKE задн.диск 36н 4\r\nпром.подш.DH 12х150 черная 451g', 'Втулка TATU-BIKE задн.диск 36н 4\r\nпром.подш.DH 12х150 черная 451g', 'Втулка TATU-BIKE задн.диск 36н 4\r\nпром.подш.DH 12х150 черная 451g'),
(869, 2073, 'ru', 'TATU-BIKE  4 пром.подш.золотистая 491g', 'Втулка TATU-BIKE задн.диск 36н 4\r\nпром.подш.золотистая 491g', '<p>\r\n	&nbsp;</p>\r\n<p style="margin: 6px 0px; padding: 0px; font-size: 11px; font-family: ''Trebuchet MS'', Verdana, Arial, sans-serif;">\r\n	Область применения: MTB&nbsp;<br style="margin: 0px; padding: 0px;" />\r\n	<br style="margin: 0px; padding: 0px;" />\r\n	Количество отверстий: 36<br style="margin: 0px; padding: 0px;" />\r\n	<br style="margin: 0px; padding: 0px;" />\r\n	4 промышленных подшипника<br style="margin: 0px; padding: 0px;" />\r\n	<br style="margin: 0px; padding: 0px;" />\r\n	С креплением под дисковый тормоз<br style="margin: 0px; padding: 0px;" />\r\n	<br style="margin: 0px; padding: 0px;" />\r\n	Вес: 491г</p>\r\n<p style="margin: 6px 0px; padding: 0px; font-size: 11px; font-family: ''Trebuchet MS'', Verdana, Arial, sans-serif;">\r\n	Цвет: золотистая</p>\r\n<p style="margin: 6px 0px; padding: 0px; font-size: 11px; font-family: ''Trebuchet MS'', Verdana, Arial, sans-serif;">\r\n	&nbsp;</p>', 'Втулка TATU-BIKE задн.диск 36н 4\r\nпром.подш.золотистая 491g', 'Втулка TATU-BIKE задн.диск 36н 4\r\nпром.подш.золотистая 491g', 'Втулка TATU-BIKE задн.диск 36н 4\r\nпром.подш.золотистая 491g'),
(870, 2074, 'ru', 'TATU-BIKE  4 пром.подш.красная 491g', 'Втулка TATU-BIKE задн.диск 36н 4\r\nпром.подш.красная 491g', '<p>\r\n	&nbsp;</p>\r\n<p style="margin: 6px 0px; padding: 0px; border: 0px; color: rgb(79, 79, 79); line-height: 18px; font-size: 11px; font-family: ''Trebuchet MS'', Verdana, Arial, sans-serif;">\r\n	Область применения: MTB&nbsp;<br style="margin: 0px; padding: 0px; border: 0px;" />\r\n	<br style="margin: 0px; padding: 0px; border: 0px;" />\r\n	Количество отверстий: 36<br style="margin: 0px; padding: 0px; border: 0px;" />\r\n	<br style="margin: 0px; padding: 0px; border: 0px;" />\r\n	4 промышленных подшипника<br style="margin: 0px; padding: 0px; border: 0px;" />\r\n	<br style="margin: 0px; padding: 0px; border: 0px;" />\r\n	С креплением под дисковый тормоз<br style="margin: 0px; padding: 0px; border: 0px;" />\r\n	<br style="margin: 0px; padding: 0px; border: 0px;" />\r\n	Вес: 491г</p>\r\n<p style="margin: 6px 0px; padding: 0px; border: 0px; color: rgb(79, 79, 79); line-height: 18px; font-size: 11px; font-family: ''Trebuchet MS'', Verdana, Arial, sans-serif;">\r\n	Цвет: красная</p>', 'Втулка TATU-BIKE задн.диск 36н 4\r\nпром.подш.красная 491g', 'Втулка TATU-BIKE задн.диск 36н 4\r\nпром.подш.красная 491g', 'Втулка TATU-BIKE задн.диск 36н 4\r\nпром.подш.красная 491g'),
(871, 2075, 'ru', 'TATU-BIKE  SINGLE S', 'Втулка TATU-BIKE задн.диск 36н SINGLE\r\nS', '<p>\r\n	&nbsp;</p>\r\n<h4 style="margin: 0px; padding: 0px; border: 0px; font-size: 14px; font: inherit; vertical-align: baseline;">\r\n	Втулка TATU-BIKE задн.диск 36н SINGLE SPEED черная 520g ось 10мм</h4>', 'Втулка TATU-BIKE задн.диск 36н SINGLE\r\nS', 'Втулка TATU-BIKE задн.диск 36н SINGLE\r\nS', 'Втулка TATU-BIKE задн.диск 36н SINGLE\r\nS'),
(872, 2076, 'ru', 'TATU-BIKE  2 пром.подш.золотистая 141g облегченная', 'Втулка TATU-BIKE передн.диск 32н 2\r\nпром.подш.золотистая 141g\r\nоблегченная', '<p>\r\n	&nbsp;</p>\r\n<div>\r\n	&nbsp;</div>\r\n<div>\r\n	Материл: алюминий</div>\r\n<div>\r\n	&nbsp;</div>\r\n<div>\r\n	Под дисковый тормоз</div>\r\n<div>\r\n	&nbsp;</div>\r\n<div>\r\n	2 пром. подшипника</div>\r\n<div>\r\n	&nbsp;</div>\r\n<div>\r\n	Кол-во спиц: 32</div>\r\n<div>\r\n	&nbsp;</div>\r\n<div>\r\n	Цвет: золотистый</div>\r\n<div>\r\n	&nbsp;</div>\r\n<div>\r\n	Вес: 141 г</div>', 'Втулка TATU-BIKE передн.диск 32н 2\r\nпром.подш.золотистая 141g\r\nоблегченная', 'Втулка TATU-BIKE передн.диск 32н 2\r\nпром.подш.золотистая 141g\r\nоблегченная', 'Втулка TATU-BIKE передн.диск 32н 2\r\nпром.подш.золотистая 141g\r\nоблегченная'),
(873, 2077, 'ru', 'TATU-BIKE  20мм 2 пром.подш.белая 215g', 'Втулка TATU-BIKE передн.диск 32н\r\n20мм 2 пром.подш.белая 215g', '<p>\r\n	&nbsp;</p>\r\n<div>\r\n	Материл: алюминий</div>\r\n<div>\r\n	&nbsp;</div>\r\n<div>\r\n	Под дисковый тормоз</div>\r\n<div>\r\n	&nbsp;</div>\r\n<div>\r\n	Ось: 20 мм</div>\r\n<div>\r\n	&nbsp;</div>\r\n<div>\r\n	2 пром. подшипника</div>\r\n<div>\r\n	&nbsp;</div>\r\n<div>\r\n	Кол-во спиц: 36</div>\r\n<div>\r\n	&nbsp;</div>\r\n<div>\r\n	Цвет: белая</div>\r\n<div>\r\n	&nbsp;</div>\r\n<div>\r\n	Вес: 215 г</div>', 'Втулка TATU-BIKE передн.диск 32н\r\n20мм 2 пром.подш.белая 215g', 'Втулка TATU-BIKE передн.диск 32н\r\n20мм 2 пром.подш.белая 215g', 'Втулка TATU-BIKE передн.диск 32н\r\n20мм 2 пром.подш.белая 215g'),
(645, 2144, 'ru', 'CUBE AIM Disc 29 (2013)', 'Кросс-кантрийный хардтейл с высоким уровнем комфорта и прочности, на оборудовании любительского уровня Shimano. Специально разработаная геометрия рамы RFR - дает возможность принять райдеру удобное положения во время, что вместе с легкой алюминиевой рамой и вилкой с возможностью блокировки хода идеально подходит для бездорожья и длительных путешествий. Безопасность ва могут гарантировать гидравлические дисковые тормоза установленые на данной модели.', '<p>\r\n	Кросс-кантрийный хардтейл с высоким уровнем комфорта и прочности, на оборудовании любительского уровня Shimano. Специально разработаная геометрия рамы RFR - дает возможность принять райдеру удобное положения во время, что вместе с легкой алюминиевой рамой и вилкой с возможностью блокировки хода идеально подходит для бездорожья и длительных путешествий. Безопасность ва могут гарантировать гидравлические дисковые тормоза установленые на данной модели.</p>', 'Хардтейлы, горный велосипед, найнер, велосипеды, продажа, севастополь, велокс, velox, CUBE AIM Disc 29 (2013)', 'CUBE AIM Disc 29 (2013)', 'Хардтейлы, горный велосипед, найнер, велосипеды, продажа, севастополь, велокс, velox, CUBE AIM Disc 29 (2013)'),
(782, 2142, 'ru', 'SIXSIXONE COMP ELBOW WHITE', 'Налокотники SIXSIXONE COMP ELBOW WHITE', '<p>\r\n	&nbsp;</p>\r\n<p style="margin: 0px 0px 10px; line-height: 1.5; color: rgb(64, 64, 64); font-family: Arial, Helvetica, sans-serif;">\r\n	Классическая жесткая защита локтя и предплечья от SixSixOne - прочная и недорогая.</p>\r\n<p style="margin: 0px 0px 10px; line-height: 1.5; color: rgb(64, 64, 64); font-family: Arial, Helvetica, sans-serif;">\r\n	- Вентилируемая основа из мягкого материала EVA<br style="line-height: 1.5;" />\r\n	- Внешняя часть из жесткого пластика с отверстиями для вентиляции<br style="line-height: 1.5;" />\r\n	- Система регулируемых ремешков для точной подгонки под размер руки- Ассиметричный дизайн, улучшающий защиту и комфорт для руки</p>', 'Налокотники SIXSIXONE COMP ELBOW WHITE', 'Налокотники SIXSIXONE COMP ELBOW WHITE', 'Налокотники SIXSIXONE COMP ELBOW WHITE'),
(732, 2143, 'ru', 'Barbieri Coolmax Nero', 'Наколенники Barbieri Coolmax Nero ABB/GA', '<p>\r\n	Наколенники Barbieri Nero обеспечивают надежную защиту ваших ног во время холодных и ветренных поездок. Размер: S/M</p>', 'Наколенники Barbieri Coolmax Nero ABB/GA', 'Наколенники Barbieri Coolmax Nero ABB/GA', 'Наколенники Barbieri Coolmax Nero ABB/GA'),
(874, 2079, 'ru', 'TATU-BIKE  2 пром.подш.красная 213g', 'Втулка TATU-BIKE передн.диск 36н 2\r\nпром.подш.красная 213g', '<p>\r\n	<span style="color: rgb(51, 51, 51); font-family: Helvetica, Arial, sans-serif;">Проверенные втулки Novatec, изготовленные под новым брендом и в максимальном разнообразии цветов и модификаций.</span><br style="color: rgb(51, 51, 51); font-family: Helvetica, Arial, sans-serif;" />\r\n	<span style="color: rgb(51, 51, 51); font-family: Helvetica, Arial, sans-serif;">Область применения: MTB&nbsp;</span><br style="color: rgb(51, 51, 51); font-family: Helvetica, Arial, sans-serif;" />\r\n	<span style="color: rgb(51, 51, 51); font-family: Helvetica, Arial, sans-serif;">Количество отверстий: 36</span><br style="color: rgb(51, 51, 51); font-family: Helvetica, Arial, sans-serif;" />\r\n	<span style="color: rgb(51, 51, 51); font-family: Helvetica, Arial, sans-serif;">2 промышленных подшипника</span><br style="color: rgb(51, 51, 51); font-family: Helvetica, Arial, sans-serif;" />\r\n	<span style="color: rgb(51, 51, 51); font-family: Helvetica, Arial, sans-serif;">С креплением под дисковый тормоз</span><br style="color: rgb(51, 51, 51); font-family: Helvetica, Arial, sans-serif;" />\r\n	<span style="color: rgb(51, 51, 51); font-family: Helvetica, Arial, sans-serif;">Вес: 213г</span><br style="color: rgb(51, 51, 51); font-family: Helvetica, Arial, sans-serif;" />\r\n	<span style="color: rgb(51, 51, 51); font-family: Helvetica, Arial, sans-serif;">Цвет: красный</span></p>', 'Втулка TATU-BIKE передн.диск 36н 2\r\nпром.подш.красная 213g', 'Втулка TATU-BIKE передн.диск 36н 2\r\nпром.подш.красная 213g', 'Втулка TATU-BIKE передн.диск 36н 2\r\nпром.подш.красная 213g'),
(875, 2080, 'ru', 'TATU-BIKE  2 пром.подш.черная 213g', 'Втулка TATU-BIKE передн.диск 36н 2\r\nпром.подш.черная 213g', '<p>\r\n	<span style="color: rgb(51, 51, 51); font-family: Helvetica, Arial, sans-serif;">Проверенные втулки Novatec, изготовленные под новым брендом и в максимальном разнообразии цветов и модификаций.</span><br style="color: rgb(51, 51, 51); font-family: Helvetica, Arial, sans-serif;" />\r\n	<span style="color: rgb(51, 51, 51); font-family: Helvetica, Arial, sans-serif;">Область применения: MTB&nbsp;</span><br style="color: rgb(51, 51, 51); font-family: Helvetica, Arial, sans-serif;" />\r\n	<span style="color: rgb(51, 51, 51); font-family: Helvetica, Arial, sans-serif;">Количество отверстий: 36</span><br style="color: rgb(51, 51, 51); font-family: Helvetica, Arial, sans-serif;" />\r\n	<span style="color: rgb(51, 51, 51); font-family: Helvetica, Arial, sans-serif;">2 промышленных подшипника</span><br style="color: rgb(51, 51, 51); font-family: Helvetica, Arial, sans-serif;" />\r\n	<span style="color: rgb(51, 51, 51); font-family: Helvetica, Arial, sans-serif;">С креплением под дисковый тормоз</span><br style="color: rgb(51, 51, 51); font-family: Helvetica, Arial, sans-serif;" />\r\n	<span style="color: rgb(51, 51, 51); font-family: Helvetica, Arial, sans-serif;">Вес: 213г</span><br style="color: rgb(51, 51, 51); font-family: Helvetica, Arial, sans-serif;" />\r\n	<span style="color: rgb(51, 51, 51); font-family: Helvetica, Arial, sans-serif;">Цвет: черный</span></p>', 'Втулка TATU-BIKE передн.диск 36н 2\r\nпром.подш.черная 213g', 'Втулка TATU-BIKE передн.диск 36н 2\r\nпром.подш.черная 213g', 'Втулка TATU-BIKE передн.диск 36н 2\r\nпром.подш.черная 213g'),
(876, 2081, 'ru', 'TATU-BIKE  20мм 2 пром.подш.золотистая 215g', 'Втулка TATU-BIKE передн.диск 36н\r\n20мм 2 пром.подш.золотистая 215g', '<p>\r\n	&nbsp;</p>\r\n<div>\r\n	&nbsp;</div>\r\n<div>\r\n	Материл: алюминий</div>\r\n<div>\r\n	&nbsp;</div>\r\n<div>\r\n	Под дисковый тормоз</div>\r\n<div>\r\n	&nbsp;</div>\r\n<div>\r\n	Ось: 20 мм</div>\r\n<div>\r\n	&nbsp;</div>\r\n<div>\r\n	2 пром. подшипника</div>\r\n<div>\r\n	&nbsp;</div>\r\n<div>\r\n	Кол-во спиц: 36</div>\r\n<div>\r\n	&nbsp;</div>\r\n<div>\r\n	Цвет: золотистый</div>\r\n<div>\r\n	&nbsp;</div>\r\n<div>\r\n	Вес: 215 г</div>', 'Втулка TATU-BIKE передн.диск 36н\r\n20мм 2 пром.подш.золотистая 215g', 'Втулка TATU-BIKE передн.диск 36н\r\n20мм 2 пром.подш.золотистая 215g', 'Втулка TATU-BIKE передн.диск 36н\r\n20мм 2 пром.подш.золотистая 215g'),
(877, 2082, 'ru', 'TATU-BIKE  20мм 2 пром.подш.красная 215g', 'Втулка TATU-BIKE передн.диск 36н\r\n20мм 2 пром.подш.красная 215g', '<p>\r\n	&nbsp;</p>\r\n<div>\r\n	&nbsp;</div>\r\n<div>\r\n	Материл: алюминий</div>\r\n<div>\r\n	&nbsp;</div>\r\n<div>\r\n	Под дисковый тормоз</div>\r\n<div>\r\n	&nbsp;</div>\r\n<div>\r\n	Ось: 20 мм</div>\r\n<div>\r\n	&nbsp;</div>\r\n<div>\r\n	2 пром. подшипника</div>\r\n<div>\r\n	&nbsp;</div>\r\n<div>\r\n	Кол-во спиц: 36</div>\r\n<div>\r\n	&nbsp;</div>\r\n<div>\r\n	Цвет: красный&nbsp;</div>\r\n<div>\r\n	&nbsp;</div>\r\n<div>\r\n	Вес: 215 г</div>', 'Втулка TATU-BIKE передн.диск 36н\r\n20мм 2 пром.подш.красная 215g', 'Втулка TATU-BIKE передн.диск 36н\r\n20мм 2 пром.подш.красная 215g', 'Втулка TATU-BIKE передн.диск 36н\r\n20мм 2 пром.подш.красная 215g'),
(878, 2083, 'ru', 'TATU-BIKE  20мм 2 пром.подш.черная 215g', 'Втулка TATU-BIKE передн.диск 32, 36н\r\n20мм 2 пром.подш.черная 215g', '<p>\r\n	&nbsp;</p>\r\n<div>\r\n	&nbsp;</div>\r\n<div>\r\n	Материл: алюминий</div>\r\n<div>\r\n	&nbsp;</div>\r\n<div>\r\n	Под дисковый тормоз</div>\r\n<div>\r\n	&nbsp;</div>\r\n<div>\r\n	Ось: 20 мм</div>\r\n<div>\r\n	&nbsp;</div>\r\n<div>\r\n	2 пром. подшипника</div>\r\n<div>\r\n	&nbsp;</div>\r\n<div>\r\n	Кол-во спиц: 36,32</div>\r\n<div>\r\n	&nbsp;</div>\r\n<div>\r\n	Цвет: черный</div>\r\n<div>\r\n	&nbsp;</div>\r\n<div>\r\n	Вес: 215 г</div>', 'Втулка TATU-BIKE передн.диск 32, 36н\r\n20мм 2 пром.подш.черная 215g', 'Втулка TATU-BIKE передн.диск 32, 36н\r\n20мм 2 пром.подш.черная 215g', 'Втулка TATU-BIKE передн.диск 32, 36н\r\n20мм 2 пром.подш.черная 215g'),
(879, 2084, 'ru', 'TATU-BIKE  белая', 'Втулка TATU-BIKE передн.диск 36н\r\nбелая', '<p>\r\n	&nbsp;</p>\r\n<div>\r\n	&nbsp;</div>\r\n<div>\r\n	Материл: алюминий</div>\r\n<div>\r\n	&nbsp;</div>\r\n<div>\r\n	Под дисковый тормоз</div>\r\n<div>\r\n	&nbsp;</div>\r\n<div>\r\n	2 пром. подшипника</div>\r\n<div>\r\n	&nbsp;</div>\r\n<div>\r\n	Кол-во спиц: 36</div>\r\n<div>\r\n	&nbsp;</div>\r\n<div>\r\n	Цвет: белый</div>\r\n<div>\r\n	&nbsp;</div>\r\n<div>\r\n	Вес: 215 г</div>', 'Втулка TATU-BIKE передн.диск 36н\r\nбелая', 'Втулка TATU-BIKE передн.диск 36н\r\nбелая', 'Втулка TATU-BIKE передн.диск 36н\r\nбелая'),
(880, 2085, 'ru', 'Shimano FH-M770 XT', 'Втулка задн Shimano  FH-M770 XT 32сп, серебр', '<p>\r\n	&nbsp;</p>\r\n<div>\r\n	Материал<span class="Apple-tab-span" style="white-space:pre"> </span> алюминий</div>\r\n<div>\r\n	Характеристики<span class="Apple-tab-span" style="white-space:pre"> </span> кассетная, 8/9 ск.</div>\r\n<div>\r\n	Ширина втулки<span class="Apple-tab-span" style="white-space:pre"> </span> 135 мм</div>\r\n<div>\r\n	Эксцентрик<span class="Apple-tab-span" style="white-space:pre"> </span> 10х146 мм</div>\r\n<div>\r\n	Подшипники<span class="Apple-tab-span" style="white-space:pre"> </span> шариковые</div>\r\n<div>\r\n	Отверстий<span class="Apple-tab-span" style="white-space:pre"> </span> 32</div>\r\n<div>\r\n	Цвет<span class="Apple-tab-span" style="white-space:pre"> </span> серебристая</div>', 'Втулка задн Shimano FH-M770 XT 32сп, серебр', 'Втулка задн Shimano FH-M770 XT 32сп, серебр', 'Втулка задн  FH-M770 XT 32сп, серебр');
INSERT INTO `catalog_product_translation` (`product_translation_id`, `product_id`, `language_code`, `name`, `announcement`, `description`, `meta_keywords`, `page_title`, `meta_description`) VALUES
(881, 2086, 'ru', 'Shimano FH-M600 Hone', 'Втулка задн. Shimano FH-M600 Hone 32H', '<p>\r\n	&nbsp;</p>\r\n<div>\r\n	Производитель <span class="Apple-tab-span" style="white-space:pre"> </span>SHIMANO&nbsp;</div>\r\n<div>\r\n	Модель <span class="Apple-tab-span" style="white-space:pre"> </span>Втулка задняя HONE FH-M600 (32 спицы)&nbsp;</div>\r\n<div>\r\n	Назначение <span class="Apple-tab-span" style="white-space:pre"> </span>MTB&nbsp;</div>\r\n<div>\r\n	Тип тормозов <span class="Apple-tab-span" style="white-space:pre"> </span>Дисковый&nbsp;</div>\r\n<div>\r\n	Диаметр, материал оси <span class="Apple-tab-span" style="white-space:pre"> </span>10mm Сталь&nbsp;</div>\r\n<div>\r\n	Длина оси <span class="Apple-tab-span" style="white-space:pre"> </span>186mm&nbsp;</div>\r\n<div>\r\n	Посадочный размер втулки <span class="Apple-tab-span" style="white-space:pre"> </span>135mm&nbsp;</div>\r\n<div>\r\n	Крепление под диск <span class="Apple-tab-span" style="white-space:pre"> </span>Звезда&nbsp;</div>\r\n<div>\r\n	Материал корпуса втулки <span class="Apple-tab-span" style="white-space:pre"> </span>Алюминий/Анодированный&nbsp;</div>\r\n<div>\r\n	Цвет корпуса <span class="Apple-tab-span" style="white-space:pre"> </span>Черный&nbsp;</div>\r\n<div>\r\n	Тип подшипников <span class="Apple-tab-span" style="white-space:pre"> </span>Чашка-конус&nbsp;</div>\r\n<div>\r\n	Пыльник <span class="Apple-tab-span" style="white-space:pre"> </span>Двухконтактный&nbsp;</div>\r\n<div>\r\n	Обработка чашек втулки <span class="Apple-tab-span" style="white-space:pre"> </span>Полировка&nbsp;</div>\r\n<div>\r\n	Обработка конусов оси <span class="Apple-tab-span" style="white-space:pre"> </span>Суперполировка&nbsp;</div>\r\n<div>\r\n	Кол-во отверстий для спиц <span class="Apple-tab-span" style="white-space:pre"> </span>32Н&nbsp;</div>\r\n<div>\r\n	Диаметр окружности между отверстиями спиц <span class="Apple-tab-span" style="white-space:pre"> </span>45mm&nbsp;</div>\r\n<div>\r\n	Расстояние от центра втулки до фланцев <span class="Apple-tab-span" style="white-space:pre"> </span>Right 22.05mm Left 35.35mm&nbsp;</div>\r\n<div>\r\n	Грязезащита <span class="Apple-tab-span" style="white-space:pre"> </span>Хорошая&nbsp;</div>\r\n<div>\r\n	Вес без эксцентрика (вес эксцентрика) <span class="Apple-tab-span" style="white-space:pre"> </span>442g (w/o axle)&nbsp;</div>\r\n<div>\r\n	Совместимость <span class="Apple-tab-span" style="white-space:pre"> </span>С системой Center Lock&nbsp;</div>', 'Втулка задн. Shimano FH-M600 Hone 32H', 'Втулка задн. Shimano FH-M600 Hone 32H', 'Втулка задн. Shimano FH-M600 Hone 32H'),
(882, 2087, 'ru', 'TATU-BIKE MTB .касетн. 8-9зв', 'Втулка задн. TATU-BIKE MTB алю.32h\r\nчерн.касетн. 8-9зв', '<p>\r\n	<span style="font-family: Verdana, Geneva, Arial, Helvetica, sans-serif;">Материал Сталь</span><br style="font-family: Verdana, Geneva, Arial, Helvetica, sans-serif;" />\r\n	<span style="font-family: Verdana, Geneva, Arial, Helvetica, sans-serif;">Характеристики кассетная, 8/9 ск.</span><br style="font-family: Verdana, Geneva, Arial, Helvetica, sans-serif;" />\r\n	<span style="font-family: Verdana, Geneva, Arial, Helvetica, sans-serif;">Ширина втулки 135 мм</span><br style="font-family: Verdana, Geneva, Arial, Helvetica, sans-serif;" />\r\n	<span style="font-family: Verdana, Geneva, Arial, Helvetica, sans-serif;">Подшипники шариковые</span><br style="font-family: Verdana, Geneva, Arial, Helvetica, sans-serif;" />\r\n	<span style="font-family: Verdana, Geneva, Arial, Helvetica, sans-serif;">Отверстий 32</span><br style="font-family: Verdana, Geneva, Arial, Helvetica, sans-serif;" />\r\n	<span style="font-family: Verdana, Geneva, Arial, Helvetica, sans-serif;">Цвет черный</span><br style="font-family: Verdana, Geneva, Arial, Helvetica, sans-serif;" />\r\n	<span style="font-family: Verdana, Geneva, Arial, Helvetica, sans-serif;">Вес 465г</span><br style="font-family: Verdana, Geneva, Arial, Helvetica, sans-serif;" />\r\n	<span style="font-family: Verdana, Geneva, Arial, Helvetica, sans-serif;">Эксцентрик со стальной лапкой, резиновый пыльник</span></p>', 'Втулка задн. TATU-BIKE MTB алю.32h\r\nчерн.касетн. 8-9зв', 'Втулка задн. TATU-BIKE MTB алю.32h\r\nчерн.касетн. 8-9зв', 'Втулка задн. TATU-BIKE MTB алю.32h\r\nчерн.касетн. 8-9зв'),
(883, 2088, 'ru', 'TATU-BIKE .эксцентрик 453g 8-9зв', 'Втулка задн. TATU-BIKE диск.алю.32h\r\nчерн.эксцентрик 453g 8-9зв', '<p>\r\n	&nbsp;</p>\r\n<div>\r\n	Производитель <span class="Apple-tab-span" style="white-space:pre"> </span>TATU-BIKE &nbsp;</div>\r\n<div>\r\n	Назначение <span class="Apple-tab-span" style="white-space:pre"> </span>MTB&nbsp;</div>\r\n<div>\r\n	Тип тормозов <span class="Apple-tab-span" style="white-space:pre"> </span>Дисковый &nbsp;</div>\r\n<div>\r\n	Крепление под диск <span class="Apple-tab-span" style="white-space:pre"> </span>Звезда&nbsp;</div>\r\n<div>\r\n	Материал корпуса втулки <span class="Apple-tab-span" style="white-space:pre"> </span>Алюминий/Анодированный&nbsp;</div>\r\n<div>\r\n	Цвет корпуса <span class="Apple-tab-span" style="white-space:pre"> </span>Черный&nbsp;</div>\r\n<div>\r\n	Тип подшипников <span class="Apple-tab-span" style="white-space:pre"> </span>Чашка-конус&nbsp;</div>\r\n<div>\r\n	Кол-во отверстий для спиц <span class="Apple-tab-span" style="white-space:pre"> </span>32Н&nbsp;</div>\r\n<div>\r\n	Вес без эксцентрика (вес эксцентрика) <span class="Apple-tab-span" style="white-space:pre"> </span>453g&nbsp;</div>', 'Втулка задн. TATU-BIKE диск.алю.32h\r\nчерн.эксцентрик 453g 8-9зв', 'Втулка задн. TATU-BIKE диск.алю.32h\r\nчерн.эксцентрик 453g 8-9зв', 'Втулка задн. TATU-BIKE диск.алю.32h\r\nчерн.эксцентрик 453g 8-9зв'),
(824, 2089, 'ru', 'X17 BMX Dual алюм.', 'Втулка задн. X17 BMX Dual алюм.', '<p>\r\n	Втулка задн. X17 BMX Dual алюм. резьбы 30мм, 3 промподшипника 14мм ось на гайках, 36 отверстий</p>\r\n<div>\r\n	алю., черная.</div>', 'Втулка задн. X17 BMX Dual алюм.', 'Втулка задн. X17 BMX Dual алюм.', 'Втулка задн. X17 BMX Dual алюм.'),
(884, 2090, 'ru', 'CHOSEN ВМХ ,промы', 'Втулка задняя CHOSEN ВМХ,48 спиц ,промы', '<p>\r\n	&nbsp;</p>\r\n<div>\r\n	Качественная и крепкая задняя втулка для BMX с драйвером</div>\r\n<div>\r\n	&nbsp;</div>\r\n<div>\r\n	Корпус втулки из алюминия холодной ковки.&nbsp;</div>\r\n<div>\r\n	&nbsp;</div>\r\n<div>\r\n	Для фристайла, анодировка, закрытыe промышленные подшипники, цельная ось.&nbsp;</div>\r\n<div>\r\n	&nbsp;</div>\r\n<div>\r\n	48 спиц&nbsp;</div>\r\n<div>\r\n	&nbsp;</div>\r\n<div>\r\n	Ось: 14мм&nbsp;</div>', 'Втулка задняя CHOSEN ВМХ,48 спиц ,промы', 'Втулка задняя CHOSEN ВМХ,48 спиц ,промы', 'Втулка задняя CHOSEN ВМХ,48 спиц ,промы'),
(885, 2091, 'ru', 'Formula DC22LW , под диск 6 болтов', 'Втулка задняя Formula DC22LW 32 спицы, черная, под диск 6 болтов', '<p>\r\n	<span style="font-family: arial, helvetica, sans-serif;">Втулка задняя Formula на 32 спицы, Цвет черный, С крепленинм &nbsp;под диск 6 болтов.&nbsp;Расчитана на восьми и девяти рядные звезды.</span></p>', 'Втулка задняя Formula DC22LW 32 спицы, черная, под диск 6 болтов', 'Втулка задняя Formula DC22LW 32 спицы, черная, под диск 6 болтов', 'Втулка задняя Formula DC22LW 32 спицы, черная, под диск 6 болтов'),
(886, 2092, 'ru', 'Formula DC22LW', 'Втулка задняя Formula DC22LW 36 спиц, черная, под диск 6 болтов', '<p>\r\n	<span style="color: rgb(79, 79, 79); font-family: arial, helvetica, sans-serif; font-size: 13px; line-height: 18px;">Втулка задняя Formula на 36 спицы, Цвет черный, С крепленинм &nbsp;под диск 6 болтов.&nbsp;Расчитана на восьми и девяти рядные звезды.</span></p>', 'Втулка задняя Formula DC22LW 36 спиц, черная, под диск 6 болтов', 'Втулка задняя Formula DC22LW 36 спиц, черная, под диск 6 болтов', 'Втулка задняя Formula DC22LW 36 спиц, черная, под диск 6 болтов'),
(828, 2093, 'ru', 'Formula OV32', 'Втулка задняя Formula OV32', '<p>\r\n	&nbsp;</p>\r\n<p style="margin: 0px 10px; padding-bottom: 0.5em; padding-top: 0.5em; font-family: arial, sans-serif;">\r\n	касета под 7 звезд.</p>\r\n<p style="margin: 0px 10px; padding-bottom: 0.5em; padding-top: 0.5em; font-family: arial, sans-serif;">\r\n	<span style="font-size: small;">32 отверстия.</span></p>\r\n<p style="margin: 0px 10px; padding-bottom: 0.5em; padding-top: 0.5em; font-family: arial, sans-serif;">\r\n	<span style="font-size: small;">На промышленом подшипнике.</span></p>', 'Втулка задняя Formula OV32', 'Втулка задняя Formula OV32', 'Втулка задняя Formula OV32'),
(887, 2094, 'ru', 'BMX алю. 14mm 425g', 'Втулка перед. BMX алю.48h\r\n14mm 425g', '<p>\r\n	&nbsp;</p>\r\n<div>\r\n	Качественная и крепкая перед. втулка для BMX&nbsp;</div>\r\n<div>\r\n	&nbsp;</div>\r\n<div>\r\n	Корпус втулки из алюминия холодной ковки. &nbsp;</div>\r\n<div>\r\n	&nbsp;</div>\r\n<div>\r\n	48 спиц&nbsp;</div>\r\n<div>\r\n	&nbsp;</div>\r\n<div>\r\n	Ось: 14мм</div>\r\n<div>\r\n	&nbsp;</div>\r\n<div>\r\n	Вес: 425g</div>', 'Втулка перед. BMX алю.48h\r\n14mm 425g', 'Втулка перед. BMX алю.48h\r\n14mm 425g', 'Втулка перед. BMX алю.48h\r\n14mm 425g'),
(888, 2095, 'ru', 'TATU-BIKE диск.эксцентрик 251g', 'Втулка перед. TATU-BIKE\r\nдиск.алю.32h черн.эксцентрик 251g', '<p>\r\n	&nbsp;</p>\r\n<div>\r\n	Втулка перед. TATU-BIKE</div>\r\n<div>\r\n	&nbsp;</div>\r\n<div>\r\n	Диск.алюминий</div>\r\n<div>\r\n	&nbsp;</div>\r\n<div>\r\n	Спиц: 32h</div>\r\n<div>\r\n	&nbsp;</div>\r\n<div>\r\n	Цвет: черн.</div>\r\n<div>\r\n	&nbsp;</div>\r\n<div>\r\n	Зажим: эксцентрик</div>\r\n<div>\r\n	&nbsp;</div>\r\n<div>\r\n	Вес: 251g</div>', 'Втулка перед. TATU-BIKE\r\nдиск.алю.32h черн.эксцентрик 251g', 'Втулка перед. TATU-BIKE\r\nдиск.алю.32h черн.эксцентрик 251g', 'Втулка перед. TATU-BIKE\r\nдиск.алю.32h черн.эксцентрик 251g'),
(889, 2096, 'ru', 'TATU-BIKE диск', 'Втулка перед. TATU-BIKE\r\nдиск.алю.36h черн.22151136', '<p>\r\n	&nbsp;</p>\r\n<div style="margin: 0px; padding: 0px; border: 0px; color: rgb(79, 79, 79); font-family: Arial, Helvetica, sans-serif; font-size: 13px; line-height: 18px;">\r\n	Втулка перед. TATU-BIKE</div>\r\n<div style="margin: 0px; padding: 0px; border: 0px; color: rgb(79, 79, 79); font-family: Arial, Helvetica, sans-serif; font-size: 13px; line-height: 18px;">\r\n	&nbsp;</div>\r\n<div style="margin: 0px; padding: 0px; border: 0px; color: rgb(79, 79, 79); font-family: Arial, Helvetica, sans-serif; font-size: 13px; line-height: 18px;">\r\n	Диск.алюминий</div>\r\n<div style="margin: 0px; padding: 0px; border: 0px; color: rgb(79, 79, 79); font-family: Arial, Helvetica, sans-serif; font-size: 13px; line-height: 18px;">\r\n	&nbsp;</div>\r\n<div style="margin: 0px; padding: 0px; border: 0px; color: rgb(79, 79, 79); font-family: Arial, Helvetica, sans-serif; font-size: 13px; line-height: 18px;">\r\n	Спиц: 36h</div>\r\n<div style="margin: 0px; padding: 0px; border: 0px; color: rgb(79, 79, 79); font-family: Arial, Helvetica, sans-serif; font-size: 13px; line-height: 18px;">\r\n	&nbsp;</div>\r\n<div style="margin: 0px; padding: 0px; border: 0px; color: rgb(79, 79, 79); font-family: Arial, Helvetica, sans-serif; font-size: 13px; line-height: 18px;">\r\n	Цвет: черн.</div>\r\n<div style="margin: 0px; padding: 0px; border: 0px; color: rgb(79, 79, 79); font-family: Arial, Helvetica, sans-serif; font-size: 13px; line-height: 18px;">\r\n	&nbsp;</div>\r\n<div style="margin: 0px; padding: 0px; border: 0px; color: rgb(79, 79, 79); font-family: Arial, Helvetica, sans-serif; font-size: 13px; line-height: 18px;">\r\n	Зажим: эксцентрик</div>\r\n<div style="margin: 0px; padding: 0px; border: 0px; color: rgb(79, 79, 79); font-family: Arial, Helvetica, sans-serif; font-size: 13px; line-height: 18px;">\r\n	&nbsp;</div>\r\n<div style="margin: 0px; padding: 0px; border: 0px; color: rgb(79, 79, 79); font-family: Arial, Helvetica, sans-serif; font-size: 13px; line-height: 18px;">\r\n	Вес: 251g</div>', 'Втулка перед. TATU-BIKE\r\nдиск.алю.36h черн.22151136', 'Втулка перед. TATU-BIKE\r\nдиск.алю.36h черн.22151136', 'Втулка перед. TATU-BIKE\r\nдиск.алю.36h черн.22151136'),
(890, 2097, 'ru', 'SHIMANO HB-M495.', 'Втулка передн. SHIMANO HB-M495. 36сп,  диск', '<p>\r\n	<span style="font-family: ''Trebuchet MS'', ''Lucida Grande'', Verdana, Arial, sans-serif; font-size: 15px;">Втулка под дисковый тормоз Center Lock.&nbsp;Ось: сталь 8мм.&nbsp;Корпус: алюминий.&nbsp;Отверстия под спицы: 36.&nbsp;Подшипники: насыпные (шарики).&nbsp;Цвет: черный</span><span class="Apple-tab-span" style="margin: 0px; padding: 0px; border: 0px; color: rgb(79, 79, 79); font-family: Arial, Helvetica, sans-serif; font-size: 13px; line-height: 18px; white-space: pre;"> </span><span style="color: rgb(79, 79, 79); font-family: Arial, Helvetica, sans-serif; font-size: 13px; line-height: 18px;">&nbsp;</span></p>', 'Втулка передн. SHIMANO HB-M495. 36сп,  диск', 'Втулка передн. SHIMANO HB-M495. 36сп,  диск', 'Втулка передн. SHIMANO HB-M495. 36сп,  диск'),
(835, 2098, 'ru', 'SHIMANO HB-M525 Deore,  диск', 'Втулка передн SHIMANO HB-M525 Deore,  диск', '<p>\r\n	<span style="font-family: Verdana, Geneva, Arial, Helvetica, sans-serif;">Передняя втулка, совместимая с дисковым тормозом</span><br style="font-family: Verdana, Geneva, Arial, Helvetica, sans-serif;" />\r\n	<span style="font-family: Verdana, Geneva, Arial, Helvetica, sans-serif;">Крепление ротора на 6 болтах</span><br style="font-family: Verdana, Geneva, Arial, Helvetica, sans-serif;" />\r\n	<span style="font-family: Verdana, Geneva, Arial, Helvetica, sans-serif;">Двухконтактный пыльник</span><br style="font-family: Verdana, Geneva, Arial, Helvetica, sans-serif;" />\r\n	<span style="font-family: Verdana, Geneva, Arial, Helvetica, sans-serif;">Хорошо отполированные дорожки подшипников Ультра гладкие поверхности дорожки подшипников обеспечивают прецизионное низкофрикционное вращение.</span><br style="font-family: Verdana, Geneva, Arial, Helvetica, sans-serif;" />\r\n	<span style="font-family: Verdana, Geneva, Arial, Helvetica, sans-serif;">Дюралевые эксцентрик и регулировочная гайка.</span><br style="font-family: Verdana, Geneva, Arial, Helvetica, sans-serif;" />\r\n	Спиц: 36H</p>\r\n<p>\r\n	<span style="font-family: Verdana, Geneva, Arial, Helvetica, sans-serif;">Цвет: черный</span></p>', 'Втулка передн SHIMANO HB-M525 Deore,  диск', 'Втулка передн SHIMANO HB-M525 Deore,  диск', 'Втулка передн SHIMANO HB-M525 Deore,  диск'),
(891, 2099, 'ru', 'SHIMANO HB-M801 Saint.', 'Втулка передн SHIMANO HB-M801 Saint. 36сп,', '<p>\r\n	&nbsp;</p>\r\n<div>\r\n	&nbsp;</div>\r\n<div>\r\n	Производитель <span class="Apple-tab-span" style="white-space:pre"> </span>Shimano&nbsp;</div>\r\n<div>\r\n	Модель <span class="Apple-tab-span" style="white-space:pre"> </span>Втулка передняя Saint HB-M801</div>\r\n<div>\r\n	Назначение <span class="Apple-tab-span" style="white-space:pre"> </span>MTB&nbsp;</div>\r\n<div>\r\n	Уровень <span class="Apple-tab-span" style="white-space:pre"> </span>Профессионалы&nbsp;</div>\r\n<div>\r\n	Тип тормозов <span class="Apple-tab-span" style="white-space:pre"> </span>Дисковый (звезда)&nbsp;</div>\r\n<div>\r\n	Материал оси <span class="Apple-tab-span" style="white-space:pre"> </span>20mm&nbsp;</div>\r\n<div>\r\n	Посадочный размер втулки <span class="Apple-tab-span" style="white-space:pre"> </span>110mm&nbsp;</div>\r\n<div>\r\n	Крепление под диск <span class="Apple-tab-span" style="white-space:pre"> </span>Звезда&nbsp;</div>\r\n<div>\r\n	Материал корпуса втулки <span class="Apple-tab-span" style="white-space:pre"> </span>Алюминий / Анодированный&nbsp;</div>\r\n<div>\r\n	Цвет корпуса <span class="Apple-tab-span" style="white-space:pre"> </span>Мокрый асфальт&nbsp;</div>\r\n<div>\r\n	Кол-во отверстий для спиц <span class="Apple-tab-span" style="white-space:pre"> </span>36H&nbsp;</div>\r\n<div>\r\n	Вес без эксцентрика (вес эксцентрика) <span class="Apple-tab-span" style="white-space:pre"> </span>265g&nbsp;</div>\r\n<div>\r\n	Совместимость <span class="Apple-tab-span" style="white-space:pre"> </span>Спроектирован для вилок с размером 110 под полую ось диаметром 20mm&nbsp;<span style="color: rgb(79, 79, 79); font-family: Arial, Helvetica, sans-serif; font-size: 13px; line-height: 18px;">Примечание</span><span class="Apple-tab-span" style="margin: 0px; padding: 0px; border: 0px; color: rgb(79, 79, 79); font-family: Arial, Helvetica, sans-serif; font-size: 13px; line-height: 18px; white-space: pre;"> </span><span style="color: rgb(79, 79, 79); font-family: Arial, Helvetica, sans-serif; font-size: 13px; line-height: 18px;">&nbsp;крепление дискового тормоза CenterLock</span></div>', 'Втулка передн SHIMANO HB-M801 Saint. 36сп,', 'Втулка передн SHIMANO HB-M801 Saint. 36сп,', 'Втулка передн SHIMANO HB-M801 Saint. 36сп,'),
(892, 2100, 'ru', 'SHIMANO HB-RM65.', 'Втулка передн SHIMANO HB-RM65. 36сп, диск', '<p>\r\n	&nbsp;</p>\r\n<div>\r\n	Материал<span class="Apple-tab-span" style="white-space:pre"> </span> корпус - алюминий</div>\r\n<div>\r\n	Ширина втулки<span class="Apple-tab-span" style="white-space:pre"> </span> 100 мм</div>\r\n<div>\r\n	Подшипники<span class="Apple-tab-span" style="white-space:pre"> </span> шариковые, конус-чашка</div>\r\n<div>\r\n	Отверстий<span class="Apple-tab-span" style="white-space:pre"> </span> 36</div>\r\n<div>\r\n	Цвет<span class="Apple-tab-span" style="white-space:pre"> </span> черный</div>\r\n<div>\r\n	Примечание<span class="Apple-tab-span" style="white-space:pre"> </span> крепление дискового тормоза CenterLock, эксцентрик со стальной лапкой, резиновый пыльник</div>', 'Втулка передн SHIMANO HB-RM65. 36сп, диск', 'Втулка передн SHIMANO  HB-RM65. 36сп, диск', 'Втулка передн SHIMANO HB-RM65. 36сп, диск'),
(893, 2101, 'ru', 'SHIMANO НВ-M770 XT', 'Втулка передн SHIMANO НВ-M770 XT 32сп, серебр', '<p>\r\n	&nbsp;</p>\r\n<div>\r\n	Материал/диаметр/длина оси: Al / 14мм / 108 мм&nbsp;</div>\r\n<div>\r\n	Отверстий для спиц: 32&nbsp;</div>\r\n<div>\r\n	Цвет: серебристый&nbsp;</div>\r\n<div>\r\n	Вес: (с эксцентриком) 217 гр&nbsp;</div>\r\n<div>\r\n	Ширина втулки: 100 мм&nbsp;</div>\r\n<div>\r\n	Подшипники: типа конус-чашка&nbsp;</div>\r\n<div>\r\n	Материал: Алюминий / Анодированный</div>', 'Втулка передн SHIMANO НВ-M770 XT 32сп, серебр', 'Втулка передн SHIMANO НВ-M770 XT 32сп, серебр', 'Втулка передн SHIMANO НВ-M770 XT 32сп, серебр'),
(894, 2102, 'ru', 'SHIMANOНВ-RM40', 'Втулка передн SHIMANO НВ-RM40, 36сп, черн', '<p>\r\n	&nbsp;</p>\r\n<div>\r\n	материал корпуса: алюминий</div>\r\n<div>\r\n	крепление диска: Center lock</div>\r\n<div>\r\n	подшипники шариковые, конус-чашка</div>\r\n<div>\r\n	отверстий: 36</div>\r\n<div>\r\n	цвет: черный&nbsp;</div>', 'Втулка передн SHIMANO НВ-RM40, 36сп, черн', 'Втулка передн SHIMANO НВ-RM40, 36сп, черн', 'Втулка передн SHIMANO НВ-RM40, 36сп, черн'),
(895, 2103, 'ru', 'Shimano HB-M600 Hone', 'Втулка передн. Shimano HB-M600 Hone 36от', '<p>\r\n	&nbsp;</p>\r\n<div>\r\n	Производитель <span class="Apple-tab-span" style="white-space:pre"> </span>Shimano&nbsp;</div>\r\n<div>\r\n	Модель <span class="Apple-tab-span" style="white-space:pre"> </span>Втулка передняя Hone HB-M600 (36сп.)&nbsp;</div>\r\n<div>\r\n	Назначение <span class="Apple-tab-span" style="white-space:pre"> </span>MTB&nbsp;</div>\r\n<div>\r\n	Уровень <span class="Apple-tab-span" style="white-space:pre"> </span>Профессионалы&nbsp;</div>\r\n<div>\r\n	Тип тормозов <span class="Apple-tab-span" style="white-space:pre"> </span>Дисковый (звезда)&nbsp;</div>\r\n<div>\r\n	Материал оси <span class="Apple-tab-span" style="white-space:pre"> </span>10mm / Сталь&nbsp;</div>\r\n<div>\r\n	Длина оси <span class="Apple-tab-span" style="white-space:pre"> </span>108mm&nbsp;</div>\r\n<div>\r\n	Посадочный размер втулки <span class="Apple-tab-span" style="white-space:pre"> </span>100mm&nbsp;</div>\r\n<div>\r\n	Крепление под диск <span class="Apple-tab-span" style="white-space:pre"> </span>Звезда&nbsp;</div>\r\n<div>\r\n	Материал корпуса втулки <span class="Apple-tab-span" style="white-space:pre"> </span>Алюминий / Анодированный&nbsp;</div>\r\n<div>\r\n	Цвет корпуса <span class="Apple-tab-span" style="white-space:pre"> </span>Черный&nbsp;</div>\r\n<div>\r\n	Тип подшипников <span class="Apple-tab-span" style="white-space:pre"> </span>Шарикоподшипники (чашка-конус) Сталь&nbsp;</div>\r\n<div>\r\n	Кол-во подшипников <span class="Apple-tab-span" style="white-space:pre"> </span>2&nbsp;</div>\r\n<div>\r\n	Обработка чашек втулки <span class="Apple-tab-span" style="white-space:pre"> </span>Полировка&nbsp;</div>\r\n<div>\r\n	Обработка конусов оси <span class="Apple-tab-span" style="white-space:pre"> </span>Суперполировка&nbsp;</div>\r\n<div>\r\n	Кол-во отверстий для спиц <span class="Apple-tab-span" style="white-space:pre"> </span>36&nbsp;</div>\r\n<div>\r\n	Арткул <span class="Apple-tab-span" style="white-space:pre"> </span>44mm&nbsp;</div>\r\n<div>\r\n	Расстояние от центра втулки до фланцев <span class="Apple-tab-span" style="white-space:pre"> </span>Right:35.4mm / Left:24.8mm&nbsp;</div>\r\n<div>\r\n	Материал ручки эксцентрика <span class="Apple-tab-span" style="white-space:pre"> </span>Алюминий&nbsp;</div>\r\n<div>\r\n	Грязезащита <span class="Apple-tab-span" style="white-space:pre"> </span>Отличная (колпачок+пыльник)&nbsp;</div>\r\n<div>\r\n	Вес без эксцентрика (вес эксцентрика) <span class="Apple-tab-span" style="white-space:pre"> </span>201(59)g&nbsp;</div>\r\n<div>\r\n	<span style="color: rgb(79, 79, 79); font-family: Arial, Helvetica, sans-serif; font-size: 13px; line-height: 18px;">Примечание</span><span class="Apple-tab-span" style="margin: 0px; padding: 0px; border: 0px; color: rgb(79, 79, 79); font-family: Arial, Helvetica, sans-serif; font-size: 13px; line-height: 18px; white-space: pre;"> </span><span style="color: rgb(79, 79, 79); font-family: Arial, Helvetica, sans-serif; font-size: 13px; line-height: 18px;">&nbsp;крепление дискового тормоза CenterLock</span></div>', 'Втулка передн. Shimano HB-M600 Hone 36от', 'Втулка передн. Shimano HB-M600 Hone 36от', 'Втулка передн. Shimano HB-M600 Hone 36от'),
(843, 2104, 'ru', 'X17 BMX алюм. на пром.', 'Втулка передн. X17 BMX алюм. на пром.', '<p>\r\n	&nbsp;</p>\r\n<div>\r\n	Подшипники<span class="Apple-tab-span" style="white-space:pre"> </span> 2 промышленных</div>\r\n<div>\r\n	Ось<span class="Apple-tab-span" style="white-space:pre"> </span> эксцентрик</div>\r\n<div>\r\n	Отверстий<span class="Apple-tab-span" style="white-space:pre"> </span> 32/36</div>\r\n<div>\r\n	Цвет<span class="Apple-tab-span" style="white-space:pre"> </span> black</div>\r\n<div>\r\n	Примечание<span class="Apple-tab-span" style="white-space:pre"> </span> крепление дискового тормоза на 6 болтов</div>\r\n<div>\r\n	Вес<span class="Apple-tab-span" style="white-space:pre"> </span>275 г</div>\r\n<div>\r\n	&nbsp;</div>', 'Втулка передн. X17 BMX алюм. на пром.под', 'Втулка передн. X17 BMX алюм. на пром.под', 'Втулка передн. X17 BMX алюм. на пром.под'),
(844, 2105, 'ru', 'X17 DH алюм. под Disk, 9м', 'Втулка передн. X17 DH алюм. под Disk, 9м', '<p>\r\n	<span style="font-family: Tahoma, Verdana, Arial, sans-serif; font-size: 11px; line-height: 16px; background-color: rgb(241, 241, 246);">Втулка передн. X17 DH алюм. под Disk, под 20мм ось, пром.подшипн. 32отв. черн.</span></p>', 'Втулка передн. X17 DH алюм. под Disk, 9м', 'Втулка передн. X17 DH алюм. под Disk, 9м', 'Втулка передн. X17 DH алюм. под Disk, 9м'),
(845, 2106, 'ru', 'CHOSEN A2023BN для ВМХ,', 'Втулка передняя CHOSEN A2023BN для ВМХ,', '<p>\r\n	&nbsp;</p>\r\n<div>\r\n	&nbsp;</div>\r\n<div>\r\n	Корпус втулки из алюминия холодной ковки.&nbsp;</div>\r\n<div>\r\n	Анодировка, закрытыe промышленные подшипники, цельная ось.&nbsp;</div>\r\n<div>\r\n	Кол-во спиц: 36&nbsp;</div>\r\n<div>\r\n	Ось: 14мм&nbsp;</div>\r\n<div>\r\n	Вес: 448гр</div>', 'Втулка передняя CHOSEN A2023BN для ВМХ,', 'Втулка передняя CHOSEN A2023BN для ВМХ,', 'Втулка передняя CHOSEN A2023BN для ВМХ,'),
(846, 2107, 'ru', 'Formula Centerlock XDH51', 'Втулка передняя Formula Centerlock XDH51', '<p>\r\n	Втулка передняя FORMULA XDH51, 36 отверстий. Есть возможность установки дискового тормоза стандарта CENTERLOCK. Ось - 20мм.</p>', 'Втулка передняя Formula Centerlock XDH51', 'Втулка передняя Formula Centerlock XDH51', 'Втулка передняя Formula Centerlock XDH51'),
(896, 2108, 'ru', 'Formula CL21', 'Втулка передняя Formula CL21 32 спицы и 36 спицы', '<p>\r\n	&nbsp;</p>\r\n<div>\r\n	&nbsp;</div>\r\n<div>\r\n	Втулка передняя под диск.&nbsp;</div>\r\n<div>\r\n	Подшипники насыпные регулируемые.&nbsp;</div>\r\n<div>\r\n	Алюминиевый серый корпус.&nbsp;</div>\r\n<div>\r\n	Крепление дискового тормоза на Center locКоличество спиц 32,36</div>\r\n<div>\r\n	Передняя / Задняя Передняя</div>\r\n<div>\r\n	Тип тормоза Дисковый тормозk.</div>', 'Втулка передняя Formula CL21 32 спицы', 'Втулка передняя Formula CL21 32 спицы', 'Втулка передняя Formula CL21 32 спицы'),
(897, 2109, 'ru', 'Formula DC20 LW', 'Втулка передняя Formula DC20 LW', '<p>\r\n	Передняя втулка Formula DC-20LW &nbsp;- это высококачественная дисковая втулка с креплением ротора под 6 болтов, построенная на базе подшипника типа конус-чашка. Эту втулку, без сомнения, можно назвать одной из лучших в своем классе. ﻿</p>\r\n<p>\r\n	&nbsp;</p>\r\n<div>\r\n	Материал<span class="Apple-tab-span" style="white-space:pre"> </span>алюминий</div>\r\n<div>\r\n	Эксцентрик<span class="Apple-tab-span" style="white-space:pre"> </span>алюминий, стальная ось, 108 мм</div>\r\n<div>\r\n	Ширина втулки<span class="Apple-tab-span" style="white-space:pre"> </span>100 мм</div>\r\n<div>\r\n	Подшипники<span class="Apple-tab-span" style="white-space:pre"> </span>шариковые, конус-чашка</div>\r\n<div>\r\n	Отверстий<span class="Apple-tab-span" style="white-space:pre"> </span>32/36</div>\r\n<div>\r\n	Цвет<span class="Apple-tab-span" style="white-space:pre"> </span>черный</div>\r\n<div>\r\n	Вес<span class="Apple-tab-span" style="white-space:pre"> </span>229 г</div>', 'Втулка передняя Formula DC20 LW', 'Втулка передняя Formula DC20 LW', 'Втулка передняя Formula DC20 LW'),
(904, 2218, 'ru', 'SKS max. 46-48 зубьев, black', 'Защита цепи SKS max. 46-48 зубьев, black', '<p>\r\n	<span style="font-family: Verdana, Geneva, sans-serif; line-height: 18px; background-color: rgb(230, 230, 230);">&oslash; 158 mm, max. 46-48 зубьев</span></p>', 'Защита цепи SKS max. 46-48 зубьев, black', 'Защита цепи SKS max. 46-48 зубьев, black', 'Защита цепи SKS max. 46-48 зубьев, black'),
(611, 2110, 'ru', 'Merida Juliet 20-V (2012)', 'Невероятно красивый и стильный женский горный велосипед Merida JULIET 20-V. Совмещает все лучшие характеристики и достоинства мужских горных моделей велосипедов. Специальные настройки придуманы для того, чтобы велосипедистки могли легко управлять своим байком. Дамский спортивный велосипед, который ни в чем не уступает мужским. Тот же уровень оборудования и то же внимание к качеству и мелочам. Только велосипед сделан с учетом дамской анатомии, чтобы девушкам не приходилось подстраиваться под мужские пропорции, и, как следствие, быстро уставать. Высококачественное навесное оборудование делает любые поездки безопасными и комфортными. Надежные дисковые тормоза, удобная система переключения рассчитана на любой тип катания и способна выдержать экстремальные нагрузки. JULIET 20-V- для всех кто любит велосипедный спорт и комфортное катание.', '<p>\r\n	Невероятно красивый и стильный женский горный велосипед Merida JULIET 20-V. Совмещает все лучшие характеристики и достоинства мужских горных моделей велосипедов. Специальные настройки придуманы для того, чтобы велосипедистки могли легко управлять своим байком. Дамский спортивный велосипед, который ни в чем не уступает мужским. Тот же уровень оборудования и то же внимание к качеству и мелочам. Только велосипед сделан с учетом дамской анатомии, чтобы девушкам не приходилось подстраиваться под мужские пропорции, и, как следствие, быстро уставать. Высококачественное навесное оборудование делает любые поездки безопасными и комфортными. Надежные дисковые тормоза, удобная система переключения рассчитана на любой тип катания и способна выдержать экстремальные нагрузки. JULIET 20-V- для всех кто любит велосипедный спорт и комфортное катание.</p>', 'Хардтейлы, горный велосипед, велосипеды, женские велосипеды, продажа, севастополь, велокс, velox, Merida Juliet 20-V (2012)', 'Merida Juliet 20-V (2012)', 'Хардтейлы, горный велосипед, велосипеды, женские велосипеды, продажа, севастополь, велокс, velox, Merida Juliet 20-V (2012)'),
(612, 2111, 'ru', 'Merida Matts 15-V (2012)', 'Велосипед Merida Matts 15-V - это хардтейл с классической геометрией рамы и спортивной посадкой. На нём можно не только кататься по паркам, ездить на работу, но и выбираться в длительные велопутешествия с преодолением больших расстояний. Дизайн велосипеда универсален: он придётся по вкусу как мужчинам, так и женщинам.', '<p>\r\n	Велосипед Merida Matts 15-V - это хардтейл с классической геометрией рамы и спортивной посадкой. На нём можно не только кататься по паркам, ездить на работу, но и выбираться в длительные велопутешествия с преодолением больших расстояний. Дизайн велосипеда универсален: он придётся по вкусу как мужчинам, так и женщинам.</p>', 'Хардтейлы, горный велосипед, велосипеды, продажа, севастополь, велокс, velox, Merida Matts 15-V (2012), 2012', 'Merida Matts 15-V (2012)', 'Хардтейлы, горный велосипед, велосипеды, продажа, севастополь, велокс, velox, Merida Matts 15-V (2012), 2012'),
(613, 2112, 'ru', 'Merida Matts 20-V (2012)', 'Велосипед Matts 20-V - Самые замечательные вещи в жизни не обязательно самые дорогие. Это относитcя в полной мере к байкам серии MATTS: они дают массу удовольствия за скромные деньги. Модели серии MATTS отличаются не только способностью дарить радость, но более всего отличными характеристиками и высоким качеством. Они надежны вплоть до каждой детали: мощные рамы сварены роботами из биовальных алюминиевых труб, компоненты подобраны на совесть, а крепкие колеса имеют двойные обода. И самое главное, благодаря новой геометрии, байки этой серии очень комфортны при езде!', '<p>\r\n	Велосипед Matts 20-V - Самые замечательные вещи в жизни не обязательно самые дорогие. Это относитcя в полной мере к байкам серии MATTS: они дают массу удовольствия за скромные деньги. Модели серии MATTS отличаются не только способностью дарить радость, но более всего отличными характеристиками и высоким качеством. Они надежны вплоть до каждой детали: мощные рамы сварены роботами из биовальных алюминиевых труб, компоненты подобраны на совесть, а крепкие колеса имеют двойные обода. И самое главное, благодаря новой геометрии, байки этой серии очень комфортны при езде!</p>', 'Хардтейлы, горный велосипед, велосипеды, продажа, севастополь, велокс, velox, Merida Matts 20-V (2012), 2012', 'Merida Matts 20-V (2012)', 'Хардтейлы, горный велосипед, велосипеды, продажа, севастополь, велокс, velox, Merida Matts 20-V (2012), 2012'),
(614, 2113, 'ru', 'Merida Matts TFS 100-D (2012)', 'Горный велосипед Merida Matts TFS 100-D 2012 - это дисковая версия популярной модели велосипеда от именитого тайваньского производителя. Горный велосипед Merida Matts TFS 100-D 2012 станет отличным вариантом выбора как для новичка, желающего купить качественный велосипед, который прослужит долгие годы, так и для велосипедиста, который разбирается в компонентах и знает, чего хочет.\r\n\r\nКак и его собрат с ободными тормозами, горный велосипед Merida Matts TFS 100-D 2012 собран на основе рамы изготовленной из профилированных труб по технологии TFS (Techno Forming System), обладающей отличными показателями прочности и надежности, а также низким весом. Горный велосипед Merida Matts TFS 100-D 2012 оснащен 24-скоростной трансмиссией от Shimano, 100-миллиметровой вилкой с возможностью полной блокировки хода и качественными дисковыми тормозами Tektro Draco, обладающими высокой мощностью торможения и отличной модуляцией усилия. Горный велосипед Merida Matts TFS 100-D 2012 долгое время прослужит своему владельцу и будет радовать его каждый день.', '<div class="comment">\r\n	<p align="justify">\r\n		Горный велосипед Merida Matts TFS 100-D 2012 - это дисковая версия популярной модели велосипеда от именитого тайваньского производителя. <strong>Горный велосипед Merida Matts TFS 100-D 2012</strong> станет отличным вариантом выбора как для новичка, желающего купить качественный велосипед, который прослужит долгие годы, так и для велосипедиста, который разбирается в компонентах и знает, чего хочет.</p>\r\n	<p align="justify">\r\n		Как и его собрат с ободными тормозами, горный велосипед Merida Matts TFS 100-D 2012 собран на основе рамы изготовленной из профилированных труб по технологии TFS (Techno Forming System), обладающей отличными показателями прочности и надежности, а также низким весом. Горный велосипед Merida Matts TFS 100-D 2012 оснащен 24-скоростной трансмиссией от Shimano, 100-миллиметровой вилкой с возможностью полной блокировки хода и качественными дисковыми тормозами Tektro Draco, обладающими высокой мощностью торможения и отличной модуляцией усилия. Горный велосипед Merida Matts TFS 100-D 2012 долгое время прослужит своему владельцу и будет радовать его каждый день.</p>\r\n</div>', 'Хардтейлы, горный велосипед, велосипеды, продажа, севастополь, велокс, velox, Merida Matts TFS 100-D (2012), 2012', 'Merida Matts TFS 100-D (2012)', 'Хардтейлы, горный велосипед, велосипеды, продажа, севастополь, велокс, velox, Merida Matts TFS 100-D (2012), 2012'),
(615, 2114, 'ru', 'Merida Matts TFS 100-V (2012)', 'Горный велосипед Merida Matts TFS 100-V 2012 отлично подойдет как новичкам, так и достаточно продвинутым велосипедистам. Горный велосипед Merida Matts TFS 100-V 2012 собран на раме, намного превосходящей по качеству рамы велосипедов низших моделей. Рама изготовлена по технологии TFS (Techno Forming System) - с помощью механического воздействия производятся профилированные трубы, позволяющие на порядок повысить прочность и торсионную жесткость рамы и при этом снизить ее вес.\r\n\r\nГорный велосипед Merida Matts TFS 100-V 2012 укомплектован 24-скоростной системой переключения передач от именитого японского производителя Shimano, 100-миллиметровой вилкой с возможностью блокировки хода, мощными ободными тормозами и новейшей моделью втулок Shimano RM-70. Горный велосипед Merida Matts TFS 100-V 2012 сможет удовлетворить как амбициозного новичка, так и велосипедиста, который уже знает, чего хочет от нового байка.', '<div class="comment">\r\n	<p align="justify">\r\n		Горный велосипед Merida Matts TFS 100-V 2012 отлично подойдет как новичкам, так и достаточно продвинутым велосипедистам. <strong>Горный велосипед Merida Matts TFS 100-V 2012</strong> собран на раме, намного превосходящей по качеству рамы велосипедов низших моделей. Рама изготовлена по технологии TFS (Techno Forming System) - с помощью механического воздействия производятся профилированные трубы, позволяющие на порядок повысить прочность и торсионную жесткость рамы и при этом снизить ее вес.</p>\r\n	<p align="justify">\r\n		Горный велосипед Merida Matts TFS 100-V 2012 укомплектован 24-скоростной системой переключения передач от именитого японского производителя Shimano, 100-миллиметровой вилкой с возможностью блокировки хода, мощными ободными тормозами и новейшей моделью втулок Shimano RM-70. Горный велосипед Merida Matts TFS 100-V 2012 сможет удовлетворить как амбициозного новичка, так и велосипедиста, который уже знает, чего хочет от нового байка.</p>\r\n</div>', 'Хардтейлы, горный велосипед, велосипеды, продажа, севастополь, велокс, velox, Merida Matts TFS 100-v (2012), 2012', 'Merida Matts TFS 100-V (2012)', 'Хардтейлы, горный велосипед, велосипеды, продажа, севастополь, велокс, velox, Merida Matts TFS 100-v (2012), 2012'),
(616, 2115, 'ru', 'Merida Matts TFS 300-D (2012)', 'Горный велосипед Merida Matts TFS 300-D 2012, практически, не изменился по сравнению с моделью 2011 года. Разрабатывая велосипед Merida Matts TFS 300-D 2012, инженеры Merida приняли решение не вносить никаких кардинальных изменений в эту модель, ведь она и так обладает потрясающим соотношением цены и качества.', '<div class="rte align_justify" id="short_description_content">\r\n	<p>\r\n		<span style="background-color: #ffffff;"><span style="color: #000000;"><span style="font-style: normal; line-height: normal; text-align: justify;">Горный велосипед Merida Matts TFS 300-D 2012</span><span style="font-style: normal; line-height: normal; text-align: justify;">, практически, не изменился по сравнению с моделью 2011 года. Разрабатывая велосипед Merida Matts TFS 300-D 2012, инженеры Merida приняли решение не вносить никаких кардинальных изменений в эту модель, ведь она и так обладает потрясающим соотношением цены и качества.</span></span></span></p>\r\n</div>', 'Хардтейлы, горный велосипед, велосипеды, продажа, севастополь, велокс, velox, Merida Matts TFS 300-D (2012), 2012', 'Merida Matts TFS 300-D (2012)', 'Хардтейлы, горный велосипед, велосипеды, продажа, севастополь, велокс, velox, Merida Matts TFS 300-D (2012), 2012');
INSERT INTO `catalog_product_translation` (`product_translation_id`, `product_id`, `language_code`, `name`, `announcement`, `description`, `meta_keywords`, `page_title`, `meta_description`) VALUES
(617, 2116, 'ru', 'Merida Matts TFS 900-D (2012)', 'Отличный кросскантрийный велосипед Merida Matts TFS 900-D. Подходит для поездок по городу и путешествий на дальние расстояния. Рама из алюминиевых сплавов облегчает вес, при этом обладает повышенной прочностью. Ее продуманная геометрия и труба большого диаметра способствуют развитию скорости. К тому же, рама покрыта специальным антикоррозийным составом. Замечательная воздушная вилка Manitou Minute TS 100 Remote дает возможность ездить с комфортом, как по благоустроенной дороге, так и по бездорожью. Система переключения скоростей Shimano Deore позволяет управлять скоростями с помощью переключения передач и экономит силы велосипедиста. Приобретая Merida Matts TFS 900-D, Вы получаете неограниченные возможности для велопутешествий.alt', '<p>\r\n	Отличный кросскантрийный велосипед Merida Matts TFS 900-D. Подходит для поездок по городу и путешествий на дальние расстояния. Рама из алюминиевых сплавов облегчает вес, при этом обладает повышенной прочностью. Ее продуманная геометрия и труба большого диаметра способствуют развитию скорости. К тому же, рама покрыта специальным антикоррозийным составом. Замечательная воздушная вилка Manitou Minute TS 100 Remote дает возможность ездить с комфортом, как по благоустроенной дороге, так и по бездорожью. Система переключения скоростей Shimano Deore позволяет управлять скоростями с помощью переключения передач и экономит силы велосипедиста. Приобретая Merida Matts TFS 900-D, Вы получаете неограниченные возможности для велопутешествий.<img alt="alt" border="0" height="10" src="http://www.velopiter.ru/dot.gif" width="1" /></p>', 'Хардтейлы, горный велосипед, велосипеды, продажа, севастополь, велокс, velox, Merida Matts TFS 900-D (2012), 2012', 'Merida Matts TFS 900-D (2012)', 'Хардтейлы, горный велосипед, велосипеды, продажа, севастополь, велокс, velox, Merida Matts TFS 900-D (2012), 2012'),
(618, 2117, 'ru', 'Merida Crossway 20-V (2012)', 'Кроссовый велосипед Merida Crossway 20-V 2012 отлично подойдет велосипедистам, которые предпочитают кататься, не задумываясь о прочности своего велосипеда. Кроссовый велосипед Merida Crossway 20-V 2012 предназначен людям, которые большую часть времени катаются по асфальту, но иногда, все-же, любят выезжать на грунт.', '<div class="rte align_justify" id="short_description_content">\r\n	<p>\r\n		<span style="background-color: #ffffff;"><span style="color: #000000;"><span style="font-style: normal; line-height: normal; text-align: justify;">Кроссовый велосипед Merida Crossway 20-V 2012 отлично подойдет велосипедистам, которые предпочитают кататься, не задумываясь о прочности своего велосипеда.&nbsp;</span><span style="font-style: normal; line-height: normal; text-align: justify;">Кроссовый велосипед Merida Crossway 20-V 2012&nbsp;</span><span style="font-style: normal; line-height: normal; text-align: justify;">предназначен людям, которые большую часть времени катаются по асфальту, но иногда, все-же, любят выезжать на грунт.</span></span></span></p>\r\n</div>', 'кроссовый велосипед, велосипеды, продажа, севастополь, велокс, velox, Merida Crossway 20-V (2012), 2012', 'Merida Crossway 20-V (2012)', 'кроссовый велосипед, велосипеды, продажа, севастополь, велокс, velox, Merida Crossway 20-V (2012), 2012'),
(619, 2118, 'ru', 'Merida MATTS 10 (2013)', 'Велосипед Merida Matts 10-V - это хардтейл с классической геометрией рамы и спортивной посадкой. На нём можно не только кататься по паркам, ездить на работу, но и выбираться в длительные велопутешествия с преодолением больших расстояний. Дизайн велосипеда универсален: он придётся по вкусу как мужчинам, так и женщинам.', '<p>\r\n	Велосипед Merida Matts 10-V - это хардтейл с классической геометрией рамы и спортивной посадкой. На нём можно не только кататься по паркам, ездить на работу, но и выбираться в длительные велопутешествия с преодолением больших расстояний. Дизайн велосипеда универсален: он придётся по вкусу как мужчинам, так и женщинам.</p>', 'Хардтейлы, горный велосипед, велосипеды, продажа, севастополь, велокс, velox, Merida Matts 10-V (2013), 2013', 'Merida Matts 10-V (2013)', 'Хардтейлы, горный велосипед, велосипеды, продажа, севастополь, велокс, velox, Merida Matts 10-V (2013), 2013'),
(620, 2119, 'ru', 'Merida MATTS 20-V (2013)', 'Горный велосипед Merida Matts 20-V 2013 предназначен для начинающих велосипедистов, которые не желают ограничиваться спокойной ездой в умеренном темпе и любят выжимать из техники максимум. Несмотря на вполне доступную стоимость, велосипед оснащен амортизационной вилкой с ходом 100 мм и возможностью блокировки, которая пригодится при езде по асфальту, системой переключения передач 3x8 и задней кассетной втулкой, которая способна выдерживать высокие нагрузки, возникающие при активном катании.', '<p>\r\n	Горный велосипед Merida Matts 20-V 2013 предназначен для начинающих велосипедистов, которые не желают ограничиваться спокойной ездой в умеренном темпе и любят выжимать из техники максимум. Несмотря на вполне доступную стоимость, велосипед оснащен амортизационной вилкой с ходом 100 мм и возможностью блокировки, которая пригодится при езде по асфальту, системой переключения передач 3x8 и задней кассетной втулкой, которая способна выдерживать высокие нагрузки, возникающие при активном катании.</p>', 'Хардтейлы, горный велосипед, велосипеды, продажа, севастополь, велокс, velox, Merida Matts 20-V (2013), 2013', 'Merida MATTS 20-V (2013)', 'Хардтейлы, горный велосипед, велосипеды, продажа, севастополь, велокс, velox, Merida Matts 20-V (2013), 2013'),
(621, 2120, 'ru', 'Merida MATTS 20-MD (2013)', 'Горный велосипед Merida Matts 20-MD это не просто средство передвижения, но и возможность хорошо провести время с пользой для здоровья. Разработанная геометрия рамы идеально подходит для комфортного катания, легкий алюминиевый сплав 6061 с применением формы Shotgun уменьшает общий вес велосипеда и повышает уровень надежности, к чему все так и стремятся. Приставка MD означает наличие механического дискового тормоза для лучшего контроля. Merida Matts 20-MD собрал в себе качественные материалы и яркие цвета для возможности принести Вам радость и комфорт при каждой поездке!', '<p>\r\n	Горный велосипед Merida Matts 20-MD это не просто средство передвижения, но и возможность хорошо провести время с пользой для здоровья. Разработанная геометрия рамы идеально подходит для комфортного катания, легкий алюминиевый сплав 6061 с применением формы Shotgun уменьшает общий вес велосипеда и повышает уровень надежности, к чему все так и стремятся. Приставка MD означает наличие механического дискового тормоза для лучшего контроля. Merida Matts 20-MD собрал в себе качественные материалы и яркие цвета для возможности принести Вам радость и комфорт при каждой поездке!</p>', 'Хардтейлы, горный велосипед, велосипеды, продажа, севастополь, велокс, velox, Merida Matts 20-md (2013), 2013', 'Merida MATTS 20-MD (2013)', 'Хардтейлы, горный велосипед, велосипеды, продажа, севастополь, велокс, velox, Merida Matts 20-md (2013), 2013'),
(622, 2121, 'ru', 'Merida Matts 40-D 2013', 'Это и легкий МТБ-хардтейл, который создан из высококачественного алюминия «Racelite 6061» и оснащен 100 мм амортизационной вилкой, и крепкий дорожный велосипед, чья геометрия позволяет комфортно ездить на нем много часов подряд. А еще MATTS это надежный друг на каждый день – благодаря креплению «K-Mount» для подножки и заднему креплению для багажника. Обладая такой органичной по форме нижней трубой и усиленным рулевым стаканом, MATTS в первую очередь - велосипед высокого качества, как и все модели MERIDA.', '<p>\r\n	<span style="margin: 0px; padding: 0px; font-size: 10pt;"><span style="font-size: 10pt;"><span style="color: #000000;">Это и легкий МТБ-хардтейл, который создан из высококачественного алюминия &laquo;Racelite 6061&raquo; и оснащен 100 мм амортизационной вилкой, и крепкий дорожный велосипед, чья геометрия позволяет комфортно ездить на нем много часов подряд. А еще MATTS это надежный друг на каждый день &ndash; благодаря креплению &laquo;K-Mount&raquo; для подножки и заднему креплению для багажника. Обладая такой органичной по форме нижней трубой и усиленным рулевым стаканом, MATTS в первую очередь - велосипед высокого качества, как и все модели MERIDA.</span></span></span></p>', 'Хардтейлы, горный велосипед, велосипеды, продажа, севастополь, велокс, velox, Merida Matts 20d (2013), 2013', 'Merida Matts 40-D 2013', 'Хардтейлы, горный велосипед, велосипеды, продажа, севастополь, велокс, velox, Merida Matts 20d (2013), 2013'),
(623, 2122, 'ru', 'Merida MATTS 70 (2013)', 'Горный велосипед Merida Matts 70 2013, как и в предыдущие годы, укомплектована трансмиссией 3x9 от американского концерна SRAM. Работа данной трансмиссии несколько отличается от всем привычного оборудования Shimano, поэтому если Вы хотите по-новому посмотреть на езду на велосипеде - обязательно приобретите себе Merida Matts 70 2013 и уверяем: Вы не пожалеете!\r\n\r\nГорный велосипед Merida Matts 70 2013 укомплектован амортизационной вилкой с ходом 100 мм и возможностью блокировки, легкими, но жесткими и надежными кокпит-компонентами, а также прочными и накатистыми колесами. Также данная модель может похвастаться великолепным дизайном в строгих темно-серых тонах с яркими синими вставками.', '<div class="comment">\r\n	<p align="justify">\r\n		Горный велосипед Merida Matts 70 2013, как и в предыдущие годы, укомплектована трансмиссией 3x9 от американского концерна SRAM. Работа данной трансмиссии несколько отличается от всем привычного оборудования Shimano, поэтому если Вы хотите по-новому посмотреть на езду на велосипеде - обязательно приобретите себе Merida Matts 70 2013 и уверяем: Вы не пожалеете!</p>\r\n	<p align="justify">\r\n		Горный велосипед Merida Matts 70 2013 укомплектован амортизационной вилкой с ходом 100 мм и возможностью блокировки, легкими, но жесткими и надежными кокпит-компонентами, а также прочными и накатистыми колесами. Также данная модель может похвастаться великолепным дизайном в строгих темно-серых тонах с яркими синими вставками.</p>\r\n</div>', 'Хардтейлы, горный велосипед, велосипеды, продажа, севастополь, велокс, velox, Merida Matts 70 (2013), 2013', 'Merida MATTS 70 (2013)', 'Хардтейлы, горный велосипед, велосипеды, продажа, севастополь, велокс, velox, Merida Matts 70 (2013), 2013'),
(624, 2123, 'ru', 'Merida MATTS TFS 100 (2013)', 'Все компоненты велосипеда Merida Matts TFS 100 2013 подобраны для наилучшего взаимодействия между собой: трансмиссия Shimano Acera/Alivio 3x8 обеспечивает безпроблемное переключения в любой момент, дисковые гидравлические тормоза Tektro отвечают за плавное и хорошо контролируемое торможение, амортизационная вилка с ходом 100 мм гасит вибрации, а при езде по асфальту может быть полностью заблокирована! В горном велосипеде Merida Matts TFS 100 2013 есть все, что необходимо для уверенной езды на любом рельефе и получения удовольствие от катания', '<p>\r\n	Все компоненты велосипеда Merida Matts TFS 100 2013 подобраны для наилучшего взаимодействия между собой: трансмиссия Shimano Acera/Alivio 3x8 обеспечивает безпроблемное переключения в любой момент, дисковые гидравлические тормоза Tektro отвечают за плавное и хорошо контролируемое торможение, амортизационная вилка с ходом 100 мм гасит вибрации, а при езде по асфальту может быть полностью заблокирована! В горном велосипеде Merida Matts TFS 100 2013 есть все, что необходимо для уверенной езды на любом рельефе и получения удовольствие от катания</p>', 'Хардтейлы, горный велосипед, велосипеды, продажа, севастополь, велокс, velox, Merida MATTS TFS 100 (2013), 2013', 'Merida MATTS TFS 100 (2013)', 'Хардтейлы, горный велосипед, велосипеды, продажа, севастополь, велокс, velox, Merida MATTS TFS 100 (2013), 2013'),
(625, 2124, 'ru', 'Merida JULIET 10 (2013)', 'Женский горный велосипед Merida Juliet 10-V. Универсальный велосипед, предназначенный для поездок по городу и по проселочной местности. Специальная геометрия рамы разработана с учетом дамской анатомии, чтобы девушкам не приходилось подстраиваться под мужские пропорции, и, как следствие, быстро уставать. Пружинно-эластомерная вилка позволяет справиться с управлением в любых, даже самых экстремальных условиях и, кроме того, оберегает руки от ударов при езде по неровностям. Задний переключатель Shimano Altus отличается быстротой и надежностью. Juliet 10-V - идеальное соотношение цены и качества.', '<p>\r\n	Женский горный велосипед Merida Juliet 10-V. Универсальный велосипед, предназначенный для поездок по городу и по проселочной местности. Специальная геометрия рамы разработана с учетом дамской анатомии, чтобы девушкам не приходилось подстраиваться под мужские пропорции, и, как следствие, быстро уставать. Пружинно-эластомерная вилка позволяет справиться с управлением в любых, даже самых экстремальных условиях и, кроме того, оберегает руки от ударов при езде по неровностям. Задний переключатель Shimano Altus отличается быстротой и надежностью. Juliet 10-V - идеальное соотношение цены и качества.</p>', 'Хардтейлы, горный велосипед, велосипеды, женские велосипеды, продажа, севастополь, велокс, velox, Merida Juliet 10(2013)', 'Merida JULIET 10 (2013)', 'Хардтейлы, горный велосипед, велосипеды, женские велосипеды, продажа, севастополь, велокс, velox, Merida Juliet 10(2013)'),
(626, 2125, 'ru', 'Merida Crossway 20-V 2013', 'Если Вы ездите на длинные дистанции, Вы не могли не обратить внимание, какое преимущество на асфальте дает бОльший диаметр колес! Но если Вы ездите по походам, Вам, определенно, приходилось встречать дороги на которых асфальтное покрытие (вернее, то что от него осталось) только мешает. Для асфальтных походов идеальным решением является гибрид горного велосипеда с шоссейным! Кроссовый велосипед Merida Crossway 20-V 2013 как-раз и является велосипедом, "заточенным" под походы.\r\n\r\nСудите сами: прочные колеса диаметром 28", рассчитанные на серьезные нагрузки сочетаются с амортизационной вилкой с ходом 50 мм и 24-скоростной трансмиссией с широким диапазоном передач. А если добавить к этому легкую, но жесткую раму, кассетную заднюю втулку, цепкие покрышки и амортизационный подседельный штырь - получится отличный велосипед для туризма Merida Crossway 20-V 2013!', '<div class="comment">\r\n	<p align="justify">\r\n		Если Вы ездите на длинные дистанции, Вы не могли не обратить внимание, какое преимущество на асфальте дает бОльший диаметр колес! Но если Вы ездите по походам, Вам, определенно, приходилось встречать дороги на которых асфальтное покрытие (вернее, то что от него осталось) только мешает. Для асфальтных походов идеальным решением является гибрид горного велосипеда с шоссейным! Кроссовый велосипед Merida Crossway 20-V 2013 как-раз и является велосипедом, &quot;заточенным&quot; под походы.</p>\r\n	<p align="justify">\r\n		Судите сами: прочные колеса диаметром 28&quot;, рассчитанные на серьезные нагрузки сочетаются с амортизационной вилкой с ходом 50 мм и 24-скоростной трансмиссией с широким диапазоном передач. А если добавить к этому легкую, но жесткую раму, кассетную заднюю втулку, цепкие покрышки и амортизационный подседельный штырь - получится отличный велосипед для туризма Merida Crossway 20-V 2013!</p>\r\n</div>', 'кроссовый велосипед, велосипеды, продажа, севастополь, велокс, velox, Merida Crossway 20-V (2013), 2013', 'Merida Crossway 20-V 2013', 'кроссовый велосипед, велосипеды, продажа, севастополь, велокс, velox, Merida Crossway 20-V (2013), 2013'),
(627, 2126, 'ru', 'Merida CROSSWAY 100 (2013)', 'CROSSWAY в переводе с английского значит «пересекать дорогу». И это название как нельзя лучше отражает суть этой модели – с ней вы можете пересечь любой путь и выбрать то, что интересно вам. Главный козырь велосипеда CROSSWAY – универсальность. Рама и компоненты специально подобраны для многогранного применения: продолжительные расслабленные поездки, фитнесс-тренировки или уверенная езда по городу на надежном двухколесном товарище. Благодаря умеренному рисунку протектора покрышек, CROSSWAY удобен как на дорогах, так и вне дорог, потому что оптимально сбалансирован для этих целей. Удачное сочетание хорошей «катимости» протектора и его стабильности в поворотах дополняет одновременно жесткая и комфортная алюминиевая рама, созданная по технологии TFS (Technoforming System). Кроме того, CROSSWAY готов к любым повседневным задачам: мы предусмотрели возможность установки заднего багажника и подножки на задние перья.', '<p>\r\n	<span style="margin: 0px; padding: 0px; color: #242424; font-size: 13px;"><span style="margin: 0px; padding: 0px; font-size: 10pt;"><span style="margin: 0px; padding: 0px; color: #000000;"><span style="font-size: 10pt;"><span style="color: #000000;">CROSSWAY в переводе с английского значит &laquo;пересекать дорогу&raquo;. И это название как нельзя лучше отражает суть этой модели &ndash; с ней вы можете пересечь любой путь и выбрать то, что интересно вам. Главный козырь велосипеда CROSSWAY &ndash; универсальность. Рама и компоненты специально подобраны для многогранного применения: продолжительные расслабленные поездки, фитнесс-тренировки или уверенная езда по городу на надежном двухколесном товарище. Благодаря умеренному рисунку протектора покрышек, CROSSWAY удобен как на дорогах, так и вне дорог, потому что оптимально сбалансирован для этих целей. Удачное сочетание хорошей &laquo;катимости&raquo; протектора и его стабильности в поворотах дополняет одновременно жесткая и комфортная алюминиевая рама, созданная по технологии TFS (Technoforming System). Кроме того, CROSSWAY готов к любым повседневным задачам: мы предусмотрели возможность установки заднего багажника и подножки на задние перья.</span></span></span></span></span></p>', 'кроссовый велосипед, велосипеды, продажа, севастополь, велокс, velox, Merida Crossway 100 (2013), 2013', 'Merida CROSSWAY 100 (2013)', 'кроссовый велосипед, велосипеды, продажа, севастополь, велокс, velox, Merida Crossway 100 (2013), 2013'),
(755, 2127, 'ru', 'Merida Dakar 624 (2013)', 'Детский велосипед 24" Merida Dakar 624 2013 собран на алюминиевой раме с отлично продуманной геометрией и имеет достаточно неплохую комплектацию: амортизационная вилка, система переключения передач 3x7, а аткже прочные и накатистые колеса позволят Вашему ребенку с удовольствием кататься по любым дорогам и развивать свою мускулатуру.', '<p>\r\n	Детский велосипед 24&quot; Merida Dakar 624 2013 собран на алюминиевой раме с отлично продуманной геометрией и имеет достаточно неплохую комплектацию: амортизационная вилка, система переключения передач 3x7, а аткже прочные и накатистые колеса позволят Вашему ребенку с удовольствием кататься по любым дорогам и развивать свою мускулатуру.</p>', 'Хардтейлы, горный велосипед, велосипеды, детские велосипеды, подростковые велосипеды, продажа, севастополь, велокс, velox, TMerida Dakar 624 (2013), 2013', 'Merida Dakar 624 2013', 'Хардтейлы, горный велосипед, велосипеды, детские велосипеды, подростковые велосипеды, продажа, севастополь, велокс, velox, TMerida Dakar 624 (2013), 2013'),
(756, 2128, 'ru', 'Merida DAKAR 620 GIRL (2013)', 'Специально для детей возрастом от 5 до 9 лет, стремящимся не только кататься по ровной местности, но и учиться передвигаться на велосипеде по бездорожью, создан этот недорогой и надежный хардтейл. В его конструкции используются надежные комплектующие, основным из которых является рама, произведенная из алюминиевого сплава. На эту раму устанавливаются: амортизационная вилка SR Suntour M2000 c ходом 30 мм, ободные тормоза типа V-brake, удобное седло, легкие обода, изготовленные из алюминиевого сплава, навесное оборудование начального уровня Shimano Tourney. 7 скоростей.', '<p>\r\n	Специально для детей возрастом от 5 до 9 лет, стремящимся не только кататься по ровной местности, но и учиться передвигаться на велосипеде по бездорожью, создан этот недорогой и надежный хардтейл. В его конструкции используются надежные комплектующие, основным из которых является рама, произведенная из алюминиевого сплава. На эту раму устанавливаются: амортизационная вилка SR Suntour M2000 c ходом 30 мм, ободные тормоза типа V-brake, удобное седло, легкие обода, изготовленные из алюминиевого сплава, навесное оборудование начального уровня Shimano Tourney. 7 скоростей.</p>', 'Хардтейлы, горный велосипед, велосипеды, детские велосипеды, подростковые велосипеды, продажа, севастополь, велокс, velox, TMerida Dakar 620 (2012), 2012', 'Merida DAKAR 620 GIRL (2013)', 'Хардтейлы, горный велосипед, велосипеды, детские велосипеды, подростковые велосипеды, продажа, севастополь, велокс, velox, TMerida Dakar 620 (2012), 2012'),
(758, 2129, 'ru', 'Merida DAKAR 620 BOY (2013)', 'Специально для детей возрастом от 5 до 9 лет, стремящимся не только кататься по ровной местности, но и учиться передвигаться на велосипеде по бездорожью, создан этот недорогой и надежный хардтейл. В его конструкции используются надежные комплектующие, основным из которых является рама, произведенная из алюминиевого сплава. На эту раму устанавливаются: амортизационная вилка SR Suntour M2000 c ходом 30 мм, ободные тормоза типа V-brake, удобное седло, легкие обода, изготовленные из алюминиевого сплава, навесное оборудование начального уровня Shimano Tourney. 7 скоростей.', '<p>\r\n	Специально для детей возрастом от 5 до 9 лет, стремящимся не только кататься по ровной местности, но и учиться передвигаться на велосипеде по бездорожью, создан этот недорогой и надежный хардтейл. В его конструкции используются надежные комплектующие, основным из которых является рама, произведенная из алюминиевого сплава. На эту раму устанавливаются: амортизационная вилка SR Suntour M2000 c ходом 30 мм, ободные тормоза типа V-brake, удобное седло, легкие обода, изготовленные из алюминиевого сплава, навесное оборудование начального уровня Shimano Tourney. 7 скоростей.</p>', 'Хардтейлы, горный велосипед, велосипеды, детские велосипеды, подростковые велосипеды, продажа, севастополь, велокс, velox, Merida Dakar 620 (2013), 2013', 'Merida DAKAR 620 BOY (2013)', 'Хардтейлы, горный велосипед, велосипеды, детские велосипеды, подростковые велосипеды, продажа, севастополь, велокс, velox, Merida Dakar 620 (2013), 2013'),
(631, 2130, 'ru', 'Merida Race Lite 900 (2013)', 'Шоссейный велосипед Merida Race Lite 900 2013 собран на базе высококлассного фреймсета, состоящего из жесткой и легкой алюминиевой рамы и карбоновой вилки, отлично гасящей вибрации. Велосипед укомплектован трансмиссией 2x8 уровня Shimano 2300/Sora, цепкими и износостойкими покрышками Maxxis Rouler шириной 23 мм и качественными двухосевыми тормозами', '<p>\r\n	Шоссейный велосипед Merida Race Lite 900 2013 собран на базе высококлассного фреймсета, состоящего из жесткой и легкой алюминиевой рамы и карбоновой вилки, отлично гасящей вибрации. Велосипед укомплектован трансмиссией 2x8 уровня Shimano 2300/Sora, цепкими и износостойкими покрышками Maxxis Rouler шириной 23 мм и качественными двухосевыми тормозами</p>', 'шоссе, шоссейный велосипед, велосипеды, продажа, севастополь, велокс, velox, Merida Race Lite 900 2013, 2013', 'Merida Race Lite 900 2013', 'шоссе, шоссейный велосипед, велосипеды, продажа, севастополь, велокс, velox, Merida Race Lite 900 2013, 2013'),
(632, 2131, 'ru', 'CUBE AIM 26 (2013)', 'Красивый и надежный горный велосипед от немецкого производителя по демократичной цене. Давно полюбившийся отечественным велолюбителям хардтейл теперь в новом облике. Предаставляем вам модель 2013 года на 26 дюймовых колесах, с оборудованием для продвинутых любителей.', '<p>\r\n	Красивый и надежный горный велосипед от немецкого производителя по демократичной цене. Давно полюбившийся отечественным велолюбителям хардтейл теперь в новом облике. Предаставляем вам модель 2013 года на 26 дюймовых колесах, с оборудованием для продвинутых любителей.</p>', 'Хардтейлы, горный велосипед, велосипеды, продажа, севастополь, велокс, velox, CUBE AIM 26 black/grey 2013, 2013', 'CUBE AIM 26 black/grey 2013', 'Хардтейлы, горный велосипед, велосипеды, продажа, севастополь, велокс, velox, CUBE AIM 26 black/grey 2013, 2013'),
(633, 2132, 'ru', 'Cube Aim 29 (2013)', 'Найнер начального уровня от немецкого бренда Cube, который даст возможность познакомится со всеми преимуществами относительно нового класса горного велосипеда - найнера, при этом цена не является заоблачной.', '<p>\r\n	Найнер начального уровня от немецкого бренда Cube, который даст возможность познакомится со всеми преимуществами относительно нового класса горного велосипеда - найнера, при этом цена не является заоблачной.</p>', 'Хардтейлы, горный велосипед, найнер, велосипеды, продажа, севастополь, велокс, velox, Cube Aim 29 (2013)', 'Cube Aim 29 (2013)', 'Хардтейлы, горный велосипед, найнер, велосипеды, продажа, севастополь, велокс, velox, Cube Aim 29 (2013)'),
(634, 2133, 'ru', 'Cube Aim Disc 26 (2013)', 'Самый простой и доступный по цене из линейки горных хардтейлов Cube. При этом обладает дисковыми гидравлическими тормозами Shimano, вилкой с возможностью блокировать ход, комплектующими от знаменитых EASTON (вынос, подседельная труба, руль). Замечательный выбор для тех кто хочет за умеренную суму денег красивый и яркий велосипед от известного немецкого производителя.', '<p>\r\n	Самый простой и доступный по цене из линейки горных хардтейлов Cube. При этом обладает дисковыми гидравлическими тормозами Shimano, вилкой с возможностью блокировать ход, комплектующими от знаменитых EASTON (вынос, подседельная труба, руль). Замечательный выбор для тех кто хочет за умеренную суму денег красивый и яркий велосипед от известного немецкого производителя.</p>', 'Хардтейлы, горный велосипед, велосипеды, продажа, севастополь, велокс, velox, CUBE AIM 26 black/grey 2013, 2013 Cube Aim Disc 26 (2013)', 'Cube Aim Disc 26 (2013)', 'Хардтейлы, горный велосипед, велосипеды, продажа, севастополь, велокс, velox, CUBE AIM 26 black/grey 2013, 2013 Cube Aim Disc 26 (2013)'),
(774, 2134, 'ru', 'FOX Revert Knee Guards Black', 'Защита FOX Revert Knee Guards Black L/XL . S/M', '<p>\r\n	&nbsp;</p>\r\n<p style="margin: 0px; padding: 5px; font-family: Arial; font-size: 13px;">\r\n	Практичная универсальная защита колена, независимо от сферы использования - пусть даже тактические специальные операции по освобождению заложников :)</p>\r\n<p style="margin: 0px; padding: 5px; font-family: Arial; font-size: 13px;">\r\n	Размер: S/M, L/XL</p>\r\n<p style="margin: 0px; padding: 5px; font-family: Arial; font-size: 13px;">\r\n	Цвет: черный</p>', 'Защита FOX Revert Knee Guards Black L/XL', 'Защита FOX Revert Knee Guards Black L/XL', 'Защита FOX Revert Knee Guards Black L/XL'),
(776, 2136, 'ru', 'SIXSIXONE COMP KNEE WHITE', 'Защита голень-колено SIXSIXONE COMP KNEE WHITE', '<p>\r\n	&nbsp;</p>\r\n<p style="margin: 0px; padding: 5px; font-family: Arial; font-size: 13px;">\r\n	Твердая защита колена/голени на мягкой основе. Неопрен и пластик для комфортного ношения длительное время. Фиксация липучками Velcro. Для использования под одеждой и не только.</p>\r\n<p style="margin: 0px; padding: 5px; font-family: Arial; font-size: 13px;">\r\n	&bull; Тонкая вентилируемая пена</p>\r\n<p style="margin: 0px; padding: 5px; font-family: Arial; font-size: 13px;">\r\n	&bull; Вентилируемый пластик дает доступ воздуху</p>\r\n<p style="margin: 0px; padding: 5px; font-family: Arial; font-size: 13px;">\r\n	&bull; Не сползает</p>', 'Защита голень-колено SIXSIXONE COMP KNEE WHITE', 'Защита голень-колено SIXSIXONE COMP KNEE WHITE', 'Защита голень-колено SIXSIXONE COMP KNEE WHITE'),
(638, 2137, 'ru', 'PRO KNEE/SHIN GUARD LG , SM', 'Защита голень-колено PRO KNEE/SHIN GUARD LG , SM', '<p>\r\n	&nbsp;</p>\r\n<div>\r\n	Новый более отчетливый дизайн</div>\r\n<div>\r\n	Комфортная перфорированная пена EVA</div>\r\n<div>\r\n	Вентилируемый пластик не препятствует доступу прохладного воздуха.</div>\r\n<div>\r\n	Сетчатый чулок сохраняет наколенник на месте</div>\r\n<div>\r\n	Ударопрочный пластик</div>\r\n<div>\r\n	Размер: SM , LG</div>', 'Защита голень-колено PRO KNEE/SHIN GUARD LG , SM', 'Защита голень-колено PRO KNEE/SHIN GUARD LG , SM', 'Защита голень-колено PRO KNEE/SHIN GUARD LG , SM'),
(777, 2138, 'ru', 'SIXSIXONERACE KNEE SHIN LIME/GRAY', 'Защита голень-колено SIXSIXONE RACE KNEE SHIN LIME/GRAY', '<p>\r\n	&nbsp;</p>\r\n<div>\r\n	Комфортная перфорированная пена EVA,</div>\r\n<div>\r\n	Вентилируемый пластик не препятствует доступу прохладного воздуха.</div>\r\n<div>\r\n	Сетчатый чулок сохраняет наколенник на месте.</div>\r\n<div>\r\n	Двойные ремешки фиксируют защиту на месте во время падений</div>\r\n<div>\r\n	Более широкий слой амортизирующей набивки из пены с закрытыми порами</div>\r\n<div>\r\n	Цвет: LIME/GRAY</div>', 'Защита голень-колено SIXSIXONE RACE KNEE SHIN LIME/GRAY', 'Защита голень-колено SIXSIXONE RACE KNEE SHIN LIME/GRAY', 'Защита голень-колено SIXSIXONE RACE KNEE SHIN LIME/GRAY'),
(778, 2139, 'ru', 'SIXSIXONE RACELITE', 'Защита голень-колено SIXSIXONE RACELITE', '<p>\r\n	<span style="color: rgb(102, 102, 102); font-family: Arial, Helvetica, sans-serif; font-size: 13px; line-height: 24px;">Вентилируемая защита из более широкого слоя пены с закрытыми порами. Облегченная уменьшенная версия Race Knee. Защита крепится ремешками и не требует снятия обуви. Вентилируемый пластик не препятствует доступу прохладного воздуха.</span><br style="color: rgb(102, 102, 102); font-family: Arial, Helvetica, sans-serif; font-size: 13px; line-height: 24px;" />\r\n	<strong style="margin: 0px; padding: 0px; border: 0px; outline: 0px; color: rgb(102, 102, 102); font-family: Arial, Helvetica, sans-serif; font-size: 13px; line-height: 24px;">Доступные размеры:</strong><span style="color: rgb(102, 102, 102); font-family: Arial, Helvetica, sans-serif; font-size: 13px; line-height: 24px;">&nbsp; MD, LG</span></p>', 'Защита голень-колено SIXSIXONE RACELITE', 'Защита голень-колено SIXSIXONE RACELITE', 'Защита голень-колено SIXSIXONE RACELITE'),
(780, 2140, 'ru', 'VK Черепаха-2', 'Защита колена + голень VK Черепаха-2', '<p>\r\n	<span style="font-family: Arial; font-size: 13px;">Удобная защита - отлично сидит на ноге. Прекрасная вентиляция.</span></p>', 'Защита колена + Vk голень Черепаха-2', 'Защита колена + VK голень Черепаха-2', 'Защита колена + Vk голень Черепаха-2'),
(781, 2141, 'ru', 'Lizard Skins', 'Защита колено-голень Lizard Skins', '<p>\r\n	&nbsp;</p>\r\n<div>\r\n	Новая защита колена-голени сделана по технологии SoftCell с 6-мм слоем материала с максимальной вентиляцией. Двойной слой под защитными пластиковыми чашками. Пластиковые щитки с 14-ю вентиляционными отверстиями. Мягкая неопреновая затяжка за коленом и 4 полноценных затяжки для предотвращения соскальзывания защиты. Дополнительная защита от удара на внутренней стороне колена.</div>\r\n<div>\r\n	&nbsp;</div>\r\n<div>\r\n	Максимум защиты и комфорта.</div>\r\n<div>\r\n	&nbsp;</div>\r\n<div>\r\n	Размер - L/XL</div>', 'Защита колено-голень Lizard Skins', 'Защита колено-голень Lizard Skins', 'Защита колено-голень Lizard Skins');
INSERT INTO `catalog_product_translation` (`product_translation_id`, `product_id`, `language_code`, `name`, `announcement`, `description`, `meta_keywords`, `page_title`, `meta_description`) VALUES
(646, 2145, 'ru', 'Cube Analog 26 (2013)', 'Хардтейл для кросс кантри от немецкого концерна Cube. Как и в прошлые сезоны, CUBE ANALOG - велосипед с идеально сбалансированый в плане навески и технических характеристик, которые подчеркнуты изысканым дизайном. Золотая средина при поиске надежного, технологического байка, при этом еще и очень красивого.', '<p>\r\n	Хардтейл для кросс кантри от немецкого концерна Cube. Как и в прошлые сезоны, CUBE ANALOG - велосипед с идеально сбалансированый в плане навески и технических характеристик, которые подчеркнуты изысканым дизайном. Золотая средина при поиске надежного, технологического байка, при этом еще и очень красивого.</p>', 'Хардтейлы, горный велосипед, велосипеды, продажа, севастополь, велокс, velox, Cube Analog 26 (2013), 2013', 'Cube Analog 26 (2013)', 'Хардтейлы, горный велосипед, велосипеды, продажа, севастополь, велокс, velox, Cube Analog 26 (2013), 2013'),
(647, 2146, 'ru', 'Cube Analog 29 (2013)', 'Найнер любительского уровня с большими 29'''' колесами. Благодаря легкой алюминиевой раме,  трансмисси Shimano Acera - Deore, дисковым гидравлическим тормозам, вилке RockShox велосипед идеально подойдет для каждодневных поездок как по асфальту, так и по  легкому бездорожью. А благодаря большим колесам выбоины и неровности на дорогах будут совсем ни по чем.', '<p>\r\n	Найнер любительского уровня с большими 29&#39;&#39; колесами. Благодаря легкой алюминиевой раме,&nbsp; трансмисси Shimano Acera - Deore, дисковым гидравлическим тормозам, вилке RockShox велосипед идеально подойдет для каждодневных поездок как по асфальту, так и по&nbsp; легкому бездорожью. А благодаря большим колесам выбоины и неровности на дорогах будут совсем ни по чем.</p>', 'Хардтейлы, горный велосипед, найнер, велосипеды, продажа, севастополь, велокс, velox, Cube Analog 29 (2013)', 'Cube Analog 29 (2013)', 'Хардтейлы, горный велосипед, найнер, велосипеды, продажа, севастополь, велокс, velox, Cube Analog 29 (2013)'),
(648, 2147, 'ru', 'Cube Attention 26 (2013)', 'Горный хардтейл любительского уровня. Фирменный прекрасный дизайн от именитого Cube. 30 скоростная трасмиссия Shimano Deore позволит выбрать оптимавльную нагрузку как для подготовленых райдеров, так и начинающих велолюбителей. Безопасность гарантируют надежные гидравлические тормоза. Идеально подходит для поездок как по асфальту, так и по легкому бездорожью.', '<p>\r\n	Горный хардтейл любительского уровня. Фирменный прекрасный дизайн от именитого Cube. 30 скоростная трасмиссия Shimano Deore позволит выбрать оптимавльную нагрузку как для подготовленых райдеров, так и начинающих велолюбителей. Безопасность гарантируют надежные гидравлические тормоза. Идеально подходит для поездок как по асфальту, так и по легкому бездорожью.</p>', 'Хардтейлы, горный велосипед, велосипеды, продажа, севастополь, велокс, velox, Cube Attention 26 (2013), 2013', 'Cube Attention 26 (2013)', 'Хардтейлы, горный велосипед, велосипеды, продажа, севастополь, велокс, velox, Cube Attention 26 (2013), 2013'),
(649, 2148, 'ru', 'Cube Attention 29 (2013)', 'Найнер высочайшего качества от немецкого бренда Cube. В данной модели используются только проверенные велосипедистами и временем компоненты, такие как амортизационная вилка Rock Shox XC 28 и дисковые гидравлические тормоза Shimano.', '<p>\r\n	Найнер высочайшего качества от немецкого бренда Cube. В данной модели используются только проверенные велосипедистами и временем компоненты, такие как амортизационная вилка Rock Shox XC 28 и дисковые гидравлические тормоза Shimano.</p>', 'Хардтейлы, горный велосипед, найнер, велосипеды, продажа, севастополь, велокс, velox, Cube Attention 29 (2013)', 'Cube Attention 29 (2013)', 'Хардтейлы, горный велосипед, найнер, велосипеды, продажа, севастополь, велокс, velox, Cube Attention 29 (2013)'),
(650, 2149, 'ru', 'Cube Acid 26 (2013)', 'Горный хардтейл для любителей активного образа жизни. Высококачественная воздушная вилка от знаменитых RockShox будет работать под райдером с любым весом, в виду того что имеет очень большой диапазон настроек. С гидравлическими дисковыми тормозами можна катать под любой погоды. А трансмиссия Shimano Deore - Deore XT давно славятся своией долговечностью и точностью переключения передач.', '<p>\r\n	Горный хардтейл для любителей активного образа жизни. Высококачественная воздушная вилка от знаменитых RockShox будет работать под райдером с любым весом, в виду того что имеет очень большой диапазон настроек. С гидравлическими дисковыми тормозами можна катать под любой погоды. А трансмиссия Shimano Deore - Deore XT давно славятся своией долговечностью и точностью переключения передач.</p>', 'Хардтейлы, горный велосипед, велосипеды, продажа, севастополь, велокс, velox, Cube Acid 26 (2013), 2013', 'Cube Acid 26 (2013)', 'Хардтейлы, горный велосипед, велосипеды, продажа, севастополь, велокс, velox, Cube Acid 26 (2013), 2013'),
(652, 2151, 'ru', 'Cube Acid 29 (2013)', 'Хардтейлы, горный велосипед, найнер, велосипеды, продажа, севастополь, велокс, velox, Cube Acid 29 (2013)', '<p>\r\n	Найнер для любителей активного образа жизни. Отличный велосипед, чтобы понять преимущества 29-х колес. Высококачественная воздушная вилка от знаменитых RockShox будет работать под райдером с любым весом, в виду того что имеет очень большой диапазон настроек. С гидравлическими дисковыми тормозами можна катать под любой погоды. А трансмиссия Shimano Deore - Deore XT давно славятся своией долговечностью и точностью переключения передач.</p>', 'Хардтейлы, горный велосипед, найнер, велосипеды, продажа, севастополь, велокс, velox, Cube Acid 29 (2013)', 'Cube Acid 29 (2013)', 'Хардтейлы, горный велосипед, найнер, велосипеды, продажа, севастополь, велокс, velox, Cube Acid 29 (2013)'),
(653, 2152, 'ru', 'Cube LTD 26 (2013)', 'Отличный хардтейл, в котром используется облегченная рама с двойным баттингом и трубами переменного сечения, усиленые в местах наибольших нагрузок. Самый доступный велосипед серии LTD, характеристики и ездовые качества которого позволяют использовать его на самых разных трассах и в самых разных условиях.', '<p>\r\n	Отличный хардтейл, в котром используется облегченная рама с двойным баттингом и трубами переменного сечения, усиленые в местах наибольших нагрузок. Самый доступный велосипед серии LTD, характеристики и ездовые качества которого позволяют использовать его на самых разных трассах и в самых разных условиях.</p>', 'Хардтейлы, горный велосипед, велосипеды, продажа, севастополь, велокс, velox, Cube LTD 26 (2013), 2013', 'Cube LTD 26 (2013)', 'Хардтейлы, горный велосипед, велосипеды, продажа, севастополь, велокс, velox, Cube LTD 26 (2013), 2013'),
(654, 2153, 'ru', 'Cube LTD 29 (2013)', 'Отличный найнер, в котром используется облегченная рама с двойным баттингом и трубами переменного сечения, усиленые в местах наибольших нагрузок. Самый доступный велосипед серии LTD, характеристики и ездовые качества которого позволяют использовать его на самых разных трассах и в самых разных условиях. А 29-е колесса отлично помагают преодолевать практически любые препятствия.', '<p>\r\n	Отличный найнер, в котром используется облегченная рама с двойным баттингом и трубами переменного сечения, усиленые в местах наибольших нагрузок. Самый доступный велосипед серии LTD, характеристики и ездовые качества которого позволяют использовать его на самых разных трассах и в самых разных условиях. А 29-е колесса отлично помагают преодолевать практически любые препятствия.</p>', 'Хардтейлы, горный велосипед, найнер, велосипеды, продажа, севастополь, велокс, velox, Cube LTD 29 (2013)', 'Cube LTD 29 (2013)', 'Хардтейлы, горный велосипед, найнер, велосипеды, продажа, севастополь, велокс, velox, Cube LTD 29 (2013)'),
(898, 2154, 'ru', 'QUANDO BMX  Алюм KT-M18F', 'Втулка QUANDO BMX  Алюм KT-M18F (пер) 36H', '<p>\r\n	Втулка BMX &nbsp;Алюм KT-M18F (пер)</p>\r\n<p>\r\n	Ось: 14мм</p>\r\n<p>\r\n	Спиц: 36</p>', 'Втулка QUANDO BMX  Алюм KT-M18F (пер) 36H', 'Втулка QUANDO BMX  Алюм KT-M18F (пер) 36H', 'Втулка QUANDO BMX  Алюм KT-M18F (пер) 36H'),
(656, 2155, 'ru', 'Cube LTD Pro 26 (2013)', 'Отличный хардтейл, в котром используется облегченная рама с двойным баттингом и трубами переменного сечения, усиленые в местах наибольших нагрузок. Принадлежит к велосипедам  серии LTD, характеристики и ездовые качества котороой позволяют использовать его на самых разных трассах и в самых разных условиях.', '<p>\r\n	Отличный хардтейл, в котром используется облегченная рама с двойным баттингом и трубами переменного сечения, усиленые в местах наибольших нагрузок. Принадлежит к велосипедам&nbsp; серии LTD, характеристики и ездовые качества котороой позволяют использовать его на самых разных трассах и в самых разных условиях.</p>', 'Хардтейлы, горный велосипед, велосипеды, продажа, севастополь, велокс, velox, Cube LTD Pro 26 (2013), 2013', 'Cube LTD Pro 26 (2013)', 'Хардтейлы, горный велосипед, велосипеды, продажа, севастополь, велокс, velox, Cube LTD Pro 26 (2013), 2013'),
(658, 2157, 'ru', 'Cube LTD Pro 29 (2013)', 'Отличный найнер, в котром используется облегченная рама с двойным баттингом и трубами переменного сечения, усиленые в местах наибольших нагрузок. Представитель серии LTD, характеристики и ездовые качества которой позволяют использовать его на самых разных трассах и в самых разных условиях. А 29-е колесса отлично помагают преодолевать практически любые препятствия.', '<p>\r\n	Отличный найнер, в котром используется облегченная рама с двойным баттингом и трубами переменного сечения, усиленые в местах наибольших нагрузок. Представитель серии LTD, характеристики и ездовые качества которой позволяют использовать его на самых разных трассах и в самых разных условиях. А 29-е колесса отлично помагают преодолевать практически любые препятствия.<br />\r\n	&nbsp;</p>', 'Хардтейлы, горный велосипед, найнер, велосипеды, продажа, севастополь, велокс, velox, Cube LTD Pro 29 (2013)', 'Cube LTD Pro 29 (2013)', 'Хардтейлы, горный велосипед, найнер, велосипеды, продажа, севастополь, велокс, velox, Cube LTD Pro 29 (2013)'),
(660, 2159, 'ru', 'Cube LTD Race 26 (2013)', 'Отличный хардтейл, в котром используется облегченная рама с двойным баттингом и трубами переменного сечения, усиленые в местах наибольших нагрузок. Принадлежит к велосипедам серии LTD, характеристики и ездовые качества котороой позволяют использовать его на самых разных трассах и в самых разных условиях.', '<p>\r\n	Отличный хардтейл, в котром используется облегченная рама с двойным баттингом и трубами переменного сечения, усиленые в местах наибольших нагрузок. Принадлежит к велосипедам серии LTD, характеристики и ездовые качества котороой позволяют использовать его на самых разных трассах и в самых разных условиях.</p>', 'Хардтейлы, горный велосипед, велосипеды, продажа, севастополь, велокс, velox, Cube LTD Race 26 (2013), 2013', 'Cube LTD Race 26 (2013)', 'Хардтейлы, горный велосипед, велосипеды, продажа, севастополь, велокс, velox, Cube LTD Race 26 (2013), 2013'),
(661, 2160, 'ru', 'TATU-BIKE передн.диск 36н белая 250g', 'Втулка TATU-BIKE передн.диск 36н\r\nбелая 250g', '<p>\r\n	&nbsp;</p>\r\n<div>\r\n	Втулка TATU-BIKE передн.диск</div>\r\n<div>\r\n	&nbsp;</div>\r\n<div>\r\n	Спиц:36</div>\r\n<div>\r\n	&nbsp;</div>\r\n<div>\r\n	Цвет:белая</div>\r\n<div>\r\n	&nbsp;</div>\r\n<div>\r\n	Вес:250g</div>', 'Втулка TATU-BIKE передн.диск 36н\r\nбелая 250g', 'Втулка TATU-BIKE передн.диск 36н\r\nбелая 250g', 'Втулка TATU-BIKE передн.диск 36н\r\nбелая 250g'),
(899, 2161, 'ru', 'Ventura тормозная', 'Втулка Ventura тормозная 20 отв.', '<p>\r\n	Ventura тормозная</p>\r\n<p>\r\n	Спиц:20</p>\r\n<p>\r\n	Ось:10мм</p>\r\n<p>\r\n	Цвет:серебристый&nbsp;</p>', 'Втулка Ventura тормозная 20 отв.', 'Втулка Ventura тормозная 20 отв.', 'Втулка Ventura тормозная 20 отв.'),
(900, 2162, 'ru', 'TATU-BIKE диск.алю.эксц.фрезер', 'Втулка перед. TATU-BIKE\r\nдиск.алю.36h черн.эксц.фрезер', '<p>\r\n	&nbsp;</p>\r\n<div>\r\n	TATU-BIKE</div>\r\n<div>\r\n	&nbsp;</div>\r\n<div>\r\n	Диск.алю.</div>\r\n<div>\r\n	&nbsp;</div>\r\n<div>\r\n	Спиц:36</div>\r\n<div>\r\n	&nbsp;</div>\r\n<div>\r\n	Цвет:черный</div>\r\n<div>\r\n	&nbsp;</div>\r\n<div>\r\n	Эксц.фрезер</div>', 'Втулка перед. TATU-BIKE\r\nдиск.алю.36h черн.эксц.фрезер', 'Втулка перед. TATU-BIKE\r\nдиск.алю.36h черн.эксц.фрезер', 'Втулка перед. TATU-BIKE\r\nдиск.алю.36h черн.эксц.фрезер'),
(901, 2163, 'ru', 'Onza Trial', 'Втулка передн. Onza Trial алюм. на гайка', '<p>\r\n	&nbsp;Onza Trial алюм.&nbsp;</p>\r\n<p>\r\n	Ось: 10мм</p>\r\n<p>\r\n	Спиц:32</p>\r\n<p>\r\n	Цвет: черный</p>', 'Втулка передн. Onza Trial алюм. на гайка', 'Втулка передн. Onza Trial алюм. на гайка', 'Втулка передн. Onza Trial алюм. на гайка'),
(665, 2164, 'ru', 'Cube LTD Race 29 (2013)', 'Отличный найнер, в котром используется облегченная рама с двойным баттингом и трубами переменного сечения, усиленые в местах наибольших нагрузок. Представитель серии LTD, характеристики и ездовые качества которой позволяют использовать его на самых разных трассах и в самых разных условиях. А 29-е колесса отлично помагают преодолевать практически любые препятствия.', '<p>\r\n	Отличный найнер, в котром используется облегченная рама с двойным баттингом и трубами переменного сечения, усиленые в местах наибольших нагрузок. Представитель серии LTD, характеристики и ездовые качества которой позволяют использовать его на самых разных трассах и в самых разных условиях. А 29-е колесса отлично помагают преодолевать практически любые препятствия.</p>', 'Хардтейлы, горный велосипед, найнер, велосипеды, продажа, севастополь, велокс, velox, Cube LTD Race 29 (2013)', 'Cube LTD Race 29 (2013)', 'Хардтейлы, горный велосипед, найнер, велосипеды, продажа, севастополь, велокс, velox, Cube LTD Race 29 (2013)'),
(841, 2165, 'ru', 'Quando BMX', 'Втулка передн. Quando BMX алюм. на пром.', '<p>\r\n	&nbsp;Quando BMX алюм.</p>\r\n<p>\r\n	&nbsp;пром.подшибники&nbsp;</p>\r\n<p>\r\n	Спиц:48</p>\r\n<p>\r\n	Ось: 14 мм</p>\r\n<p>\r\n	Цвет: черный&nbsp;</p>', 'Втулка передн. Quando BMX алюм. на пром.', 'Втулка передн. Quando BMX алюм. на пром.', 'Втулка передн. Quando BMX алюм. на пром.'),
(667, 2166, 'ru', 'Cube LTD SL 29 (2013)', 'Отличный найнер, в котром используется облегченная рама с двойным баттингом и трубами переменного сечения, усиленые в местах наибольших нагрузок. Представитель серии LTD, характеристики и ездовые качества которой позволяют использовать его на самых разных трассах и в самых разных условиях. А 29-е колесса отлично помагают преодолевать практически любые препятствия.', '<p>\r\n	Отличный найнер, в котром используется облегченная рама с двойным баттингом и трубами переменного сечения, усиленые в местах наибольших нагрузок. Представитель серии LTD, характеристики и ездовые качества которой позволяют использовать его на самых разных трассах и в самых разных условиях. А 29-е колесса отлично помагают преодолевать практически любые препятствия.</p>', 'Хардтейлы, горный велосипед, найнер, велосипеды, продажа, севастополь, велокс, velox, Cube LTD SL 29 (2013)', 'Cube LTD SL 29 (2013)', 'Хардтейлы, горный велосипед, найнер, велосипеды, продажа, севастополь, велокс, velox, Cube LTD SL 29 (2013)'),
(902, 2167, 'ru', 'DK macho перед. ВМХ алю.', 'Втулка DK macho перед. ВМХ алю.48н', '<p>\r\n	&nbsp;</p>\r\n<div>\r\n	DK macho</div>\r\n<div>\r\n	&nbsp;</div>\r\n<div>\r\n	перед. ВМХ алю.</div>\r\n<div>\r\n	&nbsp;</div>\r\n<div>\r\n	Спиц:48<br />\r\n	&nbsp;</div>\r\n<div>\r\n	Ось: 10мм</div>\r\n<div>\r\n	&nbsp;</div>\r\n<div>\r\n	Цвет:черный</div>', 'Втулка DK macho перед. ВМХ алю.48н', 'Втулка DK macho перед. ВМХ алю.48н', 'Втулка DK macho перед. ВМХ алю.48н'),
(903, 2168, 'ru', 'TATU-BIKE перед.диск.алю.эксцент.', 'Втулка TATU-BIKE перед.диск.алю.32h черн.эксцент.', '<p>\r\n	&nbsp;перед.диск.алю.</p>\r\n<p>\r\n	Спиц:32</p>\r\n<p>\r\n	Цвет:черный</p>\r\n<p>\r\n	Зажим эксцент.</p>', 'Втулка TATU-BIKE перед.диск.алю.32h черн.эксцент.', 'Втулка TATU-BIKE перед.диск.алю.32h черн.эксцент.', 'Втулка TATU-BIKE перед.диск.алю.32h черн.эксцент.'),
(670, 2169, 'ru', 'Cube Reaction GTC PRO 29 (2013)', 'Полупрофессиональный горный хардтейл с оборудованием среднего класса на сверх легкой рами из карбона. Позволяет чувствовать себя уверенно в любых условиях и в любую погоду. Подойдет как для простых покатушек, так и для соревнований и гонок кросс-кантри. А колесаразмером 29 дюймов поодчеркивают и усиливают все достоинства этого велосипеда.', '<p>\r\n	Полупрофессиональный горный хардтейл с оборудованием среднего класса на сверх легкой рами из карбона. Позволяет чувствовать себя уверенно в любых условиях и в любую погоду. Подойдет как для простых покатушек, так и для соревнований и гонок кросс-кантри. А колесаразмером 29 дюймов поодчеркивают и усиливают все достоинства этого велосипеда.</p>', 'Хардтейлы, карбоновая рама, горный велосипед, найнер, велосипеды, продажа, севастополь, велокс, velox, Cube Reaction GTC PRO 29 (2013)', 'Cube Reaction GTC PRO 29 (2013)', 'Хардтейлы, карбоновая рама, горный велосипед, найнер, велосипеды, продажа, севастополь, велокс, velox, Cube Reaction GTC PRO 29 (2013)'),
(672, 2171, 'ru', 'Cube Reaction GTC Race 29 (2013)', 'Полупрофессиональный горный хардтейл с оборудованием среднего класса на сверх легкой рами из карбона. Позволяет чувствовать себя уверенно в любых условиях и в любую погоду. Подойдет как для простых покатушек, так и для соревнований и гонок кросс-кантри. А колесаразмером 29 дюймов поодчеркивают и усиливают все достоинства этого велосипеда.', '<p>\r\n	Полупрофессиональный горный хардтейл с оборудованием среднего класса на сверх легкой рами из карбона. Позволяет чувствовать себя уверенно в любых условиях и в любую погоду. Подойдет как для простых покатушек, так и для соревнований и гонок кросс-кантри. А колесаразмером 29 дюймов поодчеркивают и усиливают все достоинства этого велосипеда.</p>', 'Хардтейлы, карбоновая рама, горный велосипед, найнер, велосипеды, продажа, севастополь, велокс, velox, Cube Reaction GTC Race 29 (2013)', 'Cube Reaction GTC Race 29 (2013)', 'Хардтейлы, карбоновая рама, горный велосипед, найнер, велосипеды, продажа, севастополь, велокс, velox, Cube Reaction GTC Race 29 (2013)'),
(673, 2172, 'ru', 'Cube Reaction GTC SL 26 (2013)', 'Полупрофессиональный горный хардтейл с оборудованием среднего класса на сверх легкой рамы из карбона. Позволяет чувствовать себя уверенно в любых условиях и в любую погоду. Подойдет как для простых покатушек, так и для соревнований и гонок кросс-кантри.', '<p>\r\n	Полупрофессиональный горный хардтейл с оборудованием среднего класса на сверх легкой рамы из карбона. Позволяет чувствовать себя уверенно в любых условиях и в любую погоду. Подойдет как для простых покатушек, так и для соревнований и гонок кросс-кантри.</p>', 'Хардтейлы, карбоновая рама, горный велосипед, велосипеды, продажа, севастополь, велокс, velox, Cube Reaction GTC SL 26 (2013)', 'Хардтейлы, карбоновая рама, горный велосипед, велосипеды, продажа, севастополь, велокс, velox, Cube Reaction GTC SL 26 (2013)', 'Хардтейлы, карбоновая рама, горный велосипед, велосипеды, продажа, севастополь, велокс, velox, Cube Reaction GTC SL 26 (2013)'),
(674, 2173, 'ru', 'Cube Reaction GTC SL 29 (2013)', 'Полупрофессиональный горный хардтейл с оборудованием среднего класса на сверх легкой рамы из карбона. Позволяет чувствовать себя уверенно в любых условиях и в любую погоду. Подойдет как для простых покатушек, так и для соревнований и гонок кросс-кантри. А колесаразмером 29 дюймов поодчеркивают и усиливают все достоинства этого велосипеда.', '<p>\r\n	Полупрофессиональный горный хардтейл с оборудованием среднего класса на сверх легкой рамы из карбона. Позволяет чувствовать себя уверенно в любых условиях и в любую погоду. Подойдет как для простых покатушек, так и для соревнований и гонок кросс-кантри. А колесаразмером 29 дюймов поодчеркивают и усиливают все достоинства этого велосипеда.</p>', 'Хардтейлы, карбоновая рама, горный велосипед, найнер, велосипеды, продажа, севастополь, велокс, velox, Cube Reaction GTC SL 29 (2013)', 'Cube Reaction GTC SL 29 (2013)', 'Хардтейлы, карбоновая рама, горный велосипед, найнер, велосипеды, продажа, севастополь, велокс, velox, Cube Reaction GTC SL 29 (2013)'),
(677, 2178, 'ru', 'Cube Access WLS (2013)', 'Красивый комфортный горный велосипед для девушек. Идеальная навеска, дизайн который никого не оставит равнодушным.', '<p>\r\n	Красивый комфортный горный велосипед для девушек. Идеальная навеска, дизайн который никого не оставит равнодушным.</p>', 'Хардтейлы, горный велосипед, велосипеды, женские велосипеды, продажа, севастополь, велокс, velox, Cube Access WLS (2013)', 'Cube Access WLS (2013)', 'Хардтейлы, горный велосипед, велосипеды, женские велосипеды, продажа, севастополь, велокс, velox, Cube Access WLS (2013)'),
(678, 2179, 'ru', 'Cube Access WLS SL (2013)', 'Красивый комфортный горный велосипед для девушек. Идеальная навеска, дизайн который никого не оставит равнодушным.', '<p>\r\n	Красивый комфортный горный велосипед для девушек. Идеальная навеска, дизайн который никого не оставит равнодушным.</p>', 'Хардтейлы, горный велосипед, велосипеды, женские велосипеды, продажа, севастополь, велокс, velox, Cube Access WLS SL (2013)', 'Cube Access WLS SL (2013)', 'Хардтейлы, горный велосипед, велосипеды, женские велосипеды, продажа, севастополь, велокс, velox, Cube Access WLS SL (2013)'),
(682, 2182, 'ru', 'Cube Elite Super HPC 26 (2013)', 'Понастоящему элитный велосипед. Сверх легкая карбоновая рама, высококласное оборудование, начиная грипсами и заканчивая вилкой, запоминающийся дизайн от Cube. Байкеру остатся незамеченым на таком велосипеде просто не возможно. Идеально подходит практически для любого вида дисциплины кросс кантри. Будь то шорт-трек, спринт или марафон.', '<p>\r\n	Понастоящему элитный велосипед. Сверх легкая карбоновая рама, высококласное оборудование, начиная грипсами и заканчивая вилкой, запоминающийся дизайн от Cube. Байкеру остатся незамеченым на таком велосипеде просто не возможно. Идеально подходит практически для любого вида дисциплины кросс кантри. Будь то шорт-трек, спринт или марафон.</p>', 'Хардтейлы, карбоновая рама, горный велосипед, велосипеды, продажа, севастополь, велокс, velox, Cube Elite Super HPC 26 (2013)', 'Cube Elite Super HPC 26 (2013)', 'Хардтейлы, карбоновая рама, горный велосипед, велосипеды, продажа, севастополь, велокс, velox, Cube Elite Super HPC 26 (2013)'),
(683, 2183, 'ru', 'Cube Delhi (2013)', 'Велосипед для тех кто любит, и преодолевает большие и средние дистанции приемущественно по твердом покрытии. Высокотехнологичный компоненты установленые на Cube Delhi способствуют быстрому и комфортному преодолению любых дистанций. Эффектный дизайн подчеркивает приемущества данного велосипеда.', '<p>\r\n	Велосипед для тех кто любит, и преодолевает большие и средние дистанции приемущественно по твердом покрытии. Высокотехнологичный компоненты установленые на Cube Delhi способствуют быстрому и комфортному преодолению любых дистанций. Эффектный дизайн подчеркивает приемущества данного велосипеда.</p>', 'городской велосипед, туристический велосипед, велосипеды, продажа, севастополь, велокс, velox, Cube Delhi (2013)', 'Cube Delhi (2013)', 'городской велосипед, туристический велосипед, велосипеды, продажа, севастополь, велокс, velox, Cube Delhi (2013)'),
(684, 2184, 'ru', 'Cube Nature Pro (2013)', 'Велосипед для тех кто любит, и преодолевает большие и средние дистанции приемущественно по твердом покрытии. Высокотехнологичный компоненты установленые на Cube Nature Pro способствуют быстрому и комфортному преодолению любых дистанций. Эффектный дизайн подчеркивает приемущества данного велосипеда.', '<p>\r\n	Велосипед для тех кто любит, и преодолевает большие и средние дистанции приемущественно по твердом покрытии. Высокотехнологичный компоненты установленые на Cube Nature Pro способствуют быстрому и комфортному преодолению любых дистанций. Эффектный дизайн подчеркивает приемущества данного велосипеда.</p>', 'городской велосипед, туристический велосипед, велосипеды, продажа, севастополь, велокс, velox, Cube Nature Pro (2013)', 'Cube Nature Pro (2013)', 'городской велосипед, туристический велосипед, велосипеды, продажа, севастополь, велокс, velox, Cube Nature Pro (2013)'),
(685, 2185, 'ru', 'Cube Nature (2013)', 'Велосипед для тех кто любит, и преодолевает большие и средние дистанции приемущественно по твердом покрытии. Высокотехнологичный компоненты установленые на Cube Nature (2013) способствуют быстрому и комфортному преодолению любых дистанций. Эффектный дизайн подчеркивает приемущества данного велосипеда.', '<p>\r\n	Велосипед для тех кто любит, и преодолевает большие и средние дистанции приемущественно по твердом покрытии. Высокотехнологичный компоненты установленые на Cube Nature (2013) способствуют быстрому и комфортному преодолению любых дистанций. Эффектный дизайн подчеркивает приемущества данного велосипеда.</p>', 'городской велосипед, туристический велосипед, велосипеды, продажа, севастополь, велокс, velox, Cube Nature (2013)', 'Cube Nature (2013)', 'городской велосипед, туристический велосипед, велосипеды, продажа, севастополь, велокс, velox, Cube Nature (2013)'),
(686, 2186, 'ru', 'Cube Town (2013)', 'Комфортный городской велосипед со всеми необходимыми опциями в виде крыльев, багажника, свте и другого в фирменом дизайне от Cube', '<p>\r\n	Комфортный городской велосипед со всеми необходимыми опциями в виде крыльев, багажника, свте и другого в фирменом дизайне от Cube</p>', 'городской велосипед, туристический велосипед, велосипеды, продажа, севастополь, велокс, velox, Cube Town (2013)', 'Cube Town (2013)', 'городской велосипед, туристический велосипед, велосипеды, продажа, севастополь, велокс, velox, Cube Town (2013)'),
(687, 2187, 'ru', 'Cube Travel (2013)', 'Идеальный для путешествий и туризма велосипед любительского уровня. Высококачественное оборудование и замечательный дизайн придают ему особенного шарма и комфорта велосипедисту.', '<p>\r\n	Идеальный для путешествий и туризма велосипед любительского уровня. Высококачественное оборудование и замечательный дизайн придают ему особенного шарма и комфорта велосипедисту.</p>', 'городской велосипед, туристический велосипед, велосипеды, продажа, севастополь, велокс, velox, Cube Travel (2013)', 'Cube Travel (2013)', 'городской велосипед, туристический велосипед, велосипеды, продажа, севастополь, велокс, velox, Cube Travel (2013)'),
(688, 2188, 'ru', 'Cube Travel Pro (2013)', 'Идеальный для путешествий и туризма велосипед любительского уровня. Высококачественное оборудование и замечательный дизайн придают ему особенного шарма и комфорта велосипедисту.', '<p>\r\n	Идеальный для путешествий и туризма велосипед любительского уровня. Высококачественное оборудование и замечательный дизайн придают ему особенного шарма и комфорта велосипедисту.</p>', 'городской велосипед, туристический велосипед, велосипеды, продажа, севастополь, велокс, velox, Cube Travel Pro (2013)', NULL, 'городской велосипед, туристический велосипед, велосипеды, продажа, севастополь, велокс, velox, Cube Travel Pro (2013)'),
(689, 2189, 'ru', 'Cube Touring (2013)', 'Идеальный для путешествий и туризма велосипед любительского уровня. Высококачественное оборудование и замечательный дизайн придают ему особенного шарма и комфорта велосипедисту.', '<p>\r\n	Идеальный для путешествий и туризма велосипед любительского уровня. Высококачественное оборудование и замечательный дизайн придают ему особенного шарма и комфорта велосипедисту.</p>', 'городской велосипед, туристический велосипед, велосипеды, продажа, севастополь, велокс, velox, Cube Touring (2013)', 'Cube Touring (2013)', 'городской велосипед, туристический велосипед, велосипеды, продажа, севастополь, велокс, velox, Cube Touring (2013)'),
(690, 2190, 'ru', 'Cube Touring Pro (2013)', 'Идеальный для путешествий и туризма велосипед любительского уровня. Высококачественное оборудование и замечательный дизайн придают ему особенного шарма и комфорта велосипедисту.', '<p>\r\n	Идеальный для путешествий и туризма велосипед любительского уровня. Высококачественное оборудование и замечательный дизайн придают ему особенного шарма и комфорта велосипедисту.</p>', 'городской велосипед, туристический велосипед, велосипеды, продажа, севастополь, велокс, velox, Cube Touring Pro (2013)', 'Cube Touring Pro (2013)', 'городской велосипед, туристический велосипед, велосипеды, продажа, севастополь, велокс, velox, Cube Touring Pro (2013)'),
(691, 2191, 'ru', 'Cube LTD CLS Pro (2013)', 'Велосипед для тех кто любит, и преодолевает большие и средние дистанции приемущественно по твердом покрытии. Высокотехнологичный компоненты установленые на Cube LTD CLS Pro (2013) способствуют быстрому и комфортному преодолению любых дистанций. Эффектный дизайн подчеркивает приемущества данного велосипеда.', '<p>\r\n	Велосипед для тех кто любит, и преодолевает большие и средние дистанции приемущественно по твердом покрытии. Высокотехнологичный компоненты установленые на Cube LTD CLS Pro (2013) способствуют быстрому и комфортному преодолению любых дистанций. Эффектный дизайн подчеркивает приемущества данного велосипеда.</p>', 'городской велосипед, туристический велосипед, велосипеды, продажа, севастополь, велокс, velox, Cube LTD CLS Pro (2013)', 'Cube LTD CLS Pro (2013)', 'городской велосипед, туристический велосипед, велосипеды, продажа, севастополь, велокс, velox, Cube LTD CLS Pro (2013)'),
(692, 2192, 'ru', 'Cube Agree GTC (2013)', 'Велосипед для любителей скорости и азарта. С ним можно чувствовать себя настоящим гонщиком. Любое расстояние преодолевается на Cube Agree GTC очень быстро. Предназначен только для асфальта.', '<p>\r\n	Велосипед для любителей скорости и азарта. С ним можно чувствовать себя настоящим гонщиком. Любое расстояние преодолевается на Cube Agree GTC очень быстро. Предназначен только для асфальта.</p>', 'шоссе, шоссейный велосипед, велосипеды, продажа, севастополь, велокс, velox, Cube Agree GTC (2013)', 'Cube Agree GTC (2013)', 'шоссе, шоссейный велосипед, велосипеды, продажа, севастополь, велокс, velox, Cube Agree GTC (2013)');
INSERT INTO `catalog_product_translation` (`product_translation_id`, `product_id`, `language_code`, `name`, `announcement`, `description`, `meta_keywords`, `page_title`, `meta_description`) VALUES
(693, 2193, 'ru', 'Cube XMS 120 (2013)', 'Двухподвес для кросс-кантри, идеально подходящий для всех видов данной дисцыплины. Благодаря вилке с большим ходом и заднему амортизатору - гасит практически всю вибрацию на трасах с плохим покрытием и пересеченной местности.', '<p>\r\n	Двухподвес для кросс-кантри, идеально подходящий для всех видов данной дисцыплины. Благодаря вилке с большим ходом и заднему амортизатору - гасит практически всю вибрацию на трасах с плохим покрытием и пересеченной местности.</p>', 'двухподвес, подвес, велосипед с задним амортизатором, велосипеды, продажа, севастополь, велокс, velox, Cube XMS 120 (2013)', 'Cube XMS 120 (2013)', 'двухподвес, подвес, велосипед с задним амортизатором, велосипеды, продажа, севастополь, велокс, velox, Cube XMS 120 (2013)'),
(694, 2194, 'ru', 'Cube TWO 15 SL (2013)', 'Настоящий зверь для скоростного спуска с гор, именуемого даунхил (downhill). Высококачественное оборудование, гидравлические тормоза, амортизационная вилка с большим ходом, мощный и мягкий задний амортизатор прекрасно способствуют занятием одной из самой экстремальных дисциплин на горном велосипеде.', '<p>\r\n	Настоящий зверь для скоростного спуска с гор, именуемого даунхил (downhill). Высококачественное оборудование, гидравлические тормоза, амортизационная вилка с большим ходом, мощный и мягкий задний амортизатор прекрасно способствуют занятием одной из самой экстремальных дисциплин на горном велосипеде.</p>', 'двухподвес, подвес, даунхил, downhill, велосипед с задним амортизатором, велосипеды, продажа, севастополь, велокс, velox, Cube TWO 15 SL (2013)', 'Cube TWO 15 SL (2013)', 'двухподвес, подвес, даунхил, downhill, велосипед с задним амортизатором, велосипеды, продажа, севастополь, велокс, velox, Cube TWO 15 SL (2013)'),
(695, 2195, 'ru', 'Cube 260 WLS (2013)', 'Красивый комфортный горный велосипед для девушек. Идеальная навеска, дизайн в фирменом стиле Cube.', '<p>\r\n	Красивый комфортный горный велосипед для девушек. Идеальная навеска, дизайн в фирменом стиле Cube.</p>', 'Хардтейлы, горный велосипед, велосипеды, женские велосипеды, продажа, севастополь, велокс, velox, Cube 260 WLS (2013)', 'Cube 260 WLS (2013)', 'Хардтейлы, горный велосипед, велосипеды, женские велосипеды, продажа, севастополь, велокс, velox, Cube 260 WLS (2013)'),
(855, 2040, 'ru', 'Quando Disk', 'Втулка  Quando Disk 2 прома -32H KT-SR6R (Зад)  Дисковая ЧЕРНАЯ', '<p>\r\n	<span style="color: rgb(85, 85, 85); font-family: Arial, Helvetica, sans-serif; line-height: 18px;">Ось: 145 мм.&nbsp;</span><br style="color: rgb(85, 85, 85); font-family: Arial, Helvetica, sans-serif; line-height: 18px;" />\r\n	<span style="color: rgb(85, 85, 85); font-family: Arial, Helvetica, sans-serif; line-height: 18px;">Под кассету. 32 отверстия.&nbsp;</span><br style="color: rgb(85, 85, 85); font-family: Arial, Helvetica, sans-serif; line-height: 18px;" />\r\n	<span style="color: rgb(85, 85, 85); font-family: Arial, Helvetica, sans-serif; line-height: 18px;">Размеры оси &Oslash;10 * 135 * 145mm.&nbsp;</span><br style="color: rgb(85, 85, 85); font-family: Arial, Helvetica, sans-serif; line-height: 18px;" />\r\n	<span style="color: rgb(85, 85, 85); font-family: Arial, Helvetica, sans-serif; line-height: 18px;">Материал оси Al7075. 6-ти болтовое крепление ротора.&nbsp;</span><br style="color: rgb(85, 85, 85); font-family: Arial, Helvetica, sans-serif; line-height: 18px;" />\r\n	<span style="color: rgb(85, 85, 85); font-family: Arial, Helvetica, sans-serif; line-height: 18px;">2 закрытых пром подшипника.&nbsp;</span><br style="color: rgb(85, 85, 85); font-family: Arial, Helvetica, sans-serif; line-height: 18px;" />\r\n	<span style="color: rgb(85, 85, 85); font-family: Arial, Helvetica, sans-serif; line-height: 18px;">Freehub шлицованого типа с двумя храповиками.&nbsp;</span><br style="color: rgb(85, 85, 85); font-family: Arial, Helvetica, sans-serif; line-height: 18px;" />\r\n	<span style="color: rgb(85, 85, 85); font-family: Arial, Helvetica, sans-serif; line-height: 18px;">Хромолевая ось эксцентрика.</span></p>', 'Втулка  Quando Disk 2 прома -32H KT-SR6R (Зад)  Дисковая ЧЕРНАЯ', 'Втулка  Quando Disk 2 прома -32H KT-SR6R (Зад)  Дисковая ЧЕРНАЯ', 'Втулка  Quando Disk 2 прома -32H KT-SR6R (Зад)  Дисковая ЧЕРНАЯ'),
(853, 2038, 'ru', 'Quando Disk Disk 2SB', 'Втулка  Quando Disk 2SB', '<p>\r\n	&nbsp;</p>\r\n<p>\r\n	<span style="color: rgb(85, 85, 85); font-family: Arial, Helvetica, sans-serif; line-height: 18px;">Задняя втулка для All-Mountain.</span><br style="color: rgb(85, 85, 85); font-family: Arial, Helvetica, sans-serif; line-height: 18px;" />\r\n	<span style="color: rgb(85, 85, 85); font-family: Arial, Helvetica, sans-serif; line-height: 18px;">- 36 отверстий</span><br style="color: rgb(85, 85, 85); font-family: Arial, Helvetica, sans-serif; line-height: 18px;" />\r\n	<span style="color: rgb(85, 85, 85); font-family: Arial, Helvetica, sans-serif; line-height: 18px;">- Размеры оси &Oslash;10*135*145mm</span><br style="color: rgb(85, 85, 85); font-family: Arial, Helvetica, sans-serif; line-height: 18px;" />\r\n	<span style="color: rgb(85, 85, 85); font-family: Arial, Helvetica, sans-serif; line-height: 18px;">- Материал оси Al7075</span><br style="color: rgb(85, 85, 85); font-family: Arial, Helvetica, sans-serif; line-height: 18px;" />\r\n	<span style="color: rgb(85, 85, 85); font-family: Arial, Helvetica, sans-serif; line-height: 18px;">- 6-ти болтовое крепление диска</span><br style="color: rgb(85, 85, 85); font-family: Arial, Helvetica, sans-serif; line-height: 18px;" />\r\n	<span style="color: rgb(85, 85, 85); font-family: Arial, Helvetica, sans-serif; line-height: 18px;">- 2 закритих подшипника</span><br style="color: rgb(85, 85, 85); font-family: Arial, Helvetica, sans-serif; line-height: 18px;" />\r\n	<span style="color: rgb(85, 85, 85); font-family: Arial, Helvetica, sans-serif; line-height: 18px;">- Freehub шлицевого типа с тремя храповиками, Shimano CrMo 9sp</span><br style="color: rgb(85, 85, 85); font-family: Arial, Helvetica, sans-serif; line-height: 18px;" />\r\n	<span style="color: rgb(85, 85, 85); font-family: Arial, Helvetica, sans-serif; line-height: 18px;">- Вес 401г</span><br style="color: rgb(85, 85, 85); font-family: Arial, Helvetica, sans-serif; line-height: 18px;" />\r\n	<br style="color: rgb(85, 85, 85); font-family: Arial, Helvetica, sans-serif; line-height: 18px;" />\r\n	<span style="color: rgb(85, 85, 85); font-family: Arial, Helvetica, sans-serif; line-height: 18px;">Цвет : Белый</span></p>', 'Втулка Quando Disk 2SB', 'Втулка Quando Disk 2SB', 'Втулка Quando Disk 2SB'),
(854, 2039, 'ru', 'Quando  Disk Disk 2SB', 'Втулка  Quando Disk 2SB БЕЛАЯ. -36H KT-SR6F (Пер)  Дисковая БЕЛАЯ', '<p>\r\n	<strong style="color: rgb(85, 85, 85); font-family: Arial, Helvetica, sans-serif; line-height: 18px;">Отверстий для спиц:</strong><span style="color: rgb(85, 85, 85); font-family: Arial, Helvetica, sans-serif; line-height: 18px;">&nbsp; 36&nbsp;</span><br style="color: rgb(85, 85, 85); font-family: Arial, Helvetica, sans-serif; line-height: 18px;" />\r\n	<strong style="color: rgb(85, 85, 85); font-family: Arial, Helvetica, sans-serif; line-height: 18px;">Размеры оси:</strong><span style="color: rgb(85, 85, 85); font-family: Arial, Helvetica, sans-serif; line-height: 18px;">&nbsp;&Oslash;9 * 108mm</span><br style="color: rgb(85, 85, 85); font-family: Arial, Helvetica, sans-serif; line-height: 18px;" />\r\n	<strong style="color: rgb(85, 85, 85); font-family: Arial, Helvetica, sans-serif; line-height: 18px;">Материал оси:</strong><span style="color: rgb(85, 85, 85); font-family: Arial, Helvetica, sans-serif; line-height: 18px;">&nbsp;Al7075</span><br style="color: rgb(85, 85, 85); font-family: Arial, Helvetica, sans-serif; line-height: 18px;" />\r\n	<strong style="color: rgb(85, 85, 85); font-family: Arial, Helvetica, sans-serif; line-height: 18px;">Крепление ротора:</strong><span style="color: rgb(85, 85, 85); font-family: Arial, Helvetica, sans-serif; line-height: 18px;">&nbsp;6-ти болтовое</span><br style="color: rgb(85, 85, 85); font-family: Arial, Helvetica, sans-serif; line-height: 18px;" />\r\n	<span style="color: rgb(85, 85, 85); font-family: Arial, Helvetica, sans-serif; line-height: 18px;">2 закрытых подшипника</span><br style="color: rgb(85, 85, 85); font-family: Arial, Helvetica, sans-serif; line-height: 18px;" />\r\n	<strong style="color: rgb(85, 85, 85); font-family: Arial, Helvetica, sans-serif; line-height: 18px;">Крепление:&nbsp;</strong><span style="color: rgb(85, 85, 85); font-family: Arial, Helvetica, sans-serif; line-height: 18px;">эксцентрик</span><br style="color: rgb(85, 85, 85); font-family: Arial, Helvetica, sans-serif; line-height: 18px;" />\r\n	<strong style="color: rgb(85, 85, 85); font-family: Arial, Helvetica, sans-serif; line-height: 18px;">Вес:</strong><span style="color: rgb(85, 85, 85); font-family: Arial, Helvetica, sans-serif; line-height: 18px;">&nbsp;217г</span><br style="color: rgb(85, 85, 85); font-family: Arial, Helvetica, sans-serif; line-height: 18px;" />\r\n	<strong style="color: rgb(85, 85, 85); font-family: Arial, Helvetica, sans-serif; line-height: 18px;">Цвет:</strong><span style="color: rgb(85, 85, 85); font-family: Arial, Helvetica, sans-serif; line-height: 18px;">&nbsp;белый</span></p>', 'Втулка  Quando Disk 2SB БЕЛАЯ. -36H KT-SR6F (Пер)  Дисковая БЕЛАЯ', 'Втулка  Quando Disk 2SB БЕЛАЯ. -36H KT-SR6F (Пер)  Дисковая БЕЛАЯ', 'Втулка  Quando Disk 2SB БЕЛАЯ. -36H KT-SR6F (Пер)  Дисковая БЕЛАЯ'),
(905, 2219, 'ru', 'Lizard Skins', 'Защита рулевой Lizard Skins', '<p>\r\n	<span style="font-family: Arial; font-size: 13px;">Неопреновый пыльник на рулевую колонку защищает от попадания влаги и загрязнения подшипников. Незаменимая вещь для любого велосипеда. Такой пыльник увеличит срок службы рулевой колонки и предотвратит её преждевременный износ.</span></p>', 'Защита рулевой Lizard Skins', 'Защита рулевой Lizard Skins', 'Защита рулевой Lizard Skins'),
(790, 2042, 'ru', 'Quando Disk-20мм KT-TW2F', 'Втулка  QuandoDisk-20мм KT-TW2F 32H', '<p>\r\n	<span style="font-family: Arial, Helvetica, sans-serif;">- 32 отверстий</span><br style="font-family: Arial, Helvetica, sans-serif;" />\r\n	<span style="font-family: Arial, Helvetica, sans-serif;">- Ось &Oslash;20*110mm</span><br style="font-family: Arial, Helvetica, sans-serif;" />\r\n	<span style="font-family: Arial, Helvetica, sans-serif;">- Материал оси Al7075</span><br style="font-family: Arial, Helvetica, sans-serif;" />\r\n	<span style="font-family: Arial, Helvetica, sans-serif;">- 6-ти болтовое крепление диска</span><br style="font-family: Arial, Helvetica, sans-serif;" />\r\n	<span style="font-family: Arial, Helvetica, sans-serif;">- 2 закритих подшипника</span><br style="font-family: Arial, Helvetica, sans-serif;" />\r\n	<span style="font-family: Arial, Helvetica, sans-serif;">- Вес 210г</span></p>', 'Втулка  Quando Disk-20мм KT-TW2F 32H', 'Втулка  QuandoDisk-20мм KT-TW2F 32H', 'Втулка Quando Disk-20мм KT-TW2F 32H'),
(784, 2156, 'ru', 'QUANDO BMX  Драйвер 4SB KT-M9R (9Т)', 'Втулка QUANDO BMX  Драйвер 4SB KT-M9R 36H(9Т) 14мм', '<p>\r\n	&nbsp;BMX &nbsp;Драйвер 4SB KT-M9R</p>\r\n<p>\r\n	Спиц:36H</p>\r\n<p>\r\n	Звезда:(9Т)</p>\r\n<p>\r\n	Ось:14мм<br />\r\n	<br />\r\n	Цвет: Черный</p>', 'Втулка QUANDO BMX  Драйвер 4SB KT-M9R 36H(9Т) 14мм', 'Втулка QUANDO BMX  Драйвер 4SB KT-M9R 36H(9Т) 14мм', 'Втулка QUANDO BMX  Драйвер 4SB KT-M9R 36H(9Т) 14мм'),
(733, 2196, 'ru', 'Cube 260 Race (2013)', 'Красочный, качественный, надежный велосипед для вашего подрастающего ребенка, которому его детский велосипед уже маленький, а взрослый еще рано. Хотя здесь все по взрослому (технологии, дизайн, оборудование) кроме размера. Один из лучших подростковых велосипедов.\r\nРачитан для детей возрастом до 14 лет.', '<p>\r\n	Красочный, качественный, надежный велосипед для вашего подрастающего ребенка, которому его детский велосипед уже маленький, а взрослый еще рано. Хотя здесь все по взрослому (технологии, дизайн, оборудование) кроме размера. Один из лучших подростковых велосипедов.<br />\r\n	Рачитан для детей возрастом до 14 лет.</p>', 'Хардтейлы, горный велосипед, велосипеды, детские велосипеды, подростковые велосипеды, продажа, севастополь, велокс, velox, Cube 260 Race (2013)', 'Cube 260 Race (2013)', 'Хардтейлы, горный велосипед, велосипеды, детские велосипеды, подростковые велосипеды, продажа, севастополь, велокс, velox, Cube 260 Race (2013)'),
(734, 2197, 'ru', 'Cube Kid 240 (2013)', 'Красочный, качественный, надежный велосипед для вашего подрастающего ребенка, которому его детский велосипед уже маленький, а взрослый еще рано. Хотя здесь все по взрослому (технологии, дизайн, оборудование) кроме размера. Один из лучших подростковых велосипедов. Рассчитан для детей возрастом до 14 лет.', '<p>\r\n	Красочный, качественный, надежный велосипед для вашего подрастающего ребенка, которому его детский велосипед уже маленький, а взрослый еще рано. Хотя здесь все по взрослому (технологии, дизайн, оборудование) кроме размера. Один из лучших подростковых велосипедов. Рассчитан для детей возрастом до 14 лет.</p>', 'Хардтейлы, горный велосипед, велосипеды, детские велосипеды, подростковые велосипеды, продажа, севастополь, велокс, velox, Cube Kid 240 (2013)', 'Cube Kid 240 (2013)', 'Хардтейлы, горный велосипед, велосипеды, детские велосипеды, подростковые велосипеды, продажа, севастополь, велокс, velox, Cube Kid 240 (2013)'),
(748, 2198, 'ru', 'Cube Kid 200 (2013)', 'Детский велосипед для маленьких спортсменов на 20 дюймовых колесах, в фирменом дизайне Cube. Идеально подойдет для детей в возрасте от 6 до 11 лет.', '<p>\r\n	Детский велосипед для маленьких спортсменов на 20 дюймовых колесах, в фирменом дизайне Cube. Идеально подойдет для детей в возрасте от 6 до 11 лет.</p>', 'Хардтейлы, горный велосипед, велосипеды, детские велосипеды, подростковые велосипеды, продажа, севастополь, велокс, velox, Cube Kid 200 (2013)', 'Cube Kid 200 (2013)', 'Хардтейлы, горный велосипед, велосипеды, детские велосипеды, подростковые велосипеды, продажа, севастополь, велокс, velox, Cube Kid 200 (2013)'),
(749, 2199, 'ru', 'Cube Kid 160 (2013)', 'Велосипед для маленьких велосипедистов. Красочный дизайн и высокое качество изготовления - основные козыри данного велосипеда. Предназначен для детей от 4 до 6 лет.', '<p>\r\n	Велосипед для маленьких велосипедистов. Красочный дизайн и высокое качество изготовления - основные козыри данного велосипеда. Предназначен для детей от 4 до 6 лет.</p>', 'Хардтейлы, горный велосипед, велосипеды, детские велосипеды, подростковые велосипеды, продажа, севастополь, велокс, velox, Cube Kid 160 (2013)', 'Cube Kid 160 (2013)', 'Хардтейлы, горный велосипед, велосипеды, детские велосипеды, подростковые велосипеды, продажа, севастополь, велокс, velox, Cube Kid 160 (2013)'),
(737, 2200, 'ru', 'Cube Access WLS Pro (2012)', 'Красивый комфортный горный велосипед для девушек. Идеальная навеска, дизайн который никого не оставит равнодушным.', '<p>\r\n	Красивый комфортный горный велосипед для девушек. Идеальная навеска, дизайн который никого не оставит равнодушным.</p>', 'Хардтейлы, горный велосипед, велосипеды, женские велосипеды, продажа, севастополь, велокс, velox, Cube Access WLS Pro (2012)', 'Cube Access WLS Pro (2012)', 'Хардтейлы, горный велосипед, велосипеды, женские велосипеды, продажа, севастополь, велокс, velox, Cube Access WLS Pro (2012)'),
(738, 2201, 'ru', 'Cube Acid (2012)', 'Горный хардтейл для любителей активного образа жизни. Высококачественная воздушная вилка от знаменитых RockShox будет работать под райдером с любым весом, в виду того что имеет очень большой диапазон настроек. С гидравлическими дисковыми тормозами можна катать под любой погоды. А трансмиссия Shimano Deore - Deore XT давно славятся своией долговечностью и точностью переключения передач.', '<p>\r\n	Горный хардтейл для любителей активного образа жизни. Высококачественная воздушная вилка от знаменитых RockShox будет работать под райдером с любым весом, в виду того что имеет очень большой диапазон настроек. С гидравлическими дисковыми тормозами можна катать под любой погоды. А трансмиссия Shimano Deore - Deore XT давно славятся своией долговечностью и точностью переключения передач.</p>', 'Хардтейлы, горный велосипед, велосипеды, продажа, севастополь, велокс, velox, Cube Acid (2012)', 'Cube Acid (2012)', 'Хардтейлы, горный велосипед, велосипеды, продажа, севастополь, велокс, velox, Cube Acid (2012)'),
(739, 2202, 'ru', 'Cube Acid (2011)', 'Горный хардтейл для любителей активного образа жизни. Высококачественная воздушная вилка от знаменитых RockShox будет работать под райдером с любым весом, в виду того что имеет очень большой диапазон настроек. С гидравлическими дисковыми тормозами можна катать под любой погоды. А трансмиссия Shimano Deore - Deore XT давно славятся своией долговечностью и точностью переключения передач.', '<p>\r\n	Горный хардтейл для любителей активного образа жизни. Высококачественная воздушная вилка от знаменитых RockShox будет работать под райдером с любым весом, в виду того что имеет очень большой диапазон настроек. С гидравлическими дисковыми тормозами можна катать под любой погоды. А трансмиссия Shimano Deore - Deore XT давно славятся своией долговечностью и точностью переключения передач.</p>', 'Хардтейлы, горный велосипед, велосипеды, продажа, севастополь, велокс, velox, Cube Acid (2011)', 'Cube Acid (2011)', 'Хардтейлы, горный велосипед, велосипеды, продажа, севастополь, велокс, velox, Cube Acid (2011)'),
(740, 2203, 'ru', 'Cube AIM (2012)', 'Красивый и надежный горный велосипед от немецкого производителя по демократичной цене. Давно полюбившийся отечественным велолюбителям хардтейл теперь в новом облике. Предаставляем вам модель 2013 года на 26 дюймовых колесах, с оборудованием для продвинутых любителей.', '<p>\r\n	Красивый и надежный горный велосипед от немецкого производителя по демократичной цене. Давно полюбившийся отечественным велолюбителям хардтейл теперь в новом облике. Предаставляем вам модель 2013 года на 26 дюймовых колесах, с оборудованием для продвинутых любителей.</p>', 'Хардтейлы, горный велосипед, велосипеды, продажа, севастополь, велокс, velox, Cube Aim V-Brake white n red 2012', 'Cube AIM (2012)', 'Хардтейлы, горный велосипед, велосипеды, продажа, севастополь, велокс, velox, Cube Aim V-Brake white n red 2012'),
(741, 2204, 'ru', 'Cube Attention (2012)', 'Горный хардтейл любительского уровня. Фирменный прекрасный дизайн от именитого Cube. 30 скоростная трасмиссия Shimano Deore позволит выбрать оптимавльную нагрузку как для подготовленых райдеров, так и начинающих велолюбителей. Безопасность гарантируют надежные гидравлические тормоза. Идеально подходит для поездок как по асфальту, так и по легкому бездорожью.', '<p>\r\n	Горный хардтейл любительского уровня. Фирменный прекрасный дизайн от именитого Cube. 30 скоростная трасмиссия Shimano Deore позволит выбрать оптимавльную нагрузку как для подготовленых райдеров, так и начинающих велолюбителей. Безопасность гарантируют надежные гидравлические тормоза. Идеально подходит для поездок как по асфальту, так и по легкому бездорожью.</p>', 'Хардтейлы, горный велосипед, велосипеды, продажа, севастополь, велокс, velox, Cube Attention (2012)', NULL, 'Хардтейлы, горный велосипед, велосипеды, продажа, севастополь, велокс, velox, Cube Attention (2012)'),
(766, 2205, 'ru', 'Cube Cubie 120 Girl (2012)', 'Велосипед для самых маленьких велоценителей. Аппарат идеально подходящий для первого и безопасного знакомства с велосипедом. Педали отсутствуют. Яркий дизайн доставит вашему ребенку очень много приятных эмоций. Подходит для детей от полтора года.', '<p>\r\n	Велосипед для самых маленьких велоценителей. Аппарат идеально подходящий для первого и безопасного знакомства с велосипедом. Педали отсутствуют. Яркий дизайн доставит вашему ребенку очень много приятных эмоций. Подходит для детей от полтора года.</p>', 'беговел, велосипеды, детские велосипеды, подростковые велосипеды, продажа, севастополь, велокс, velox, Cube Cubie 120 Girl (2012)', 'Cube Cubie 120 Girl (2012)', 'беговел, велосипеды, детские велосипеды, подростковые велосипеды, продажа, севастополь, велокс, velox, Cube Cubie 120 Girl (2012)'),
(743, 2206, 'ru', 'Cube Cubie 120 Boy (2013)', 'Велосипед для самых маленьких велоценителей. Аппарат идеально подходящий для первого и безопасного знакомства с велосипедом. Педали отсутствуют. Яркий дизайн доставит вашему ребенку очень много приятных эмоций. Подходит для детей от полтора года.', '<p>\r\n	Велосипед для самых маленьких велоценителей. Аппарат идеально подходящий для первого и безопасного знакомства с велосипедом. Педали отсутствуют. Яркий дизайн доставит вашему ребенку очень много приятных эмоций. Подходит для детей от полтора года.</p>', 'беговел, велосипеды, детские велосипеды, подростковые велосипеды, продажа, севастополь, велокс, velox, Cube Cubie 120 Boy (2013)', 'Cube Cubie 120 Boy (2013)', 'беговел, велосипеды, детские велосипеды, подростковые велосипеды, продажа, севастополь, велокс, velox, Cube Cubie 120 Boy (2013)'),
(744, 2207, 'ru', 'Cube LTD (2012)', 'Отличный хардтейл, в котром используется облегченная рама с двойным баттингом и трубами переменного сечения, усиленые в местах наибольших нагрузок. Самый доступный велосипед серии LTD, характеристики и ездовые качества которого позволяют использовать его на самых разных трассах и в самых разных условиях.', '<p>\r\n	Отличный хардтейл, в котром используется облегченная рама с двойным баттингом и трубами переменного сечения, усиленые в местах наибольших нагрузок. Самый доступный велосипед серии LTD, характеристики и ездовые качества которого позволяют использовать его на самых разных трассах и в самых разных условиях.</p>', 'Хардтейлы, горный велосипед, велосипеды, продажа, севастополь, велокс, velox, Cube LTD (2012)', 'Cube LTD (2012)', 'Хардтейлы, горный велосипед, велосипеды, продажа, севастополь, велокс, velox, Cube LTD (2012)'),
(745, 2208, 'ru', 'Cube Team Kid 160 (2012)', 'Велосипед для маленьких велосипедистов. Красочный дизайн и высокое качество изготовления - основные козыри данного велосипеда. Предназначен для детей от 4 до 6 лет.', '<p>\r\n	Велосипед для маленьких велосипедистов. Красочный дизайн и высокое качество изготовления - основные козыри данного велосипеда. Предназначен для детей от 4 до 6 лет.</p>', 'Хардтейлы, горный велосипед, велосипеды, детские велосипеды, подростковые велосипеды, продажа, севастополь, велокс, velox, Cube Team Kid 160 (2012)', 'Cube Team Kid 160 (2012)', 'Хардтейлы, горный велосипед, велосипеды, детские велосипеды, подростковые велосипеды, продажа, севастополь, велокс, velox, Cube Team Kid 160 (2012)'),
(746, 2209, 'ru', 'Cube Team kid 240 (2011)', 'Красочный, качественный, надежный велосипед для вашего подрастающего ребенка, которому его детский велосипед уже маленький, а взрослый еще рано. Хотя здесь все по взрослому (технологии, дизайн, оборудование) кроме размера. Один из лучших подростковых велосипедов. Рассчитан для детей возрастом до 14 лет.', '<p>\r\n	Красочный, качественный, надежный велосипед для вашего подрастающего ребенка, которому его детский велосипед уже маленький, а взрослый еще рано. Хотя здесь все по взрослому (технологии, дизайн, оборудование) кроме размера. Один из лучших подростковых велосипедов. Рассчитан для детей возрастом до 14 лет.</p>', 'Хардтейлы, горный велосипед, велосипеды, детские велосипеды, подростковые велосипеды, продажа, севастополь, велокс, velox, Cube Team kid 240 (2011)', 'Cube Team kid 240 (2011)', 'Хардтейлы, горный велосипед, велосипеды, детские велосипеды, подростковые велосипеды, продажа, севастополь, велокс, velox, Cube Team kid 240 (2011)'),
(747, 2210, 'ru', 'Cube XMS (2012)', 'Двухподвес для кросс-кантри, идеально подходящий для всех видов данной дисцыплины. Благодаря вилке с большим ходом и заднему амортизатору - гасит практически всю вибрацию на трасах с плохим покрытием и пересеченной местности.', '<p>\r\n	Двухподвес для кросс-кантри, идеально подходящий для всех видов данной дисцыплины. Благодаря вилке с большим ходом и заднему амортизатору - гасит практически всю вибрацию на трасах с плохим покрытием и пересеченной местности.</p>', 'двухподвес, подвес, велосипед с задним амортизатором, велосипеды, продажа, севастополь, велокс, velox, Cube XMS (2012)', 'Cube XMS (2012)', 'двухподвес, подвес, велосипед с задним амортизатором, велосипеды, продажа, севастополь, велокс, velox, Cube XMS (2012)'),
(775, 2135, 'ru', 'SIXSIXONE VIGGGIE SHIN GUARD', 'Защита голени SIXSIXONE VIGGGIE SHIN GUARD M', '<p>\r\n	&nbsp;</p>\r\n<p style="margin: 0px; padding: 5px; font-family: Arial; font-size: 13px;">\r\n	- класическая защита голени</p>\r\n<p style="margin: 0px; padding: 5px; font-family: Arial; font-size: 13px;">\r\n	- даёт полную защиту и лёгкость благодаря прочной вставке</p>\r\n<p style="margin: 0px; padding: 5px; font-family: Arial; font-size: 13px;">\r\n	- не даст оставить шрамы на голени незамеченной педалью</p>', 'Защита голени SIXSIXONE VIGGGIE SHIN GUARD M', 'Защита голени SIXSIXONE VIGGGIE SHIN GUARD M', 'Защита голени SIXSIXONE VIGGGIE SHIN GUARD M'),
(764, 2211, 'ru', 'Kellys VIPER 2.0 (2012)', 'Стильный и очень качественный велосипед от известного словацкого производителя велосипедов и деталей Kellys. Велосипед Kellys VIPER является достойным выбором за свои деньги. Особенностью велосипедов Kellys, которая достойна отдельного упоминания, является соотношение цены и качества их рам. При высоком уровне надежности и жесткости они обладают весьма демократичной ценой, что в низком и среднем ценовом сегментах делает рамы Kellys весьма привлекательными для покупателей. Велосипеды Kellys являются достойным выбором за свои деньги.', '<p>\r\n	Стильный и очень качественный велосипед от известного словацкого производителя велосипедов и деталей Kellys. Велосипед Kellys VIPER является достойным выбором за свои деньги. Особенностью велосипедов Kellys, которая достойна отдельного упоминания, является соотношение цены и качества их рам. При высоком уровне надежности и жесткости они обладают весьма демократичной ценой, что в низком и среднем ценовом сегментах делает рамы Kellys весьма привлекательными для покупателей. Велосипеды Kellys являются достойным выбором за свои деньги.</p>', 'Хардтейлы, горный велосипед, велосипеды, продажа, севастополь, велокс, velox, Kellys VIPER 2.0 (2012)', 'Kellys VIPER 2.0 (2012)', 'Хардтейлы, горный велосипед, велосипеды, продажа, севастополь, велокс, velox, Kellys VIPER 2.0 (2012)'),
(765, 2212, 'ru', 'Kellys VIPER 3.0 (2012)', 'Стильный и очень качественный велосипед от известного словацкого производителя велосипедов и деталей Kellys. Велосипед Kellys VIPER является достойным выбором за свои деньги. Особенностью велосипедов Kellys, которая достойна отдельного упоминания, является соотношение цены и качества их рам. При высоком уровне надежности и жесткости они обладают весьма демократичной ценой, что в низком и среднем ценовом сегментах делает рамы Kellys весьма привлекательными для покупателей. Велосипеды Kellys являются достойным выбором за свои деньги.', '<p>\r\n	Стильный и очень качественный велосипед от известного словацкого производителя велосипедов и деталей Kellys. Велосипед Kellys VIPER является достойным выбором за свои деньги. Особенностью велосипедов Kellys, которая достойна отдельного упоминания, является соотношение цены и качества их рам. При высоком уровне надежности и жесткости они обладают весьма демократичной ценой, что в низком и среднем ценовом сегментах делает рамы Kellys весьма привлекательными для покупателей. Велосипеды Kellys являются достойным выбором за свои деньги.</p>', 'Хардтейлы, горный велосипед, велосипеды, продажа, севастополь, велокс, velox, Kellys VIPER 3.0 (2012)', 'Kellys VIPER 3.0 (2012)', 'Хардтейлы, горный велосипед, велосипеды, продажа, севастополь, велокс, velox, Kellys VIPER 3.0 (2012)'),
(786, 2213, 'ru', 'Kellys VIPER 20 (2013)', 'Стильный и очень качественный велосипед от известного словацкого производителя велосипедов и деталей Kellys. Велосипед Kellys VIPER является достойным выбором за свои деньги. Особенностью велосипедов Kellys, которая достойна отдельного упоминания, является соотношение цены и качества их рам. При высоком уровне надежности и жесткости они обладают весьма демократичной ценой, что в низком и среднем ценовом сегментах делает рамы Kellys весьма привлекательными для покупателей. Велосипеды Kellys являются достойным выбором за свои деньги.', '<p>\r\n	Стильный и очень качественный велосипед от известного словацкого производителя велосипедов и деталей Kellys. Велосипед Kellys VIPER является достойным выбором за свои деньги. Особенностью велосипедов Kellys, которая достойна отдельного упоминания, является соотношение цены и качества их рам. При высоком уровне надежности и жесткости они обладают весьма демократичной ценой, что в низком и среднем ценовом сегментах делает рамы Kellys весьма привлекательными для покупателей. Велосипеды Kellys являются достойным выбором за свои деньги.</p>', 'Хардтейлы, горный велосипед, велосипеды, продажа, севастополь, велокс, velox, Kellys VIPER 20', 'Kellys VIPER 20', 'Хардтейлы, горный велосипед, велосипеды, продажа, севастополь, велокс, velox, Kellys VIPER 20'),
(791, 2214, 'ru', 'Kellys VIPER 30 (2013)', 'Стильный и очень качественный велосипед от известного словацкого производителя велосипедов и деталей Kellys. Велосипед Kellys VIPER является достойным выбором за свои деньги. Особенностью велосипедов Kellys, которая достойна отдельного упоминания, является соотношение цены и качества их рам. При высоком уровне надежности и жесткости они обладают весьма демократичной ценой, что в низком и среднем ценовом сегментах делает рамы Kellys весьма привлекательными для покупателей. Велосипеды Kellys являются достойным выбором за свои деньги.', '<p>\r\n	Стильный и очень качественный велосипед от известного словацкого производителя велосипедов и деталей Kellys. Велосипед Kellys VIPER является достойным выбором за свои деньги. Особенностью велосипедов Kellys, которая достойна отдельного упоминания, является соотношение цены и качества их рам. При высоком уровне надежности и жесткости они обладают весьма демократичной ценой, что в низком и среднем ценовом сегментах делает рамы Kellys весьма привлекательными для покупателей. Велосипеды Kellys являются достойным выбором за свои деньги.</p>', 'Хардтейлы, горный велосипед, велосипеды, продажа, севастополь, велокс, velox, Kellys VIPER 30 (2013)', 'Kellys VIPER 30 (2013)', 'Хардтейлы, горный велосипед, велосипеды, продажа, севастополь, велокс, velox, Kellys VIPER 30 (2013)'),
(807, 2215, 'ru', 'Kellys VIPER 50 (2013)', 'Стильный и очень качественный велосипед от известного словацкого производителя велосипедов и деталей Kellys. Велосипед Kellys VIPER является достойным выбором за свои деньги. Особенностью велосипедов Kellys, которая достойна отдельного упоминания, является соотношение цены и качества их рам. При высоком уровне надежности и жесткости они обладают весьма демократичной ценой, что в низком и среднем ценовом сегментах делает рамы Kellys весьма привлекательными для покупателей. Велосипеды Kellys являются достойным выбором за свои деньги.', '<p>\r\n	Стильный и очень качественный велосипед от известного словацкого производителя велосипедов и деталей Kellys. Велосипед Kellys VIPER является достойным выбором за свои деньги. Особенностью велосипедов Kellys, которая достойна отдельного упоминания, является соотношение цены и качества их рам. При высоком уровне надежности и жесткости они обладают весьма демократичной ценой, что в низком и среднем ценовом сегментах делает рамы Kellys весьма привлекательными для покупателей. Велосипеды Kellys являются достойным выбором за свои деньги.</p>', 'Хардтейлы, горный велосипед, велосипеды, продажа, севастополь, велокс, velox, Kellys VIPER 50 (2013)', 'Kellys VIPER 50 (2013)', 'Хардтейлы, горный велосипед, велосипеды, продажа, севастополь, велокс, velox, Kellys VIPER 50 (2013)');
INSERT INTO `catalog_product_translation` (`product_translation_id`, `product_id`, `language_code`, `name`, `announcement`, `description`, `meta_keywords`, `page_title`, `meta_description`) VALUES
(819, 2216, 'ru', 'Kellys VIPER 60 (2013)', 'Стильный и очень качественный велосипед от известного словацкого производителя велосипедов и деталей Kellys. Велосипед Kellys VIPER является достойным выбором за свои деньги. Особенностью велосипедов Kellys, которая достойна отдельного упоминания, является соотношение цены и качества их рам. При высоком уровне надежности и жесткости они обладают весьма демократичной ценой, что в низком и среднем ценовом сегментах делает рамы Kellys весьма привлекательными для покупателей. Велосипеды Kellys являются достойным выбором за свои деньги.', '<p>\r\n	Стильный и очень качественный велосипед от известного словацкого производителя велосипедов и деталей Kellys. Велосипед Kellys VIPER является достойным выбором за свои деньги. Особенностью велосипедов Kellys, которая достойна отдельного упоминания, является соотношение цены и качества их рам. При высоком уровне надежности и жесткости они обладают весьма демократичной ценой, что в низком и среднем ценовом сегментах делает рамы Kellys весьма привлекательными для покупателей. Велосипеды Kellys являются достойным выбором за свои деньги.</p>', 'Хардтейлы, горный велосипед, велосипеды, продажа, севастополь, велокс, velox, Kellys VIPER 60 (2013)', 'Kellys VIPER 60 (2013)', 'Хардтейлы, горный велосипед, велосипеды, продажа, севастополь, велокс, velox, Kellys VIPER 60 (2013)'),
(849, 2217, 'ru', 'Kellys NEOPRENE', 'Защита на нижнее перо рамы Kellys NEOPRENE  SKS неопрен', '<p>\r\n	<span style="font-family: Arial; font-size: 13px;">Защитите свою любимую раму от ударов цепи, которые могут привести к сколам краски. В этом Вам поможет данная универсальная неопреновая защита от Kellys. Она плотно крепиться на перо рамы благодаря качественной &uml;липучке&uml;</span></p>', 'Защита на нижнее перо рамы Kellys NEOPRENE  SKS неопрен', 'Защита на нижнее перо рамы Kellys NEOPRENE  SKS неопрен', 'Защита на нижнее перо рамы Kellys NEOPRENE  SKS неопрен'),
(906, 2220, 'ru', 'Setlaz Protector', 'Защита рамы от цепи Setlaz Protector', '<p>\r\n	&nbsp;</p>\r\n<div>\r\n	&nbsp;</div>\r\n<div>\r\n	Эффективно защищает заднее перо рамы от царапин и сколов краски,</div>\r\n<div>\r\n	уменьшает шум от ударов цепи при езде по неровной дороге. Удобный и надежный</div>\r\n<div>\r\n	крепежь на липучке. Загрязненная защита легко снимается для чистки.</div>', 'Защита рамы от цепи Setlaz Protector', 'Защита рамы от цепи Setlaz Protector', 'Защита рамы от цепи Setlaz Protector'),
(907, 2221, 'ru', 'Lizard Skins Leather-Carbon', 'Защита рамы Lizard Skins Leather-Carbon', '<p>\r\n	&nbsp;</p>\r\n<div>\r\n	Материал: Carbon Эффект кожи</div>\r\n<div>\r\n	Длина: 38 мм</div>\r\n<div>\r\n	Ширина: 24 мм</div>\r\n<div>\r\n	&nbsp;</div>', 'Защита рамы Lizard Skins Leather-Carbon', 'Защита рамы Lizard Skins Leather-Carbon', 'Защита рамы Lizard Skins Leather-Carbon'),
(908, 2222, 'ru', 'Exustar BCP02 от цепи, красн', 'Защита рамы Exustar BCP02 от цепи, красн', '<p>\r\n	Защита рамы Exustar BCP02 от цепи, красн</p>', 'Защита рамы Exustar BCP02 от цепи, красн', 'Защита рамы Exustar BCP02 от цепи, красн', 'Защита рамы Exustar BCP02 от цепи, красн'),
(909, 2223, 'ru', 'Lizard Skins Jumbo', 'Защита пера Lizard Skins Jumbo', '<p>\r\n	<span style="font-family: Arial; font-size: 13px;">Разработана для алюминиевых рам. Сделана из 2мм неопрена Powertex. Предотвращает появление царапин и сколов краски на раме и уменьшает шум от цепи при езде по неровной дороге. На липучке.</span></p>', 'Защита пера Lizard Skins Jumbo', 'Защита пера Lizard Skins Jumbo', 'Защита пера Lizard Skins Jumbo'),
(910, 2224, 'ru', 'SCOTT NEOPREN REFLEX', 'защита на перо SCOTT NEOPREN REFLEX', '<p>\r\n	<span style="font-family: Arial; font-size: 13px;">Защитите свою любимую раму от ударов цепи, которые могут привести к сколам краски. В этом Вам поможет данная универсальная неопреновая защита от Kellys. Она плотно крепиться на перо рамы благодаря качественной &uml;липучке&uml;</span></p>', 'защита на перо SCOTT NEOPREN REFLEX', 'защита на перо SCOTT NEOPREN REFLEX', 'защита на перо SCOTT NEOPREN REFLEX'),
(911, 2225, 'ru', 'SKS неопрен', 'Защита на нижнее перо рамы SKS неопрен', '<p>\r\n	<span style="font-family: ''Trebuchet MS'', Verdana, Arial, sans-serif; font-size: 11px; background-color: rgb(248, 248, 249);">Классическая неопереновая защита от уважаемого немецкого разработчика высококлассных аксессуаров.</span></p>', 'Защита на нижнее перо рамы SKS неопрен', 'Защита на нижнее перо рамы SKS неопрен', 'Защита на нижнее перо рамы SKS неопрен'),
(912, 2226, 'ru', 'Trek 2012 3900 Disc', 'Отличный велосипед среднего уровня с лёгкой алюминиевой рамой. Этот велосипед отлично подойдёт для езды как по городу, так и по бездорожью: резина с мелким протектором обеспечит хороший накат; а благодаря амортизационной вилке SR Suntour XCM V3 ходом 100 мм, которая смягчает езду по пересеченной местности, и дисковым тормозам Вы будете чувствовать себя уверенно в любых условиях', '<p>\r\n	Отличный велосипед среднего уровня с лёгкой алюминиевой рамой. Этот велосипед отлично подойдёт для езды как по городу, так и по бездорожью: резина с мелким протектором обеспечит хороший накат; а благодаря амортизационной вилке SR Suntour XCM V3 ходом 100 мм, которая смягчает езду по пересеченной местности, и дисковым тормозам Вы будете чувствовать себя уверенно в любых условиях</p>', 'Хардтейлы, горный велосипед, велосипеды, продажа, севастополь, велокс, velox, TTrek 2012 3900 Disc', 'Trek 2012 3900 Disc', 'Хардтейлы, горный велосипед, велосипеды, продажа, севастополь, велокс, velox, Trek 2012 3900 Disc'),
(913, 2227, 'ru', 'Trek 2012 3500 Disc', 'Бюджетный горный велосипед оборудованный компонентами начального уровня Shimano TX35, 21-передача, алюминиевая рама Alpha White Aluminum, аморт. вилка SR Suntour M-2025, усиленные Обода Bontrager 550, тормоза Tektro 845AL. Предназначен для езды по паркам, лесополосам и улицам.', '<p>\r\n	Бюджетный горный велосипед оборудованный компонентами начального уровня Shimano TX35, 21-передача, алюминиевая рама Alpha White Aluminum, аморт. вилка SR Suntour M-2025, усиленные Обода Bontrager 550, тормоза Tektro 845AL. Предназначен для езды по паркам, лесополосам и улицам.</p>', 'Хардтейлы, горный велосипед, велосипеды, продажа, севастополь, велокс, velox, Trek 2012 3500 Disc', 'Trek 2012 3500 Disc', 'Хардтейлы, горный велосипед, велосипеды, продажа, севастополь, велокс, velox, Trek 2012 3500 Disc'),
(914, 2228, 'ru', 'Trek 2013 4500 Disc', 'Горный велосипед с оборудованием среднего класса Shimano, 27 передач, гидравлические дисковые тормоза. Этот велосипед станет незаменимым помощником в поездках по лесу, склонам холмов, бездорожью. Новая облегченная рама Trek 4000 с агрессивной геометрией и внутренней прокладкой троса переднего переключателя. Возможна установка багажника. Новые покрышки Bontrager XR2!', '<p>\r\n	Горный велосипед с оборудованием среднего класса Shimano, 27 передач, гидравлические дисковые тормоза. Этот велосипед станет незаменимым помощником в поездках по лесу, склонам холмов, бездорожью. Новая облегченная рама Trek 4000 с агрессивной геометрией и внутренней прокладкой троса переднего переключателя. Возможна установка багажника. Новые покрышки Bontrager XR2!</p>', 'Хардтейлы, горный велосипед, велосипеды, продажа, севастополь, велокс, velox, Trek 2013 4500 Disc', 'Trek 2013 4500 Disc', 'Хардтейлы, горный велосипед, велосипеды, продажа, севастополь, велокс, velox, Trek 2013 4500 Disc'),
(916, 2229, 'ru', 'Trek 2013 4700 Disc', 'Горный велосипед Trek 4700 Disc создан для катания по техничным, сложным трассам. Базируется на оборудовании Shimano высокого уровня, которое обеспечит абсолютную надежность и эффективность на трассе, а его внешность отлично демонстрирует его агрессивный характер. 30 передач! Новая облегченная рама Trek 4000 с агрессивной геометрией и внутренней прокладкой троса переднего переключателя. Возможна установка багажника. Новые покрышки Bontrager XR2!', '<p>\r\n	Горный велосипед Trek 4700 Disc создан для катания по техничным, сложным трассам. Базируется на оборудовании Shimano высокого уровня, которое обеспечит абсолютную надежность и эффективность на трассе, а его внешность отлично демонстрирует его агрессивный характер. 30 передач! Новая облегченная рама Trek 4000 с агрессивной геометрией и внутренней прокладкой троса переднего переключателя. Возможна установка багажника. Новые покрышки Bontrager XR2!</p>', 'Хардтейлы, горный велосипед, велосипеды, продажа, севастополь, велокс, velox, Trek 2013 4700 Disc', 'Trek 2013 4700 Disc', 'Хардтейлы, горный велосипед, велосипеды, продажа, севастополь, велокс, velox, Trek 2013 4700 Disc'),
(918, 2230, 'ru', 'Gary Fisher 2013 Mamba', 'Trek Mamba - горный велосипед с колесами 29" для продвинутых любителей горного велосипеда, 27 передач, гидравлические дисковые тормоза, амортизационная вилка RockShox XC32 с ходом 100 мм, двойные обода обод Bontrager AT-850, оборудование Shimano, компоненты Bontrager. Назначение велосипеда: регулярные поездки во внедорожных условиях, не агрессивного характера, кросс-кантри, трэйл. Установка багажника не предусмотрена.', '<p>\r\n	Trek Mamba - горный велосипед с колесами 29&quot; для продвинутых любителей горного велосипеда, 27 передач, гидравлические дисковые тормоза, амортизационная вилка RockShox XC32 с ходом 100 мм, двойные обода обод Bontrager AT-850, оборудование Shimano, компоненты Bontrager. Назначение велосипеда: регулярные поездки во внедорожных условиях, не агрессивного характера, кросс-кантри, трэйл. Установка багажника не предусмотрена.</p>', 'Хардтейлы, горный велосипед, велосипеды, продажа, севастополь, велокс, velox, Gary Fisher 2013 Mamba, найнер, 29', 'Gary Fisher 2013 Mamba', 'Хардтейлы, горный велосипед, велосипеды, продажа, севастополь, велокс, velox, Gary Fisher 2013 Mamba, найнер, 29'),
(919, 2231, 'ru', 'Cannondale Trail 5 Feminine (2012)', 'Велосипед Cannondale Trail 5 – превосходный женский хардтейл, который не страшит украинское бездорожье. Этот горный велосипед оснащен по последнему слову техники и во многом превосходит свои аналоги. В первую очередь, это касается веса конструкции. Как и положено горному байку, велосипед Cannondale Trail 5 оснащен массивной жесткой рамой. Ее изготавливают из алюминиевого сплава, который активно используется американским производителям и в других моделях MTB-байков. Этот материал не только легче стали, но и более прочен и коррозиеустойчив. Также при производстве рамы применена современная технология двойного баттинга, заключающаяся в том, что стенки трубок рамы делают разны толщины в зависимости от прогнозируемых нагрузок. Велосипед Cannondale Trail 5 обладает превосходными ездовыми качествами. Он комплектуется покрышками Kenda Small Block, адекватно реагирующими на любое покрытие дороги, будь-то лысый грунт или трава. Уникальный выпуклый протектор шин обеспечивает надежную сцепку с дорогой даже во время проливного дождя. Этот байк способен развивать впечатляющую скорость при езде по пересеченной местности.', '<p>\r\n	Велосипед Cannondale Trail 5 &ndash; превосходный женский хардтейл, который не страшит украинское бездорожье. Этот горный велосипед оснащен по последнему слову техники и во многом превосходит свои аналоги. В первую очередь, это касается веса конструкции. Как и положено горному байку, велосипед Cannondale Trail 5 оснащен массивной жесткой рамой. Ее изготавливают из алюминиевого сплава, который активно используется американским производителям и в других моделях MTB-байков. Этот материал не только легче стали, но и более прочен и коррозиеустойчив. Также при производстве рамы применена современная технология двойного баттинга, заключающаяся в том, что стенки трубок рамы делают разны толщины в зависимости от прогнозируемых нагрузок. Велосипед Cannondale Trail 5 обладает превосходными ездовыми качествами. Он комплектуется покрышками Kenda Small Block, адекватно реагирующими на любое покрытие дороги, будь-то лысый грунт или трава. Уникальный выпуклый протектор шин обеспечивает надежную сцепку с дорогой даже во время проливного дождя. Этот байк способен развивать впечатляющую скорость при езде по пересеченной местности.</p>', 'Хардтейлы, горный велосипед, велосипеды, женские велосипеды, продажа, севастополь, велокс, velox, Cannondale Trail 5 Feminine 2012', 'Cannondale Trail 5 Feminine 2012', 'Хардтейлы, горный велосипед, велосипеды, женские велосипеды, продажа, севастополь, велокс, velox, Cannondale Trail 5 Feminine 2012'),
(920, 2232, 'ru', 'Cannondale Trail 5 (2012)', 'Велосипед 26 Cannondale Trail 5 – это великолепная машина для любительского катания. Помимо превосходного дизайна, коим характеризуются все байки американского производителя, представленный байк обладает рядом технических характеристик, выгодно отличающих его от аналогов в среднем ценовом диапазоне. В первую очередь, речь идет о раме велосипеда 26 Cannondale Trail 5. Она изготовлена из устойчивого к коррозии алюминиевого сплава, и по своей геометрии максимально приближена к PRO-моделям. Также в ее производстве применена современная технология двойного баттинга, заключающаяся в неоднородности толщины стенок рамы. Таким образом, она становится более легкой не в ущерб прочности и долговечности конструкции. Езда на велосипеде 26 Cannondale Trail 5 доставляет райдеру лишь удовольствие. Запатентованная технология гашения вибраций S.A.V.E. не успеет себя проявить на первых километрах трассы, но при длительной поездке вы обязательно прочувствуете ее преимущества. В совокупности с использованием удобного эргономичного седла и амортизационной вилки с ходом в 100 мм, система S.A.V.E. делает катание на байке максимально комфортным, а все неровности дороги не отдаются в тело райдера.', '<p>\r\n	Велосипед 26 Cannondale Trail 5 &ndash; это великолепная машина для любительского катания. Помимо превосходного дизайна, коим характеризуются все байки американского производителя, представленный байк обладает рядом технических характеристик, выгодно отличающих его от аналогов в среднем ценовом диапазоне. В первую очередь, речь идет о раме велосипеда 26 Cannondale Trail 5. Она изготовлена из устойчивого к коррозии алюминиевого сплава, и по своей геометрии максимально приближена к PRO-моделям. Также в ее производстве применена современная технология двойного баттинга, заключающаяся в неоднородности толщины стенок рамы. Таким образом, она становится более легкой не в ущерб прочности и долговечности конструкции. Езда на велосипеде 26 Cannondale Trail 5 доставляет райдеру лишь удовольствие. Запатентованная технология гашения вибраций S.A.V.E. не успеет себя проявить на первых километрах трассы, но при длительной поездке вы обязательно прочувствуете ее преимущества. В совокупности с использованием удобного эргономичного седла и амортизационной вилки с ходом в 100 мм, система S.A.V.E. делает катание на байке максимально комфортным, а все неровности дороги не отдаются в тело райдера.</p>', 'Хардтейлы, горный велосипед, велосипеды, продажа, севастополь, велокс, velox, Cannondale Trail 5 (2012)', 'Cannondale Trail 5 (2012)', 'Хардтейлы, горный велосипед, велосипеды, продажа, севастополь, велокс, velox, Cannondale Trail 5 (2012)'),
(921, 2233, 'ru', 'Cannondale Trail 6 (2012)', 'Велосипед 26 Cannondale Trail 6 создан специально для быстрой езды по пересеченной местности. Он оснащен 24 скоростями, позволяющими искусно варьировать нагрузкой на мышцы в зависимости от рельефа трассы. Как известно, в горном экстриме важную роль играет небольшой вес байка. И велосипед 26 Cannondale Trail 6 сполна отвечает этому требованию. Несмотря на визуальную массивность, рама хардтейла очень легка. Это достижимо благодаря использованию высококлассного алюминиевого сплава. Кроме того, все излишества в толщине трубок сняты при помощи технологии двойного баттинга, т.е. в наиболее уязвимых местах рамы толщина ее стенок оставлена неизменной, в то время как в остальных сегментах она уменьшена. При этом никоим образом не ухудшаются прочностные характеристики конструкции, ну а устойчивость алюминия к воздействию коррозии делает раму еще и долговечной. Также велосипед 26 Cannondale Trail 6 оснащен безотказной трансмиссией и надежными дисковыми гидравлическими тормозами Cannondale Helix 6. Потому байк очень практичен, и ведет себя уверенно даже при езде по разбитому бездорожью.', '<p>\r\n	Велосипед 26 Cannondale Trail 6 создан специально для быстрой езды по пересеченной местности. Он оснащен 24 скоростями, позволяющими искусно варьировать нагрузкой на мышцы в зависимости от рельефа трассы. Как известно, в горном экстриме важную роль играет небольшой вес байка. И велосипед 26 Cannondale Trail 6 сполна отвечает этому требованию. Несмотря на визуальную массивность, рама хардтейла очень легка. Это достижимо благодаря использованию высококлассного алюминиевого сплава. Кроме того, все излишества в толщине трубок сняты при помощи технологии двойного баттинга, т.е. в наиболее уязвимых местах рамы толщина ее стенок оставлена неизменной, в то время как в остальных сегментах она уменьшена. При этом никоим образом не ухудшаются прочностные характеристики конструкции, ну а устойчивость алюминия к воздействию коррозии делает раму еще и долговечной. Также велосипед 26 Cannondale Trail 6 оснащен безотказной трансмиссией и надежными дисковыми гидравлическими тормозами Cannondale Helix 6. Потому байк очень практичен, и ведет себя уверенно даже при езде по разбитому бездорожью.</p>', 'Хардтейлы, горный велосипед, велосипеды, женские велосипеды, продажа, севастополь, велокс, velox, Cannondale Trail 6 (2012)', 'Cannondale Trail 6 (2012)', 'Хардтейлы, горный велосипед, велосипеды, женские велосипеды, продажа, севастополь, велокс, velox, Cannondale Trail 6 (2012)'),
(922, 2234, 'ru', 'Cannondale Trail SL4 (2012)', 'Велосипед 26 Cannondale Trail SL 4 – это превосходный любительский хардтейл, по своим ходовым характеристикам максимально приближенный к профессиональному гоночному байку. Он уверенно себя ведет при скоростной езде по пересеченной местности даже в пасмурную погоду. Как и подобает горным хардтейлам, конструкция велосипеда 26 Cannondale Trail SL 4 максимально облегчена. Из легковесного алюминиевого сплава изготовлена не только рама, но и руль байка. Кроме того, этот материал устойчив к воздействию коррозии, что делает конструкцию очень долговечной. Трансмиссия велосипеда 26 Cannondale Trail SL 4 представлена деталями ведущего мирового производителя велокомпонентов – японской фирмы Shimano. Надежные гидравлические дисковые тормоза действуют безотказно, обеспечивая должный уровень безопасности при скоростной езде по рельефному бездорожью. Помимо этого, велосипед 26 Cannondale Trail SL 4 очень комфортен при катании. Тому способствует передовая технология гашения вибраций S.A.V.E., высокотехнологичная амортизационная вилка и эргономичное седло.', '<p>\r\n	Велосипед 26 Cannondale Trail SL 4 &ndash; это превосходный любительский хардтейл, по своим ходовым характеристикам максимально приближенный к профессиональному гоночному байку. Он уверенно себя ведет при скоростной езде по пересеченной местности даже в пасмурную погоду. Как и подобает горным хардтейлам, конструкция велосипеда 26 Cannondale Trail SL 4 максимально облегчена. Из легковесного алюминиевого сплава изготовлена не только рама, но и руль байка. Кроме того, этот материал устойчив к воздействию коррозии, что делает конструкцию очень долговечной. Трансмиссия велосипеда 26 Cannondale Trail SL 4 представлена деталями ведущего мирового производителя велокомпонентов &ndash; японской фирмы Shimano. Надежные гидравлические дисковые тормоза действуют безотказно, обеспечивая должный уровень безопасности при скоростной езде по рельефному бездорожью. Помимо этого, велосипед 26 Cannondale Trail SL 4 очень комфортен при катании. Тому способствует передовая технология гашения вибраций S.A.V.E., высокотехнологичная амортизационная вилка и эргономичное седло.</p>', 'Хардтейлы, горный велосипед, велосипеды, продажа, севастополь, велокс, velox, Cannondale Trail SL4 (2012)', NULL, 'Хардтейлы, горный велосипед, велосипеды, продажа, севастополь, велокс, velox, Cannondale Trail SL4 (2012)'),
(923, 2235, 'ru', 'Cannondale Trail SL3 (2012)', 'Высококлассный велосипед 26 Cannondale Trail SL 3 придется по душе как любителям, так и профессиональным спортсменам. Этот легкий и маневренный хардтейл по своим ходовым характеристикам максимально приближен к настоящим гоночным байкам, используемым PRO-командами в велоспорте. Как и другие модели серии Trail SL, представленный велосипед базируется на алюминиевой раме Optimized. Благодаря технологии баттинга толщина ее стенок сделана неоднородной, а наиболее уязвимые сегменты конструкции дополнительно укреплены. Велосипед 26 Cannondale Trail SL 3 оснащен накатистыми покрышками Shwalbe Rapid Rob. Благодаря уникальному протектору они отлично цепляются за любые виды покрытий даже в пасмурную погоду. И хотя велосипед 26 Cannondale Trail SL 3 предназначен, в первую очередь, для скоростной езды по бездорожью, американский производитель уделил немало внимания и удобству при катании. В частности, представленный хардтейл оснащен запатентованной технологией гашения вибраций S.A.V.E., эргономичным седлом и амортизационной вилкой с ходом в 100 мм, которые в совокупности обеспечивают должный уровень комфорта при езде по пересеченной местности.', '<p>\r\n	Высококлассный велосипед 26 Cannondale Trail SL 3 придется по душе как любителям, так и профессиональным спортсменам. Этот легкий и маневренный хардтейл по своим ходовым характеристикам максимально приближен к настоящим гоночным байкам, используемым PRO-командами в велоспорте. Как и другие модели серии Trail SL, представленный велосипед базируется на алюминиевой раме Optimized. Благодаря технологии баттинга толщина ее стенок сделана неоднородной, а наиболее уязвимые сегменты конструкции дополнительно укреплены. Велосипед 26 Cannondale Trail SL 3 оснащен накатистыми покрышками Shwalbe Rapid Rob. Благодаря уникальному протектору они отлично цепляются за любые виды покрытий даже в пасмурную погоду. И хотя велосипед 26 Cannondale Trail SL 3 предназначен, в первую очередь, для скоростной езды по бездорожью, американский производитель уделил немало внимания и удобству при катании. В частности, представленный хардтейл оснащен запатентованной технологией гашения вибраций S.A.V.E., эргономичным седлом и амортизационной вилкой с ходом в 100 мм, которые в совокупности обеспечивают должный уровень комфорта при езде по пересеченной местности.</p>', 'Хардтейлы, горный велосипед, велосипеды, продажа, севастополь, велокс, velox, Cannondale Trail SL3 (2012)', 'Cannondale Trail SL3 (2012)', 'Хардтейлы, горный велосипед, велосипеды, продажа, севастополь, велокс, velox, Cannondale Trail SL3 (2012)'),
(924, 2236, 'ru', 'Cannondale Trail SL 1(2012)', 'Отличный любительский хардтейл для кросс-кантри на легклй алюминиевой раме в изготовлении которой применялась технология батирования, с высококлассным оборудованием и изысканным дизайном.', '<p>\r\n	Отличный любительский хардтейл для кросс-кантри на легклй алюминиевой раме в изготовлении которой применялась технология батирования, с высококлассным оборудованием и изысканным дизайном.</p>', 'Хардтейлы, горный велосипед, велосипеды, продажа, севастополь, велокс, velox, Cannondale Trail SL 1(2012)', 'Cannondale Trail SL 1(2012)', 'Хардтейлы, горный велосипед, велосипеды, продажа, севастополь, велокс, velox, Cannondale Trail SL 1(2012)'),
(925, 2237, 'ru', 'Cannondale Trail 6 Feminine (2012)', 'В производстве женских велосипедов американский производитель Cannondale придерживается неизменных принципов – байки должны быть стильными и комфортными. Ну и, конечно же, отлично технически подкованными, что само собой разумеется. И представленный велосипед 26 Cannondale Trail 6 Feminine – отнюдь не исключение из этих правил, а яркое тому подтверждение.\r\n\r\nСтиль. Лишь мельком взглянув на этот байк, можно с уверенностью сказать – это истинно женский хардтейл. Американские дизайнеры отлично потрудились, создав приятный на вид байк без излишней пестроты и мужской строгости.\r\n\r\nКомфорт. Велосипед 26 Cannondale Trail 6 Feminine оснащен запатентованной системой гашения вибраций S.A.V.E., нивелирующей ударные нагрузки при езде по пересеченной местности. Дополнительному комфорту при катании способствует высококлассная амортизационная вилка и удобное эргономичное седло, созданное с учетом особенностей женского тела.\r\n\r\nТехническая начинка. Легковесная алюминиевая рама, надежные дисковые тормоза, безотказная трансмиссия – именно то, что присуще велосипеду 26 Cannondale Trail 6 Feminine. Этот байк невероятно практичен и прослужит своей наезднице очень долго.', '<p>\r\n	В производстве женских велосипедов американский производитель Cannondale придерживается неизменных принципов &ndash; байки должны быть стильными и комфортными. Ну и, конечно же, отлично технически подкованными, что само собой разумеется. И представленный велосипед 26 Cannondale Trail 6 Feminine &ndash; отнюдь не исключение из этих правил, а яркое тому подтверждение.</p>\r\n<p>\r\n	<strong>Стиль.</strong> Лишь мельком взглянув на этот байк, можно с уверенностью сказать &ndash; это истинно женский хардтейл. Американские дизайнеры отлично потрудились, создав приятный на вид байк без излишней пестроты и мужской строгости.</p>\r\n<p>\r\n	<strong>Комфорт.</strong> Велосипед 26 Cannondale Trail 6 Feminine оснащен запатентованной системой гашения вибраций S.A.V.E., нивелирующей ударные нагрузки при езде по пересеченной местности. Дополнительному комфорту при катании способствует высококлассная амортизационная вилка и удобное эргономичное седло, созданное с учетом особенностей женского тела.</p>\r\n<p>\r\n	<strong>Техническая начинка. </strong>Легковесная алюминиевая рама, надежные дисковые тормоза, безотказная трансмиссия &ndash; именно то, что присуще велосипеду 26 Cannondale Trail 6 Feminine. Этот байк невероятно практичен и прослужит своей наезднице очень долго.</p>', 'Хардтейлы, горный велосипед, велосипеды, продажа, севастополь, велокс, velox, Cannondale Trail 6 Feminine (2012)', 'Cannondale Trail 6 Feminine (2012)', 'Хардтейлы, горный велосипед, велосипеды, продажа, севастополь, велокс, velox, Cannondale Trail 6 Feminine (2012)'),
(926, 2238, 'ru', 'Cannondale Trail 5 (2011)', 'Велосипед 26 Cannondale Trail 5 – это великолепная машина для любительского катания. Помимо превосходного дизайна, коим характеризуются все байки американского производителя, представленный байк обладает рядом технических характеристик, выгодно отличающих его от аналогов в среднем ценовом диапазоне. В первую очередь, речь идет о раме велосипеда 26 Cannondale Trail 5. Она изготовлена из устойчивого к коррозии алюминиевого сплава, и по своей геометрии максимально приближена к PRO-моделям. Также в ее производстве применена современная технология двойного баттинга, заключающаяся в неоднородности толщины стенок рамы. Таким образом, она становится более легкой не в ущерб прочности и долговечности конструкции. Езда на велосипеде 26 Cannondale Trail 5 доставляет райдеру лишь удовольствие. Запатентованная технология гашения вибраций S.A.V.E. не успеет себя проявить на первых километрах трассы, но при длительной поездке вы обязательно прочувствуете ее преимущества. В совокупности с использованием удобного эргономичного седла и амортизационной вилки с ходом в 100 мм, система S.A.V.E. делает катание на байке максимально комфортным, а все неровности дороги не отдаются в тело райдера.', '<p>\r\n	Велосипед 26 Cannondale Trail 5 &ndash; это великолепная машина для любительского катания. Помимо превосходного дизайна, коим характеризуются все байки американского производителя, представленный байк обладает рядом технических характеристик, выгодно отличающих его от аналогов в среднем ценовом диапазоне. В первую очередь, речь идет о раме велосипеда 26 Cannondale Trail 5. Она изготовлена из устойчивого к коррозии алюминиевого сплава, и по своей геометрии максимально приближена к PRO-моделям. Также в ее производстве применена современная технология двойного баттинга, заключающаяся в неоднородности толщины стенок рамы. Таким образом, она становится более легкой не в ущерб прочности и долговечности конструкции. Езда на велосипеде 26 Cannondale Trail 5 доставляет райдеру лишь удовольствие. Запатентованная технология гашения вибраций S.A.V.E. не успеет себя проявить на первых километрах трассы, но при длительной поездке вы обязательно прочувствуете ее преимущества. В совокупности с использованием удобного эргономичного седла и амортизационной вилки с ходом в 100 мм, система S.A.V.E. делает катание на байке максимально комфортным, а все неровности дороги не отдаются в тело райдера.</p>', 'Хардтейлы, горный велосипед, велосипеды, продажа, севастополь, велокс, velox, Cannondale Trail 5 (2011)', 'Cannondale Trail 5 (2011)', 'Хардтейлы, горный велосипед, велосипеды, продажа, севастополь, велокс, velox,Cannondale Trail 5 (2011)');
INSERT INTO `catalog_product_translation` (`product_translation_id`, `product_id`, `language_code`, `name`, `announcement`, `description`, `meta_keywords`, `page_title`, `meta_description`) VALUES
(928, 2239, 'ru', 'Cannondale Trail SL4 (2011)', 'Велосипед Cannondale Trail SL 4 – изумительный хардтейл, предназначенный для езды по бездорожью. Облегченная конструкция и высокотехнологичные детали делают его превосходным помощником, как при скоростной езде, так и размеренных прогулках по пересеченной местности. Этот байк сконструирован по новейшей технологии гашения вибраций S.A.V.E. В совокупности с удобным эргономичным седлом на стальных рельсах и отменной амортизационной вилкой RST First Coil с ходом в 100 мм, они делают катание на велосипеде комфортным и приятным. Даже после долгой езды вы не будет чувствовать себя «разбитым». Велосипед Cannondale Trail SL 4 оснащен прочной облегченной алюминиевой рамой Trail SL. Обода, как и подобает горному байку, укреплены двумя контурами. Все узлы этого хардтейла прочны и долговечны даже при эксплуатации в экстремальных условиях. Велосипед Cannondale Trail SL 4 характеризуется великолепными ездовыми качествами. Этот байк укомплектован стильными и практичными покрышками Hutchinson Iguana, предназначенными для езды по гравию, «сыпухе» и грунту. Мягкий, но крепкий компауд надежно держит колею даже при пасмурной погоде. Уникальный протектор шин способствует отличному накату хардтейла.', '<p>\r\n	Велосипед Cannondale Trail SL 4 &ndash; изумительный хардтейл, предназначенный для езды по бездорожью. Облегченная конструкция и высокотехнологичные детали делают его превосходным помощником, как при скоростной езде, так и размеренных прогулках по пересеченной местности. Этот байк сконструирован по новейшей технологии гашения вибраций S.A.V.E. В совокупности с удобным эргономичным седлом на стальных рельсах и отменной амортизационной вилкой RST First Coil с ходом в 100 мм, они делают катание на велосипеде комфортным и приятным. Даже после долгой езды вы не будет чувствовать себя &laquo;разбитым&raquo;. Велосипед Cannondale Trail SL 4 оснащен прочной облегченной алюминиевой рамой Trail SL. Обода, как и подобает горному байку, укреплены двумя контурами. Все узлы этого хардтейла прочны и долговечны даже при эксплуатации в экстремальных условиях. Велосипед Cannondale Trail SL 4 характеризуется великолепными ездовыми качествами. Этот байк укомплектован стильными и практичными покрышками Hutchinson Iguana, предназначенными для езды по гравию, &laquo;сыпухе&raquo; и грунту. Мягкий, но крепкий компауд надежно держит колею даже при пасмурной погоде. Уникальный протектор шин способствует отличному накату хардтейла.</p>', 'Хардтейлы, горный велосипед, велосипеды, продажа, севастополь, велокс, velox, Cannondale Trail SL 4 (2011)', 'Cannondale Trail SL 4 (2011)', 'Хардтейлы, горный велосипед, велосипеды, продажа, севастополь, велокс, velox, Cannondale Trail SL 4 (2011)'),
(929, 2240, 'ru', 'Pride Alice (2012)', 'Велосипед PRIDE ALICE полностью отвечает своему названию, намекая на произведение «Алиса в стране чудес». С ним ваша маленькая принцесса окунется в сказочный мир незабываемых велопрогулок с яркими позитивными впечатлениями. Учитывая, что велосипед предназначен для самых маленьких девочек, он сконструирован в соответствии с двумя принципами – легкость и красота. Как известно, уже в этом возрасте девочки избирательны к выбору своих вещей, потому производитель позаботился об отменном внешнем виде изделия. Украшенный изумительными наклейками, велосипед PRIDE ALICE смотрится очень ярко и мило. Поверьте, он придется по душе вашей принцессе. Конструкция велосипеда максимально облегчена благодаря использованию легковесного алюминиевого сплава в изготовлении рамы. Кроме того, велосипед очень комфортен при катании. Рама сконструирована в соответствии с особенностями строения девичьего тела, потому ребенок может кататься на байке даже в юбке. Велосипед PRIDE ALICE оборудован удобным эргономичным сиденьем. Крылья надежно оберегают ребенка от грязи и воды, летящей из-под колес в пасмурную погоду. Широкая пластина, защищающая цепь, оберегает ноги велосипедистки от загрязнений технической смазкой. А ее, как знают многие родители, очень сложно отстирать.', '<p>\r\n	Велосипед PRIDE ALICE полностью отвечает своему названию, намекая на произведение &laquo;Алиса в стране чудес&raquo;. С ним ваша маленькая принцесса окунется в сказочный мир незабываемых велопрогулок с яркими позитивными впечатлениями. Учитывая, что велосипед предназначен для самых маленьких девочек, он сконструирован в соответствии с двумя принципами &ndash; легкость и красота. Как известно, уже в этом возрасте девочки избирательны к выбору своих вещей, потому производитель позаботился об отменном внешнем виде изделия. Украшенный изумительными наклейками, велосипед PRIDE ALICE смотрится очень ярко и мило. Поверьте, он придется по душе вашей принцессе. Конструкция велосипеда максимально облегчена благодаря использованию легковесного алюминиевого сплава в изготовлении рамы. Кроме того, велосипед очень комфортен при катании. Рама сконструирована в соответствии с особенностями строения девичьего тела, потому ребенок может кататься на байке даже в юбке. Велосипед PRIDE ALICE оборудован удобным эргономичным сиденьем. Крылья надежно оберегают ребенка от грязи и воды, летящей из-под колес в пасмурную погоду. Широкая пластина, защищающая цепь, оберегает ноги велосипедистки от загрязнений технической смазкой. А ее, как знают многие родители, очень сложно отстирать.</p>', 'велосипеды, детские велосипеды, подростковые велосипеды, продажа, севастополь, велокс, velox, Pride Alice (2012)', 'Pride Alice (2012)', 'велосипеды, детские велосипеды, подростковые велосипеды, продажа, севастополь, велокс, velox, Pride Alice (2012)'),
(931, 2241, 'ru', 'Pride Arthur (2012)', 'Велосипед PRIDE ARTHUR – это верный железный конь для юного рыцаря из Камелота. С ним ребенку открывается увлекательный мир приключений, наполненный радостью и весельем. Если хотите обрадовать своего сынишку – смело выбирайте эту модель.\r\nРама велосипеда PRIDE ARTHUR сконструирована с учетом анатомических особенностей тела мальчика. По сути, она максимально схожа с взрослыми моделями, а потому ребенку в будущем будет легче адаптироваться к подростковому, а затем и взрослому катанию. Отличительная особенность представленной рамы – она изготовлена не из стали, а из легковесного алюминиевого сплава. А потому мальчику будет легче им управлять, да и переносить.\r\nВелосипед PRIDE ARTHUR имеет стильный и агрессивный дизайн. Родители не понаслышке знают, как дети ценят красоту своих игрушек. Так вот, представленный байк будет оценен ребенком по достоинству, и он просто-напросто не захочет расставаться со своим железным конем. Качественное лакокрасочное покрытие и симпатичные графические вставки гармонично сочетаются в целостной дизайнерской задумке.', '<p>\r\n	Велосипед PRIDE ARTHUR &ndash; это верный железный конь для юного рыцаря из Камелота. С ним ребенку открывается увлекательный мир приключений, наполненный радостью и весельем. Если хотите обрадовать своего сынишку &ndash; смело выбирайте эту модель.<br />\r\n	Рама велосипеда PRIDE ARTHUR сконструирована с учетом анатомических особенностей тела мальчика. По сути, она максимально схожа с взрослыми моделями, а потому ребенку в будущем будет легче адаптироваться к подростковому, а затем и взрослому катанию. Отличительная особенность представленной рамы &ndash; она изготовлена не из стали, а из легковесного алюминиевого сплава. А потому мальчику будет легче им управлять, да и переносить.<br />\r\n	Велосипед PRIDE ARTHUR имеет стильный и агрессивный дизайн. Родители не понаслышке знают, как дети ценят красоту своих игрушек. Так вот, представленный байк будет оценен ребенком по достоинству, и он просто-напросто не захочет расставаться со своим железным конем. Качественное лакокрасочное покрытие и симпатичные графические вставки гармонично сочетаются в целостной дизайнерской задумке.</p>', 'велосипеды, детские велосипеды, подростковые велосипеды, продажа, севастополь, велокс, velox, Pride Arthur (2012)', 'Pride Arthur (2012)', 'велосипеды, детские велосипеды, подростковые велосипеды, продажа, севастополь, велокс, velox, Pride Arthur (2012)'),
(932, 2242, 'ru', 'Pride Flash (2012)', 'Предназначен для детей от 3-х до 6-ти лет. Для самых маленьких и неопытных гонщиков байк оснащен вспомогательными колесами.Они легко снимаются в случае, если юный райдер достиг уровня мастерства, позволяющего самостоятельно удерживать велосипед в равновесии. Для удобства ребенка велосипед PRIDE Flash собран на специальной раме с заниженной геометрией. Это позволяет мальчику с легкостью усаживаться в седло, а в случае спрыгивания с сиденья обезопасит мужское достоинство от удара о раму. Для безопасного городского катания велосипед PRIDE Flash повсеместно укомплектован котафотами (светоотражающими пластинами). В случае если ребенок задержался на вечерней велопрогулке, они ярко оповестят автомобилистов об юном райдере на дороге. Кроме того, велосипед PRIDE Flash оснащен брызгозащитными крыльями. Дети, как правило, с неописуемым восторгом покоряют порой глубокие лужи. Потому брызгозащита освободит родителей от частой стирки одежды.', '<p>\r\n	Предназначен для детей от 3-х до 6-ти лет. Для самых маленьких и неопытных гонщиков байк оснащен вспомогательными колесами.Они легко снимаются в случае, если юный райдер достиг уровня мастерства, позволяющего самостоятельно удерживать велосипед в равновесии. Для удобства ребенка велосипед PRIDE Flash собран на специальной раме с заниженной геометрией. Это позволяет мальчику с легкостью усаживаться в седло, а в случае спрыгивания с сиденья обезопасит мужское достоинство от удара о раму. Для безопасного городского катания велосипед PRIDE Flash повсеместно укомплектован котафотами (светоотражающими пластинами). В случае если ребенок задержался на вечерней велопрогулке, они ярко оповестят автомобилистов об юном райдере на дороге. Кроме того, велосипед PRIDE Flash оснащен брызгозащитными крыльями. Дети, как правило, с неописуемым восторгом покоряют порой глубокие лужи. Потому брызгозащита освободит родителей от частой стирки одежды.</p>', 'велосипеды, детские велосипеды, подростковые велосипеды, продажа, севастополь, велокс, velox, Pride Flash (2012)', 'Pride Flash (2012)', 'велосипеды, детские велосипеды, подростковые велосипеды, продажа, севастополь, велокс, velox, Pride Flash (2012)'),
(933, 2243, 'ru', 'Pride Kelly (2012)', 'Отличный велосипед для девочек от 3 до 5 лет, рост которых составляет от 100 до 125см. Из особенностей велосипеда стоит отметить мягкие удобные резиновые ручки и комфортное седло. Велосипед оборудован защитой цепи, которая не позволит одежде попасть в движущиеся части велосипеда. Для детей, которые только учатся ездить, велосипед оборудован опорными колесами.', '<p>\r\n	Отличный велосипед для девочек от 3 до 5 лет, рост которых составляет от 100 до 125см. Из особенностей велосипеда стоит отметить мягкие удобные резиновые ручки и комфортное седло. Велосипед оборудован защитой цепи, которая не позволит одежде попасть в движущиеся части велосипеда. Для детей, которые только учатся ездить, велосипед оборудован опорными колесами.</p>', 'велосипеды, детские велосипеды, подростковые велосипеды, продажа, севастополь, велокс, velox, Pride Kelly (2012)', 'Pride Kelly (2012)', 'велосипеды, детские велосипеды, подростковые велосипеды, продажа, севастополь, велокс, velox, Pride Kelly (2012)'),
(934, 2244, 'ru', 'Pride Jack 6 (2012)', 'Стильный и резвый – велосипед PRIDE JACK 6 обязательно придется по душе юному гонщику. На таком байке ваш ребенок будет выделяться среди других ребятишек, быстро рассекая по дворовым дорожкам и лесным тропинкам.\r\nПод стать продвинутым моделям, PRIDE JACK 6 сделан многоскоростным. Обучившись искусно пользоваться шестью передачами, ребенок отлично подготовиться к взрослому катанию. Поверьте, в будущем ему будет намного легче пересесть на более возрастную модель.\r\nВелосипед PRIDE JACK 6 оборудован надежной тормозной системой. Как понимаете, мощное торможение – это залог безопасности вашего ребенка, и этому аспекту стоит уделить как можно больше внимания при выборе детского байка.\r\nШирокие крылья и защита цепи ограждают ребенка от летящей из-под колес грязи, а потому юный гонщик останется относительно чистым даже в пасмурную погоду. Седло и руль велосипеда PRIDE JACK 6 легко и быстро регулируются по высоте. Как известно, дети стремительно растут, поэтому удобная регулировка также немаловажна. Максимальному комфорту при катании способствуют эргономичное седло и мягкие грипсы, не натирающие мозолей.', '<p>\r\n	Стильный и резвый &ndash; велосипед PRIDE JACK 6 обязательно придется по душе юному гонщику. На таком байке ваш ребенок будет выделяться среди других ребятишек, быстро рассекая по дворовым дорожкам и лесным тропинкам.<br />\r\n	Под стать продвинутым моделям, PRIDE JACK 6 сделан многоскоростным. Обучившись искусно пользоваться шестью передачами, ребенок отлично подготовиться к взрослому катанию. Поверьте, в будущем ему будет намного легче пересесть на более возрастную модель.<br />\r\n	Велосипед PRIDE JACK 6 оборудован надежной тормозной системой. Как понимаете, мощное торможение &ndash; это залог безопасности вашего ребенка, и этому аспекту стоит уделить как можно больше внимания при выборе детского байка.<br />\r\n	Широкие крылья и защита цепи ограждают ребенка от летящей из-под колес грязи, а потому юный гонщик останется относительно чистым даже в пасмурную погоду. Седло и руль велосипеда PRIDE JACK 6 легко и быстро регулируются по высоте. Как известно, дети стремительно растут, поэтому удобная регулировка также немаловажна. Максимальному комфорту при катании способствуют эргономичное седло и мягкие грипсы, не натирающие мозолей.</p>', 'велосипеды, детские велосипеды, подростковые велосипеды, продажа, севастополь, велокс, velox, Pride Jack 6 (2012)', 'Pride Jack 6 (2012)', 'велосипеды, детские велосипеды, подростковые велосипеды, продажа, севастополь, велокс, velox, Pride Jack 6 (2012)'),
(935, 2245, 'ru', 'Pride Bianca (2012)', 'Велосипед PRIDE BIANCA имеет качественное лакокрасочное покрытие, устойчивое к истиранию, а немногие наклейки спрятаны под лак, а потому не отрываются. Модель выглядит очень гармонично, буквально побуждая прокатиться на этом байке.\r\nПредставленный хардтейл создан для скоростной езды по пересеченной местности, иными словами – маунтинбайкинга. Как известно, в этой дисциплине велоспорта особо ценятся легкие и прочные байки. Именно над этими аспектами изрядно потрудились конструкторы Pride. В частности, в изготовлении рамы они использовали не тяжелый стальной сплав, а легковесный алюминий. Благодаря этому с виду массивный велосипед PRIDE BIANCA весит совсем немного. Примечательно, что при этом отнюдь не пострадали прочностные характеристики байка.', '<p>\r\n	Велосипед PRIDE BIANCA имеет качественное лакокрасочное покрытие, устойчивое к истиранию, а немногие наклейки спрятаны под лак, а потому не отрываются. Модель выглядит очень гармонично, буквально побуждая прокатиться на этом байке.<br />\r\n	Представленный хардтейл создан для скоростной езды по пересеченной местности, иными словами &ndash; маунтинбайкинга. Как известно, в этой дисциплине велоспорта особо ценятся легкие и прочные байки. Именно над этими аспектами изрядно потрудились конструкторы Pride. В частности, в изготовлении рамы они использовали не тяжелый стальной сплав, а легковесный алюминий. Благодаря этому с виду массивный велосипед PRIDE BIANCA весит совсем немного. Примечательно, что при этом отнюдь не пострадали прочностные характеристики байка.</p>', 'Хардтейлы, горный велосипед, велосипеды, женские велосипеды, продажа, севастополь, велокс, velox, Pride Bianca (2012)', 'Pride Bianca (2012)', 'Хардтейлы, горный велосипед, велосипеды, женские велосипеды, продажа, севастополь, велокс, velox, Pride Bianca (2012)'),
(936, 2246, 'ru', 'Pride XC-26 Disc (2012)', 'Велосипед PRIDE XC-26 – хардтейл, на ДИСКОВЫХ ТОРМОЗАХ которому не страшны «ужасы» украинского бездорожья.', '<p>\r\n	Велосипед PRIDE XC-26 &ndash; хардтейл, на ДИСКОВЫХ ТОРМОЗАХ которому не страшны &laquo;ужасы&raquo; украинского бездорожья.</p>', 'Хардтейлы, горный велосипед, велосипеды, продажа, севастополь, велокс, velox, Pride XC-26 Disc (2012)', 'Pride XC-26 Disc (2012)', 'Хардтейлы, горный велосипед, велосипеды, продажа, севастополь, велокс, velox, Pride XC-26 Disc (2012)'),
(937, 2247, 'ru', 'Pride XC-26 (2012)', 'Велосипед PRIDE XC-26 – превосходный хардтейл, которому не страшны «ужасы» украинского бездорожья. Он характеризуется отменными скоростными качествами, прочностью и долговечностью компонентов. Этот байк придется по душе как новичкам, так и любителям.', '<p>\r\n	Велосипед PRIDE XC-26 &ndash; превосходный хардтейл, которому не страшны &laquo;ужасы&raquo; украинского бездорожья. Он характеризуется отменными скоростными качествами, прочностью и долговечностью компонентов. Этот байк придется по душе как новичкам, так и любителям.</p>', 'Хардтейлы, горный велосипед, велосипеды, продажа, севастополь, велокс, velox, Pride XC-26 (2012)', 'Pride XC-26 (2012)', 'Хардтейлы, горный велосипед, велосипеды, продажа, севастополь, велокс, velox, Pride XC-26 (2012)'),
(948, 2248, 'ru', 'Pride Brave (2013)', 'Велосипед PRIDE BRAVE – мечта каждого украинского подростка. Этот байк выглядит неимоверно стильно, ну а его эксплуатационным характеристикам позавидуют и многие взрослые модели. По сути, велосипед PRIDE BRAVE является уменьшенной копией стандартного MTB-байка. Причем это касается не только сходной геометрии конструкции, но и наличием амортизационной вилки и нескольких скоростей.', '<p>\r\n	Велосипед PRIDE BRAVE &ndash; мечта каждого украинского подростка. Этот байк выглядит неимоверно стильно, ну а его эксплуатационным характеристикам позавидуют и многие взрослые модели. По сути, велосипед PRIDE BRAVE является уменьшенной копией стандартного MTB-байка. Причем это касается не только сходной геометрии конструкции, но и наличием амортизационной вилки и нескольких скоростей.</p>', 'велосипеды, детские велосипеды, подростковые велосипеды, продажа, севастополь, велокс, velox, Pride Brave (2012)', 'Pride Brave (2013)', 'велосипеды, детские велосипеды, подростковые велосипеды, продажа, севастополь, велокс, velox, Pride Brave (2013)'),
(951, 2249, 'ru', 'Pride Jack (2013)', 'Велосипед PRIDE JACK – яркий и красивый друг вашего ребенка. Он предназначен для детского катания, начиная с 4-х лет. Этот байк легок в управлении и необычайно маневренный. Ваш ребенок сможет искусно им управлять как на оживленной городской улочке, так и грунтовой лесной тропинке. Велосипед PRIDE JACK оснащен прочной рамой из высоколегированной стали. Она устойчива к коррозии и долговечна. Потому велосипед может послужить не только вашему первенцу, но и другим детям. Как правило, ребенок при катании не особо выбирает дорогу - дети с радостью и неописуемым восторгом наезжают на кирпичи, прыгают с бордюров и т.д. Специально для этого обода велосипеда делают укрепленными, двойными. Велосипед PRIDE JACK оснащен надежными тормозами. Удобные тормозные ручки позволяют с легкостью и без излишней натуги останавливать байк. Безопасному вождению также способствуют светоотражающие котафоты, благодаря чему автомобилисты в вечернее время будут заранее оповещены о приближении юного велосипедиста. Байк оснащен защитой цепи. Внешний вид велосипеда PRIDE JACK великолепен. Стильные наклейки на седле и раме делают дизайн байк неповторимым.', '<p>\r\n	Велосипед PRIDE JACK &ndash; яркий и красивый друг вашего ребенка. Он предназначен для детского катания, начиная с 4-х лет. Этот байк легок в управлении и необычайно маневренный. Ваш ребенок сможет искусно им управлять как на оживленной городской улочке, так и грунтовой лесной тропинке. Велосипед PRIDE JACK оснащен прочной рамой из высоколегированной стали. Она устойчива к коррозии и долговечна. Потому велосипед может послужить не только вашему первенцу, но и другим детям. Как правило, ребенок при катании не особо выбирает дорогу - дети с радостью и неописуемым восторгом наезжают на кирпичи, прыгают с бордюров и т.д. Специально для этого обода велосипеда делают укрепленными, двойными. Велосипед PRIDE JACK оснащен надежными тормозами. Удобные тормозные ручки позволяют с легкостью и без излишней натуги останавливать байк. Безопасному вождению также способствуют светоотражающие котафоты, благодаря чему автомобилисты в вечернее время будут заранее оповещены о приближении юного велосипедиста. Байк оснащен защитой цепи. Внешний вид велосипеда PRIDE JACK великолепен. Стильные наклейки на седле и раме делают дизайн байк неповторимым.</p>', 'велосипеды, детские велосипеды, подростковые велосипеды, продажа, севастополь, велокс, velox, Pride Jack (2013)', 'Pride Jack (2013)', 'велосипеды, детские велосипеды, подростковые велосипеды, продажа, севастополь, велокс, velox, Pride Jack (2013)'),
(952, 2250, 'ru', 'Pride Lanny (2013)', 'Как и положено женским моделям, велосипед PRIDE LANNY невероятно комфортен при катании. Во время езды по бездорожью на трассе неизменно встречаются кочки, камушки и сучки. Так вот, ударные и вибрационные нагрузки при этом искусно нивелирует амортизационная вилка. Кроме того, комфортному катанию способствует использование эргономичного седла и мягких грипс.', '<p>\r\n	Как и положено женским моделям, велосипед PRIDE LANNY невероятно комфортен при катании. Во время езды по бездорожью на трассе неизменно встречаются кочки, камушки и сучки. Так вот, ударные и вибрационные нагрузки при этом искусно нивелирует амортизационная вилка. Кроме того, комфортному катанию способствует использование эргономичного седла и мягких грипс.</p>', 'велосипеды, детские велосипеды, подростковые велосипеды, продажа, севастополь, велокс, velox, Pride Lanny (2013)', 'Pride Lanny (2013)', 'велосипеды, детские велосипеды, подростковые велосипеды, продажа, севастополь, велокс, velox, Pride Lanny (2013)'),
(954, 2251, 'ru', 'Pride Pilot (2013)', 'Велосипед PRIDE PILOT – лучший подростковый хардтейл из модельного ряда производителя Pride. Он оснащен высокотехнологичными компонентами и сделан из качественных материалов. Этот велосипед неизменно понравится юному райдеру, который без ума от скоростного катания по пересеченной местности.\r\nПожалуй, главное конкурентное преимущество представленной модели – это алюминиевая рама. Благодаря применению этого материала при кажущейся массивности велосипед PRIDE PILOT получился невероятно легким. А эта характеристика, как известно, весьма важна в маунтинбайкинге – все-таки легкий байк требует от райдера меньше физических усилий при езде в горочку, да и улучшаются маневренность и управляемость.\r\nКроме того, велосипед PRIDE PILOT очень удобен при катании. Вибрационные и ударные нагрузки искусно гасит амортизационная вилка, ну а применение эргономичного седла делает долговременную езду довольно комфортной.', '<p>\r\n	Велосипед PRIDE PILOT &ndash; лучший подростковый хардтейл из модельного ряда производителя Pride. Он оснащен высокотехнологичными компонентами и сделан из качественных материалов. Этот велосипед неизменно понравится юному райдеру, который без ума от скоростного катания по пересеченной местности.<br />\r\n	Пожалуй, главное конкурентное преимущество представленной модели &ndash; это алюминиевая рама. Благодаря применению этого материала при кажущейся массивности велосипед PRIDE PILOT получился невероятно легким. А эта характеристика, как известно, весьма важна в маунтинбайкинге &ndash; все-таки легкий байк требует от райдера меньше физических усилий при езде в горочку, да и улучшаются маневренность и управляемость.<br />\r\n	Кроме того, велосипед PRIDE PILOT очень удобен при катании. Вибрационные и ударные нагрузки искусно гасит амортизационная вилка, ну а применение эргономичного седла делает долговременную езду довольно комфортной.</p>', 'велосипеды, детские велосипеды, подростковые велосипеды, продажа, севастополь, велокс, velox, Pride Pilot (2013)', 'Pride Pilot (2013)', 'велосипеды, детские велосипеды, подростковые велосипеды, продажа, севастополь, велокс, velox, Pride Pilot (2013)'),
(955, 2252, 'ru', 'Pride Sandy (2013)', 'Милый дизайн, женская геометрия, удобство в катании – вот главные характеристики этого байка. Велосипед PRIDE SANDY предназначен для девочек в возрасте от 5 до 9 лет.', '<p>\r\n	Милый дизайн, женская геометрия, удобство в катании &ndash; вот главные характеристики этого байка. Велосипед PRIDE SANDY предназначен для девочек в возрасте от 5 до 9 лет.</p>', 'велосипеды, детские велосипеды, подростковые велосипеды, продажа, севастополь, велокс, velox, Pride Sandy (2013)', 'Pride Sandy (2013)', 'велосипеды, детские велосипеды, подростковые велосипеды, продажа, севастополь, велокс, velox, Pride Sandy (2013)'),
(945, 2253, 'ru', 'Pride XC-350 (2012)', 'Хардтейл оснащен рядом высокотехнологичных компонентов, делающих его отличной моделью для MTB-катания.\r\nАлюминиевый сплав в сочетании с применением современных технологий гидроформинга и баттинга делают раму байка невероятно легкой. По сути, наиболее нагружаемые ее узлы дополнительно укреплены, ну а с наименее нагружаемых снят излишний материал. Благодаря этому при визуальной массивности рама хардтейла довольно легка.\r\nВелосипед PRIDE XC-350 – это выбор настоящих ценителей скоростного катания по пересеченной местности. Он оборудован множеством деталей PRO-класса, благодаря чему пользуется популярностью у продвинутых любителей. В частности, отметим высококлассную амортизационную вилку с локаутом и картриджную каретку.\r\nКроме того, велосипед PRIDE XC-350 имеет превосходный внешний вид. Гармоничная конструкция, качественное лакокрасочное покрытие и шлифованные сварные швы ярко выделяют его среди других байков.', '<p>\r\n	Хардтейл оснащен рядом высокотехнологичных компонентов, делающих его отличной моделью для MTB-катания.<br />\r\n	Алюминиевый сплав в сочетании с применением современных технологий гидроформинга и баттинга делают раму байка невероятно легкой. По сути, наиболее нагружаемые ее узлы дополнительно укреплены, ну а с наименее нагружаемых снят излишний материал. Благодаря этому при визуальной массивности рама хардтейла довольно легка.<br />\r\n	Велосипед PRIDE XC-350 &ndash; это выбор настоящих ценителей скоростного катания по пересеченной местности. Он оборудован множеством деталей PRO-класса, благодаря чему пользуется популярностью у продвинутых любителей. В частности, отметим высококлассную амортизационную вилку с локаутом и картриджную каретку.<br />\r\n	Кроме того, велосипед PRIDE XC-350 имеет превосходный внешний вид. Гармоничная конструкция, качественное лакокрасочное покрытие и шлифованные сварные швы ярко выделяют его среди других байков.</p>', 'Хардтейлы, горный велосипед, велосипеды, продажа, севастополь, велокс, velox, Pride XC-350 (2012)', 'Pride XC-350 (2012)', 'Хардтейлы, горный велосипед, велосипеды, продажа, севастополь, велокс, velox, Pride XC-350 (2012)'),
(946, 2254, 'ru', 'Pride XC-400 (2012)', 'Байк обладает превосходной динамикой, что делает его незаменимым при скоростной езде по пересеченной местности. Благодаря технологии полировки и баттинга дополнительно укреплены самые уязвимые части рамы – стыки. Также эта технология придется по душе ценителям велосипедной эстетики, ведь она не оставляет наплывов от сварных швов. Велосипед PRIDE XC-400 оборудован качественными дисковыми тормозами Avid BB5. Они надежны на любом виде покрытий, будь-то грунт или асфальт. Выпуклый протектор покрышек обеспечивает отличную сцепку с дорогой даже в ненастную погоду.', '<p>\r\n	Байк обладает превосходной динамикой, что делает его незаменимым при скоростной езде по пересеченной местности. Благодаря технологии полировки и баттинга дополнительно укреплены самые уязвимые части рамы &ndash; стыки. Также эта технология придется по душе ценителям велосипедной эстетики, ведь она не оставляет наплывов от сварных швов. Велосипед PRIDE XC-400 оборудован качественными дисковыми тормозами Avid BB5. Они надежны на любом виде покрытий, будь-то грунт или асфальт. Выпуклый протектор покрышек обеспечивает отличную сцепку с дорогой даже в ненастную погоду.</p>', 'Хардтейлы, горный велосипед, велосипеды, продажа, севастополь, велокс, velox, Pride XC-400 (2012)', 'Pride XC-400 (2012)', 'Хардтейлы, горный велосипед, велосипеды, продажа, севастополь, велокс, velox, Pride XC-400 (2012)');
INSERT INTO `catalog_product_translation` (`product_translation_id`, `product_id`, `language_code`, `name`, `announcement`, `description`, `meta_keywords`, `page_title`, `meta_description`) VALUES
(947, 2255, 'ru', 'Pride XC-400 29er (2012)', 'Для фактурных мужчин, да и просто поклонников найнеров украинский производитель рад представить велосипед PRIDE XC-400. Эта модель отличается от других горных байков более крупными 29-дюймовыми колесами.\r\nТак вот, велосипед PRIDE XC-400 – это невероятно резвый «железный конь», которому не страшна рельефная местность. На нем райдер сможет быстро взобраться на гору, и с тем же успехом лихо спуститься вниз. Представленный хардтейл ведет себя уверенно на больших скоростях, при этом надежные дисковые тормоза обеспечивают должный уровень безопасности.\r\nВелосипед PRIDE XC-400 оснащен укрепленными алюминиевыми ободами, ну а накатистые и цепкие покрышки отлично дополняют его колесную базу. Также из алюминия изготовлена и рама байка, которая усовершенствована применением современных технологий гидроформинга и баттинга. Кроме того, места стыковки рамы и колес (дропауты) дополнительно укреплены, что значительно увеличивает срок службы рамы.\r\nВелосипед PRIDE XC-400 во многом благодаря технологичной амортизационной вилке невероятно комфортен при катании. Также удобству при долговременной езде способствуют эргономичное седло и качественные манетки.', '<p>\r\n	Для фактурных мужчин, да и просто поклонников найнеров украинский производитель рад представить велосипед PRIDE XC-400. Эта модель отличается от других горных байков более крупными 29-дюймовыми колесами.<br />\r\n	Так вот, велосипед PRIDE XC-400 &ndash; это невероятно резвый &laquo;железный конь&raquo;, которому не страшна рельефная местность. На нем райдер сможет быстро взобраться на гору, и с тем же успехом лихо спуститься вниз. Представленный хардтейл ведет себя уверенно на больших скоростях, при этом надежные дисковые тормоза обеспечивают должный уровень безопасности.<br />\r\n	Велосипед PRIDE XC-400 оснащен укрепленными алюминиевыми ободами, ну а накатистые и цепкие покрышки отлично дополняют его колесную базу. Также из алюминия изготовлена и рама байка, которая усовершенствована применением современных технологий гидроформинга и баттинга. Кроме того, места стыковки рамы и колес (дропауты) дополнительно укреплены, что значительно увеличивает срок службы рамы.<br />\r\n	Велосипед PRIDE XC-400 во многом благодаря технологичной амортизационной вилке невероятно комфортен при катании. Также удобству при долговременной езде способствуют эргономичное седло и качественные манетки.</p>', 'Хардтейлы, горный велосипед, велосипеды, продажа, севастополь, велокс, velox, Pride XC-400 29er (2012), найнер, 29', 'Pride XC-400 29er (2012)', 'Хардтейлы, горный велосипед, велосипеды, продажа, севастополь, велокс, velox, Pride XC-400 29er (2012), найнер, 29'),
(949, 2256, 'ru', 'Pride Flash (2013)', 'Предназначен для детей от 3-х до 6-ти лет. Для самых маленьких и неопытных гонщиков байк оснащен вспомогательными колесами.Они легко снимаются в случае, если юный райдер достиг уровня мастерства, позволяющего самостоятельно удерживать велосипед в равновесии. Для удобства ребенка велосипед PRIDE Flash собран на специальной раме с заниженной геометрией. Это позволяет мальчику с легкостью усаживаться в седло, а в случае спрыгивания с сиденья обезопасит мужское достоинство от удара о раму. Для безопасного городского катания велосипед PRIDE Flash повсеместно укомплектован котафотами (светоотражающими пластинами). В случае если ребенок задержался на вечерней велопрогулке, они ярко оповестят автомобилистов об юном райдере на дороге. Кроме того, велосипед PRIDE Flash оснащен брызгозащитными крыльями. Дети, как правило, с неописуемым восторгом покоряют порой глубокие лужи. Потому брызгозащита освободит родителей от частой стирки одежды.', '<p>\r\n	Предназначен для детей от 3-х до 6-ти лет. Для самых маленьких и неопытных гонщиков байк оснащен вспомогательными колесами.Они легко снимаются в случае, если юный райдер достиг уровня мастерства, позволяющего самостоятельно удерживать велосипед в равновесии. Для удобства ребенка велосипед PRIDE Flash собран на специальной раме с заниженной геометрией. Это позволяет мальчику с легкостью усаживаться в седло, а в случае спрыгивания с сиденья обезопасит мужское достоинство от удара о раму. Для безопасного городского катания велосипед PRIDE Flash повсеместно укомплектован котафотами (светоотражающими пластинами). В случае если ребенок задержался на вечерней велопрогулке, они ярко оповестят автомобилистов об юном райдере на дороге. Кроме того, велосипед PRIDE Flash оснащен брызгозащитными крыльями. Дети, как правило, с неописуемым восторгом покоряют порой глубокие лужи. Потому брызгозащита освободит родителей от частой стирки одежды.</p>', 'велосипеды, детские велосипеды, подростковые велосипеды, продажа, севастополь, велокс, velox, Pride Flash (2013)', 'Pride Flash (2013)', 'велосипеды, детские велосипеды, подростковые велосипеды, продажа, севастополь, велокс, velox, Pride Flash (2013)'),
(956, 2257, 'ru', 'Pride Johnny 6 (2013)', 'Высококачественный детский велосипед изготовленный из фирменных компонентов будет хорошим выбором заботливых родителей, не желающих регулярно заниматься самостоятельным ремонтом и обслуживанием.', '<p>\r\n	Высококачественный детский велосипед изготовленный из фирменных компонентов будет хорошим выбором заботливых родителей, не желающих регулярно заниматься самостоятельным ремонтом и обслуживанием.</p>', 'велосипеды, детские велосипеды, подростковые велосипеды, продажа, севастополь, велокс, velox, Pride Johnny 6 (2013)', 'Pride Johnny 6 (2013)', 'велосипеды, детские велосипеды, подростковые велосипеды, продажа, севастополь, велокс, velox, Pride Johnny 6 (2013)'),
(957, 2258, 'ru', 'Pride Angel (2013)', 'Эффектный детский велосипед Pride Angel отличается радующим глаз женским дизайном. Белоснежный байк с розовой росписью просто не может не понравится маленькой моднице. Такой байк создан специально для малышек возрастом 6-8 лет. Точно выверенная геометрия прочной, и в то же время легкой алюминиевой рамы, создана для того, чтобы девочка не испытывала неудобств во время катания.', '<p>\r\n	Эффектный детский велосипед Pride Angel отличается радующим глаз женским дизайном. Белоснежный байк с розовой росписью просто не может не понравится маленькой моднице. Такой байк создан специально для малышек возрастом 6-8 лет. Точно выверенная геометрия прочной, и в то же время легкой алюминиевой рамы, создана для того, чтобы девочка не испытывала неудобств во время катания.</p>', 'велосипеды, детские велосипеды, подростковые велосипеды, продажа, севастополь, велокс, velox, Pride Angel (2013)', 'Pride Angel (2013)', 'велосипеды, детские велосипеды, подростковые велосипеды, продажа, севастополь, велокс, velox, Pride Angel (2013)'),
(958, 2259, 'ru', 'Pride Comfort (2012)', 'Велосипед PRIDE COMFORT – удобный 6-скоростной городской байк. Он идеально подходит как для размеренных велопрогулок, так и скоростного катания.', '<p>\r\n	Велосипед PRIDE COMFORT &ndash; удобный 6-скоростной городской байк. Он идеально подходит как для размеренных велопрогулок, так и скоростного катания.</p>', 'городской велосипед, комфортный велосипед, велосипеды, продажа, севастополь, велокс, velox, Pride Comfort (2012)', 'Pride Comfort (2012)', 'городской велосипед, комфортный велосипед, велосипеды, продажа, севастополь, велокс, velox, Pride Comfort (2012)'),
(968, 2260, 'en', 'wer1', 'wer1', '<p>wer1</p>', 'wer1', 'wer1', 'wer1'),
(967, 2260, 'ru', 'wer1', 'wer1', '<p>wer1</p>', 'wer1', 'wer1', 'wer1'),
(961, 2261, 'ru', 'wer2', 'wer2', '<p>wer2</p>', 'wer2', 'wer2', 'wer2'),
(962, 2261, 'en', 'wer2', 'wer2', '<p>wer2</p>', 'wer2', 'wer2', 'wer2');

-- --------------------------------------------------------

--
-- Структура таблицы `catalog_shippings`
--

DROP TABLE IF EXISTS `catalog_shippings`;
CREATE TABLE IF NOT EXISTS `catalog_shippings` (
  `shipping_id` smallint(6) NOT NULL AUTO_INCREMENT,
  `cost` decimal(10,2) NOT NULL DEFAULT '0.00',
  `status` tinyint(1) NOT NULL DEFAULT '1',
  `sort_order` smallint(6) NOT NULL,
  PRIMARY KEY (`shipping_id`)
) ENGINE=MyISAM  DEFAULT CHARSET=utf8 AUTO_INCREMENT=5 ;

--
-- Дамп данных таблицы `catalog_shippings`
--

INSERT INTO `catalog_shippings` (`shipping_id`, `cost`, `status`, `sort_order`) VALUES
(1, 0.00, 1, 1),
(2, 0.00, 1, 2),
(4, 0.00, 1, 3);

-- --------------------------------------------------------

--
-- Структура таблицы `catalog_shippings_translation`
--

DROP TABLE IF EXISTS `catalog_shippings_translation`;
CREATE TABLE IF NOT EXISTS `catalog_shippings_translation` (
  `shipping_id` int(11) NOT NULL,
  `language_code` varchar(2) NOT NULL,
  `name` varchar(255) NOT NULL
) ENGINE=MyISAM DEFAULT CHARSET=utf8;

--
-- Дамп данных таблицы `catalog_shippings_translation`
--

INSERT INTO `catalog_shippings_translation` (`shipping_id`, `language_code`, `name`) VALUES
(1, 'ru', 'Самовывоз'),
(2, 'ru', 'Новая почта'),
(4, 'ru', 'Ваш Час');

-- --------------------------------------------------------

--
-- Структура таблицы `catalog_wishlist`
--

DROP TABLE IF EXISTS `catalog_wishlist`;
CREATE TABLE IF NOT EXISTS `catalog_wishlist` (
  `user_id` int(11) NOT NULL,
  `product_id` int(11) NOT NULL,
  `date` timestamp NOT NULL DEFAULT CURRENT_TIMESTAMP ON UPDATE CURRENT_TIMESTAMP,
  PRIMARY KEY (`user_id`,`product_id`)
) ENGINE=MyISAM DEFAULT CHARSET=utf8;

--
-- Дамп данных таблицы `catalog_wishlist`
--

INSERT INTO `catalog_wishlist` (`user_id`, `product_id`, `date`) VALUES
(1, 2250, '2013-01-31 03:43:16'),
(1, 2251, '2013-01-31 03:43:16'),
(1, 2051, '2013-01-31 05:34:24');

-- --------------------------------------------------------

--
-- Структура таблицы `chat_messages`
--

DROP TABLE IF EXISTS `chat_messages`;
CREATE TABLE IF NOT EXISTS `chat_messages` (
  `message_id` int(11) NOT NULL AUTO_INCREMENT,
  `room_id` int(11) NOT NULL,
  `user_id` int(11) NOT NULL,
  `text` text NOT NULL,
  `time` int(40) NOT NULL,
  PRIMARY KEY (`message_id`)
) ENGINE=MyISAM DEFAULT CHARSET=utf8 AUTO_INCREMENT=1 ;

-- --------------------------------------------------------

--
-- Структура таблицы `chat_rooms`
--

DROP TABLE IF EXISTS `chat_rooms`;
CREATE TABLE IF NOT EXISTS `chat_rooms` (
  `room_id` int(11) NOT NULL AUTO_INCREMENT,
  `num_of_users` int(10) NOT NULL,
  `status` tinyint(4) NOT NULL,
  `sort_order` int(11) NOT NULL,
  PRIMARY KEY (`room_id`)
) ENGINE=MyISAM  DEFAULT CHARSET=utf8 AUTO_INCREMENT=2 ;

--
-- Дамп данных таблицы `chat_rooms`
--

INSERT INTO `chat_rooms` (`room_id`, `num_of_users`, `status`, `sort_order`) VALUES
(1, 0, 1, 1);

-- --------------------------------------------------------

--
-- Структура таблицы `chat_rooms_translation`
--

DROP TABLE IF EXISTS `chat_rooms_translation`;
CREATE TABLE IF NOT EXISTS `chat_rooms_translation` (
  `room_translation_id` int(11) NOT NULL AUTO_INCREMENT,
  `room_id` int(11) NOT NULL,
  `language_code` varchar(2) NOT NULL,
  `name` varchar(500) NOT NULL,
  `description` text NOT NULL,
  PRIMARY KEY (`room_translation_id`)
) ENGINE=MyISAM  DEFAULT CHARSET=utf8 AUTO_INCREMENT=3 ;

--
-- Дамп данных таблицы `chat_rooms_translation`
--

INSERT INTO `chat_rooms_translation` (`room_translation_id`, `room_id`, `language_code`, `name`, `description`) VALUES
(1, 1, 'ru', 'Чат 1', 'Описание чата 1'),
(2, 1, '2', 'Chat 1', 'Description of chat 1');

-- --------------------------------------------------------

--
-- Структура таблицы `chat_rooms_users`
--

DROP TABLE IF EXISTS `chat_rooms_users`;
CREATE TABLE IF NOT EXISTS `chat_rooms_users` (
  `user_id` varchar(100) NOT NULL,
  `room_id` varchar(100) NOT NULL,
  `mod_time` int(40) NOT NULL,
  UNIQUE KEY `user_id` (`user_id`,`room_id`)
) ENGINE=MyISAM DEFAULT CHARSET=utf8;

--
-- Дамп данных таблицы `chat_rooms_users`
--

INSERT INTO `chat_rooms_users` (`user_id`, `room_id`, `mod_time`) VALUES
('1', '1', 1346923759);

-- --------------------------------------------------------

--
-- Структура таблицы `comment`
--

DROP TABLE IF EXISTS `comment`;
CREATE TABLE IF NOT EXISTS `comment` (
  `comment_id` bigint(20) NOT NULL AUTO_INCREMENT,
  `user_id` int(10) DEFAULT '0',
  `name` varchar(228) DEFAULT NULL,
  `email` varchar(128) DEFAULT NULL,
  `type` varchar(50) DEFAULT NULL,
  `element_id` int(11) DEFAULT NULL,
  `body` text,
  `status` int(1) DEFAULT '0',
  `date_post` timestamp NULL DEFAULT CURRENT_TIMESTAMP,
  PRIMARY KEY (`comment_id`)
) ENGINE=MyISAM DEFAULT CHARSET=utf8 AUTO_INCREMENT=1 ;

-- --------------------------------------------------------

--
-- Структура таблицы `contact_setting`
--

DROP TABLE IF EXISTS `contact_setting`;
CREATE TABLE IF NOT EXISTS `contact_setting` (
  `contact_setting_id` int(11) NOT NULL AUTO_INCREMENT,
  `phone_code` varchar(255) NOT NULL,
  `phone_number` varchar(255) NOT NULL,
  `fax_code` varchar(255) NOT NULL,
  `fax_number` varchar(255) NOT NULL,
  `phone2_code` varchar(255) NOT NULL,
  `phone2_number` varchar(255) NOT NULL,
  `public_email` varchar(255) NOT NULL,
  `skype` varchar(32) NOT NULL,
  `hreef_map` varchar(512) NOT NULL,
  `map_image_full` varchar(255) DEFAULT NULL,
  `map_image_preview` varchar(255) DEFAULT NULL,
  `map_image_thumbnail` varchar(255) DEFAULT NULL,
  PRIMARY KEY (`contact_setting_id`)
) ENGINE=MyISAM  DEFAULT CHARSET=utf8 AUTO_INCREMENT=2 ;

--
-- Дамп данных таблицы `contact_setting`
--

INSERT INTO `contact_setting` (`contact_setting_id`, `phone_code`, `phone_number`, `fax_code`, `fax_number`, `phone2_code`, `phone2_number`, `public_email`, `skype`, `hreef_map`, `map_image_full`, `map_image_preview`, `map_image_thumbnail`) VALUES
(1, '(099)', '62-62-752', '(068)', '484-84-34', '', '', 'velox@ua.fm', 'magazin_velox', '', NULL, '', '');

-- --------------------------------------------------------

--
-- Структура таблицы `contact_setting_translation`
--

DROP TABLE IF EXISTS `contact_setting_translation`;
CREATE TABLE IF NOT EXISTS `contact_setting_translation` (
  `contact_setting_id` int(11) NOT NULL,
  `language_code` varchar(2) NOT NULL,
  `city` varchar(255) NOT NULL,
  `address` varchar(255) NOT NULL,
  `work_time` varchar(255) NOT NULL,
  `weekend` varchar(255) NOT NULL,
  `title` varchar(255) NOT NULL,
  `body` text NOT NULL,
  `map_address` text NOT NULL,
  `meta_description` varchar(255) NOT NULL,
  `meta_keywords` varchar(255) NOT NULL,
  PRIMARY KEY (`contact_setting_id`,`language_code`)
) ENGINE=MyISAM DEFAULT CHARSET=utf8;

--
-- Дамп данных таблицы `contact_setting_translation`
--

INSERT INTO `contact_setting_translation` (`contact_setting_id`, `language_code`, `city`, `address`, `work_time`, `weekend`, `title`, `body`, `map_address`, `meta_description`, `meta_keywords`) VALUES
(1, 'ru', 'Украина, г.Севастополь', 'пр. ген. Острякова 90', 'c <strong>9:00</strong> до <strong>19:00</strong>', 'Без выходных', 'Контактная информация', '<div>\r\n	<span style="font-family:tahoma,geneva,sans-serif;"><span style="font-size: 16px;">Мы работаем c <strong>9:00</strong> до <strong>19:00</strong>. Без выходных&nbsp;</span></span></div>\r\n<div>\r\n	&nbsp;</div>\r\n<div>\r\n	<span style="font-family:tahoma,geneva,sans-serif;"><span style="font-size: 16px;"><strong>Адрес:</strong> г. Севастополь, пр. ген. Острякова, 90</span></span></div>\r\n<div>\r\n	&nbsp;</div>\r\n<div>\r\n	<span style="font-family:tahoma,geneva,sans-serif;"><span style="font-size: 16px;"><strong>Skype:</strong> magazin_velox</span></span></div>\r\n<div>\r\n	&nbsp;</div>\r\n<div>\r\n	<span style="font-family:tahoma,geneva,sans-serif;"><span style="font-size: 16px;"><strong>e-mail:</strong>&nbsp;velox@ua.fm</span></span></div>\r\n<div>\r\n	&nbsp;</div>\r\n<div>\r\n	<span style="font-family:tahoma,geneva,sans-serif;"><span style="font-size: 16px;"><strong>(0692) 57-47-72</strong></span></span></div>\r\n<div>\r\n	&nbsp;</div>\r\n<div>\r\n	<span style="font-family:tahoma,geneva,sans-serif;"><span style="font-size: 16px;"><strong><span>(099) 62-62-752</span></strong></span></span></div>\r\n<div>\r\n	<br />\r\n	<span style="font-family:tahoma,geneva,sans-serif;"><strong style="font-size: 16px;">(068) 484-84-34</strong></span></div>\r\n<h3 class="tt1">\r\n	<span style="font-family:tahoma,geneva,sans-serif;">Карта проезда</span></h3>\r\n<div class="map">\r\n	<iframe frameborder="0" height="380" marginheight="0" marginwidth="0" scrolling="no" src="https://maps.google.com/maps/ms?msa=0&amp;msid=202475117987347626395.0004d0e11e93c3a6614e6&amp;hl=ru&amp;ie=UTF8&amp;t=m&amp;ll=44.57682,33.520274&amp;spn=0.005808,0.020707&amp;z=16&amp;iwloc=0004d0e11e96dddfd248a&amp;output=embed" width="966"></iframe><br />\r\n	<small>Просмотреть <a href="https://maps.google.com/maps/ms?msa=0&amp;msid=202475117987347626395.0004d0e11e93c3a6614e6&amp;hl=ru&amp;ie=UTF8&amp;t=m&amp;ll=44.57682,33.520274&amp;spn=0.005808,0.020707&amp;z=16&amp;iwloc=0004d0e11e96dddfd248a&amp;source=embed" style="color:#0000FF;text-align:left">магазин Velox</a> на карте большего размера</small></div>', '<h5>\r\n	офис</h5>\r\n<p>\r\n	Адрес:&nbsp;</p>\r\n<p>\r\n	Телефоны:&nbsp;</p>\r\n<p>\r\n	E-mail:&nbsp;</p>', 'Контакты, карта проезда', 'Контакты, карта проезда');

-- --------------------------------------------------------

--
-- Структура таблицы `email_recipient`
--

DROP TABLE IF EXISTS `email_recipient`;
CREATE TABLE IF NOT EXISTS `email_recipient` (
  `recipient_id` int(11) NOT NULL AUTO_INCREMENT,
  `email` varchar(255) NOT NULL,
  `name` varchar(255) NOT NULL,
  PRIMARY KEY (`recipient_id`)
) ENGINE=MyISAM  DEFAULT CHARSET=utf8 AUTO_INCREMENT=26 ;

--
-- Дамп данных таблицы `email_recipient`
--

INSERT INTO `email_recipient` (`recipient_id`, `email`, `name`) VALUES
(19, 'amey@i.ua', 'gjgfjh'),
(23, 'amey@i.ua', 'ghjfgjgf'),
(25, '735152@gmail.com', 'ghjfgjgf');

-- --------------------------------------------------------

--
-- Структура таблицы `faq`
--

DROP TABLE IF EXISTS `faq`;
CREATE TABLE IF NOT EXISTS `faq` (
  `faq_id` int(10) unsigned NOT NULL AUTO_INCREMENT,
  `category_faq_id` int(10) unsigned NOT NULL,
  `author` varchar(255) DEFAULT NULL,
  `email` varchar(255) DEFAULT NULL,
  `query` varchar(1024) NOT NULL,
  `answer` text NOT NULL,
  `created_at` timestamp NOT NULL DEFAULT CURRENT_TIMESTAMP ON UPDATE CURRENT_TIMESTAMP,
  `status` tinyint(2) NOT NULL,
  `sort_order` int(11) NOT NULL,
  PRIMARY KEY (`faq_id`)
) ENGINE=MyISAM  DEFAULT CHARSET=utf8 AUTO_INCREMENT=12 ;

--
-- Дамп данных таблицы `faq`
--

INSERT INTO `faq` (`faq_id`, `category_faq_id`, `author`, `email`, `query`, `answer`, `created_at`, `status`, `sort_order`) VALUES
(1, 2, '', '', 'Как добавить пункт в Главне меню?', '<p>\r\n	Заходим в раздел &quot;Меню&quot;&nbsp; &gt; &quot;Добавить Пункт меню&quot; &gt; вводим название пункта,&nbsp; выбираем&nbsp; меню, страницу, вводим значение сортировки, ставим статус &quot;Активный&quot;</p>', '2011-07-26 19:12:14', 0, 1),
(2, 2, '', '', 'Как удалить пункт меню?', '<p>\r\n	Lorem ipsum dolor sit amet, consectetur adipisicing elit, sed do eiusmod tempor incididunt ut labore et dolore magna aliqua. Ut enim ad minim veniam, quis nostrud exercitation ullamco laboris nisi ut aliquip ex ea commodo consequat. Duis aute irure dolor in reprehenderit in voluptate velit esse cillum dolore eu fugiat nulla pariatur.</p>\r\n<p>\r\n	&nbsp;</p>\r\n<p style="text-align: center;">\r\n	<img alt="" src="/upload/%D0%A1%D0%BD%D0%B8%D0%BC%D0%BE%D0%BA-%D0%9C%D0%B5%D0%BD%D1%8E%20-%20host_pb%20-%20Mozilla%20Firefox.png" style="width: 686px; height: 414px;" /></p>\r\n<p>\r\n	&nbsp;</p>\r\n<p>\r\n	Excepteur sint occaecat cupidatat non proident, sunt in culpa qui officia deserunt mollit anim id est laborum.</p>', '2011-07-26 20:06:36', 0, 2),
(7, 1, 'Гуцалюк Владимир', 'vovasgm@gmail.com', 'Как работает система поиска?', '<p>\r\n	Очень просто. Водите слова, и ищите информацию по сайту...</p>', '2011-11-30 05:37:33', 1, 0),
(10, 0, '', '', 'Lorem ipsum dolor sit amet, consectetur adipisicing elit?', '<p>\r\n	<a href="http://velox.art-creative.net/#" style="margin: 0px; padding: 0px; border: 0px; color: rgb(79, 79, 79); text-decoration: initial; font-family: Arial, Helvetica, sans-serif; font-size: 13px; line-height: 22px; background-color: rgb(245, 245, 245);">Lorem ipsum dolor sit amet, consectetur adipisicing elit, sed do eiusmod tempor incididunt ut labore et dolore magna aliqua. Ut enim ad minim veniam, quis nostrud exercitation ullamco laboris nisi ut aliquip ex ea commodo consequat. Duis aute irure dolor in reprehenderit in voluptate velit esse cillum dolore eu fugiat nulla pariatur. Excepteur sint occaecat cupidatat non proident, sunt in culpa qui officia deserunt mollit anim id est laborum.</a></p>', '2012-11-23 09:52:48', 1, 1),
(11, 0, '', '', 'Excepteur sint occaecat cupidatat non proident?', '<p>\r\n	Lorem ipsum dolor sit amet, consectetur adipisicing elit, sed do eiusmod tempor incididunt ut labore et dolore magna aliqua. Ut enim ad minim veniam, quis nostrud exercitation ullamco laboris nisi ut aliquip ex ea commodo consequat. Duis aute irure dolor in reprehenderit in voluptate velit esse cillum dolore eu fugiat nulla pariatur. Excepteur sint occaecat cupidatat non proident, sunt in culpa qui officia deserunt mollit anim id est laborum.</p>', '2012-11-23 09:53:09', 1, 2);

-- --------------------------------------------------------

--
-- Структура таблицы `faq_category`
--

DROP TABLE IF EXISTS `faq_category`;
CREATE TABLE IF NOT EXISTS `faq_category` (
  `category_faq_id` int(10) unsigned NOT NULL AUTO_INCREMENT,
  `name` varchar(200) NOT NULL,
  `parent_id` int(10) unsigned NOT NULL DEFAULT '0',
  `description` text NOT NULL,
  `ident` varchar(200) NOT NULL,
  `sort_order` int(11) NOT NULL,
  `lastmod` timestamp NOT NULL DEFAULT CURRENT_TIMESTAMP ON UPDATE CURRENT_TIMESTAMP,
  PRIMARY KEY (`category_faq_id`),
  UNIQUE KEY `ident` (`ident`),
  UNIQUE KEY `ident_2` (`ident`),
  KEY `parent` (`parent_id`)
) ENGINE=MyISAM DEFAULT CHARSET=utf8 AUTO_INCREMENT=1 ;

-- --------------------------------------------------------

--
-- Структура таблицы `faq_category_translation`
--

DROP TABLE IF EXISTS `faq_category_translation`;
CREATE TABLE IF NOT EXISTS `faq_category_translation` (
  `category_faq_translation_id` int(11) NOT NULL AUTO_INCREMENT,
  `category_faq_id` int(11) NOT NULL,
  `language_code` varchar(2) NOT NULL,
  `name` varchar(255) NOT NULL,
  `ident` varchar(255) NOT NULL,
  `description` varchar(255) NOT NULL,
  `keywords` varchar(255) NOT NULL,
  `description_img` varchar(1024) DEFAULT NULL,
  PRIMARY KEY (`category_faq_translation_id`)
) ENGINE=MyISAM DEFAULT CHARSET=utf8 AUTO_INCREMENT=1 ;

-- --------------------------------------------------------

--
-- Структура таблицы `faq_translation`
--

DROP TABLE IF EXISTS `faq_translation`;
CREATE TABLE IF NOT EXISTS `faq_translation` (
  `faq_translation_id` int(11) NOT NULL AUTO_INCREMENT,
  `faq_id` int(11) NOT NULL,
  `language_code` varchar(2) NOT NULL,
  `description_img` varchar(1024) DEFAULT NULL,
  PRIMARY KEY (`faq_translation_id`)
) ENGINE=MyISAM DEFAULT CHARSET=utf8 AUTO_INCREMENT=1 ;

-- --------------------------------------------------------

--
-- Структура таблицы `file`
--

DROP TABLE IF EXISTS `file`;
CREATE TABLE IF NOT EXISTS `file` (
  `file_id` int(11) NOT NULL AUTO_INCREMENT,
  `group_id` int(11) NOT NULL,
  `file` varchar(1024) NOT NULL,
  `thumbnail` varchar(1024) NOT NULL,
  `preview` varchar(1024) NOT NULL,
  `full` varchar(1024) NOT NULL,
  `sort_order` int(11) NOT NULL,
  `status` int(11) NOT NULL,
  PRIMARY KEY (`file_id`)
) ENGINE=MyISAM DEFAULT CHARSET=utf8 AUTO_INCREMENT=1 ;

-- --------------------------------------------------------

--
-- Структура таблицы `file_group`
--

DROP TABLE IF EXISTS `file_group`;
CREATE TABLE IF NOT EXISTS `file_group` (
  `group_id` int(11) NOT NULL AUTO_INCREMENT,
  `type` enum('file','image') NOT NULL,
  `items_per_page` int(11) NOT NULL DEFAULT '5',
  PRIMARY KEY (`group_id`)
) ENGINE=MyISAM  DEFAULT CHARSET=utf8 AUTO_INCREMENT=5 ;

--
-- Дамп данных таблицы `file_group`
--

INSERT INTO `file_group` (`group_id`, `type`, `items_per_page`) VALUES
(3, 'image', 5),
(4, 'file', 5);

-- --------------------------------------------------------

--
-- Структура таблицы `file_group_translation`
--

DROP TABLE IF EXISTS `file_group_translation`;
CREATE TABLE IF NOT EXISTS `file_group_translation` (
  `group_id` int(11) NOT NULL,
  `language_code` varchar(2) NOT NULL,
  `title` varchar(255) NOT NULL,
  `description` text NOT NULL,
  `description_img` varchar(1024) DEFAULT NULL,
  PRIMARY KEY (`group_id`,`language_code`)
) ENGINE=MyISAM DEFAULT CHARSET=utf8;

--
-- Дамп данных таблицы `file_group_translation`
--

INSERT INTO `file_group_translation` (`group_id`, `language_code`, `title`, `description`, `description_img`) VALUES
(3, 'ru', 'Сертификаты', '<p>\r\n	Сертификаты</p>', NULL),
(4, 'ru', 'Файлы', '<p>\r\n	Описание</p>', NULL);

-- --------------------------------------------------------

--
-- Структура таблицы `file_translation`
--

DROP TABLE IF EXISTS `file_translation`;
CREATE TABLE IF NOT EXISTS `file_translation` (
  `file_id` int(11) NOT NULL,
  `language_code` varchar(2) NOT NULL,
  `name` varchar(255) NOT NULL,
  `description` text NOT NULL
) ENGINE=MyISAM DEFAULT CHARSET=utf8;

-- --------------------------------------------------------

--
-- Структура таблицы `gallery_album`
--

DROP TABLE IF EXISTS `gallery_album`;
CREATE TABLE IF NOT EXISTS `gallery_album` (
  `album_id` int(10) unsigned NOT NULL AUTO_INCREMENT,
  `parent_id` int(10) unsigned NOT NULL DEFAULT '0',
  `thumbnail` varchar(255) NOT NULL,
  `preview` varchar(255) NOT NULL,
  `full` varchar(255) NOT NULL,
  `original` varchar(255) NOT NULL,
  `ident` varchar(200) NOT NULL,
  `status` int(11) NOT NULL,
  `sort_order` int(11) NOT NULL,
  `lastmod` timestamp NOT NULL DEFAULT CURRENT_TIMESTAMP ON UPDATE CURRENT_TIMESTAMP,
  `count_row` smallint(6) NOT NULL DEFAULT '3',
  `author_id` int(11) NOT NULL,
  `last_edit_id` int(11) NOT NULL,
  PRIMARY KEY (`album_id`),
  UNIQUE KEY `ident` (`ident`),
  KEY `parent` (`parent_id`)
) ENGINE=MyISAM  DEFAULT CHARSET=utf8 AUTO_INCREMENT=5 ;

--
-- Дамп данных таблицы `gallery_album`
--

INSERT INTO `gallery_album` (`album_id`, `parent_id`, `thumbnail`, `preview`, `full`, `original`, `ident`, `status`, `sort_order`, `lastmod`, `count_row`, `author_id`, `last_edit_id`) VALUES
(1, 0, 'album-1-158x158.jpg', 'album-1-200x200.jpg', 'album-1-900x700.jpg', '', 'fotoalbom-1', 1, 1, '2012-03-23 04:46:34', 3, 0, 0),
(2, 0, 'album-2-158x158.png', 'album-2-200x200.png', 'album-2-900x700.png', '', 'test', 1, 2, '2012-03-27 21:30:39', 3, 0, 0),
(3, 0, '', '', '', '', 'test88', 1, 3, '2012-03-28 01:17:19', 3, 0, 0),
(4, 1, 'album-4-158x158.jpg', 'album-4-200x200.jpg', 'album-4-900x700.jpg', 'album-4.jpg', 'sub-album-1', 1, 1, '2012-03-29 20:33:55', 3, 0, 0);

-- --------------------------------------------------------

--
-- Структура таблицы `gallery_album_translation`
--

DROP TABLE IF EXISTS `gallery_album_translation`;
CREATE TABLE IF NOT EXISTS `gallery_album_translation` (
  `album_id` int(11) NOT NULL,
  `language_code` varchar(2) NOT NULL,
  `name` varchar(255) NOT NULL,
  `description` text NOT NULL,
  `page_title` text NOT NULL,
  `meta_description` text NOT NULL,
  `meta_keywords` text NOT NULL,
  `description_img` varchar(1024) DEFAULT NULL,
  PRIMARY KEY (`album_id`,`language_code`)
) ENGINE=MyISAM DEFAULT CHARSET=utf8;

--
-- Дамп данных таблицы `gallery_album_translation`
--

INSERT INTO `gallery_album_translation` (`album_id`, `language_code`, `name`, `description`, `page_title`, `meta_description`, `meta_keywords`, `description_img`) VALUES
(1, 'ru', 'Фотоальбом 1', 'описание Фотоальбома 1', 'Фотоальбом 1', 'Фотоальбом 1', 'Фотоальбом 1', 'Фотоальбом 1'),
(2, 'ru', 'test', 'test', 'test', 'test', 'test', 'test'),
(3, 'ru', 'test', 'test', 'test', 'test', 'test', 'test'),
(4, 'ru', 'sub album 1', 'sub album 1', 'sub album 1', 'sub album 1', 'sub album 1', 'sub album 1');

-- --------------------------------------------------------

--
-- Структура таблицы `gallery_photo`
--

DROP TABLE IF EXISTS `gallery_photo`;
CREATE TABLE IF NOT EXISTS `gallery_photo` (
  `photo_id` int(10) unsigned NOT NULL AUTO_INCREMENT,
  `album_id` int(11) NOT NULL,
  `thumbnail` varchar(255) NOT NULL,
  `preview` varchar(255) NOT NULL,
  `full` varchar(255) NOT NULL,
  `original` varchar(255) NOT NULL,
  `status` int(11) NOT NULL,
  `sort_order` int(11) NOT NULL,
  `author_id` int(11) NOT NULL,
  `last_edit_id` int(11) NOT NULL,
  PRIMARY KEY (`photo_id`)
) ENGINE=MyISAM  DEFAULT CHARSET=utf8 AUTO_INCREMENT=21 ;

--
-- Дамп данных таблицы `gallery_photo`
--

INSERT INTO `gallery_photo` (`photo_id`, `album_id`, `thumbnail`, `preview`, `full`, `original`, `status`, `sort_order`, `author_id`, `last_edit_id`) VALUES
(19, 1, 'photo-19-158x158.jpg', 'photo-19-200x200.jpg', 'photo-19-900x700.jpg', 'photo-19.jpg', 1, 4, 0, 0);

-- --------------------------------------------------------

--
-- Структура таблицы `gallery_photo_translation`
--

DROP TABLE IF EXISTS `gallery_photo_translation`;
CREATE TABLE IF NOT EXISTS `gallery_photo_translation` (
  `photo_id` int(11) NOT NULL,
  `language_code` varchar(2) NOT NULL,
  `name` varchar(255) NOT NULL,
  `description_img` varchar(1024) DEFAULT NULL,
  PRIMARY KEY (`photo_id`,`language_code`)
) ENGINE=MyISAM DEFAULT CHARSET=utf8;

--
-- Дамп данных таблицы `gallery_photo_translation`
--

INSERT INTO `gallery_photo_translation` (`photo_id`, `language_code`, `name`, `description_img`) VALUES
(19, 'ru', 'test', NULL);

-- --------------------------------------------------------

--
-- Структура таблицы `guestbook`
--

DROP TABLE IF EXISTS `guestbook`;
CREATE TABLE IF NOT EXISTS `guestbook` (
  `id` int(11) NOT NULL AUTO_INCREMENT,
  `user_id` int(11) NOT NULL,
  `name` varchar(255) NOT NULL,
  `email` varchar(255) NOT NULL,
  `website` varchar(255) NOT NULL,
  `message` varchar(2048) NOT NULL,
  `date` timestamp NOT NULL DEFAULT CURRENT_TIMESTAMP ON UPDATE CURRENT_TIMESTAMP,
  `active` tinyint(4) NOT NULL,
  PRIMARY KEY (`id`)
) ENGINE=MyISAM  DEFAULT CHARSET=utf8 AUTO_INCREMENT=3 ;

-- --------------------------------------------------------

--
-- Структура таблицы `language`
--

DROP TABLE IF EXISTS `language`;
CREATE TABLE IF NOT EXISTS `language` (
  `language_id` int(11) NOT NULL AUTO_INCREMENT,
  `name` varchar(128) NOT NULL,
  `ident` varchar(128) NOT NULL,
  `code` varchar(2) NOT NULL,
  `locale` varchar(8) NOT NULL,
  `sort_order` int(11) NOT NULL,
  `status` tinyint(1) NOT NULL DEFAULT '0',
  PRIMARY KEY (`language_id`),
  UNIQUE KEY `ident` (`ident`,`code`)
) ENGINE=MyISAM  DEFAULT CHARSET=utf8 AUTO_INCREMENT=5 ;

--
-- Дамп данных таблицы `language`
--

INSERT INTO `language` (`language_id`, `name`, `ident`, `code`, `locale`, `sort_order`, `status`) VALUES
(1, 'Русский', 'russian', 'ru', 'ru_RU', 0, 1),
(2, 'Українська', 'ukrainian', 'uk', 'uk_UA', 2, 0),
(3, 'English', 'english', 'en', 'en_UK', 3, 0),
(4, 'Norsk', 'norsk', 'nn', 'nn_NO', 1, 0);

-- --------------------------------------------------------

--
-- Структура таблицы `location_object`
--

DROP TABLE IF EXISTS `location_object`;
CREATE TABLE IF NOT EXISTS `location_object` (
  `object_id` int(11) NOT NULL AUTO_INCREMENT,
  `name` varchar(1024) NOT NULL,
  `announce` varchar(1024) NOT NULL,
  `description` text NOT NULL,
  `thumbnail` varchar(255) DEFAULT NULL,
  `preview` varchar(255) DEFAULT NULL,
  `image` varchar(255) DEFAULT NULL,
  `longitude` varchar(128) NOT NULL,
  `latitude` varchar(128) NOT NULL,
  `status` int(11) NOT NULL DEFAULT '1',
  `sort_order` int(11) NOT NULL,
  PRIMARY KEY (`object_id`)
) ENGINE=MyISAM  DEFAULT CHARSET=utf8 AUTO_INCREMENT=2 ;

--
-- Дамп данных таблицы `location_object`
--

INSERT INTO `location_object` (`object_id`, `name`, `announce`, `description`, `thumbnail`, `preview`, `image`, `longitude`, `latitude`, `status`, `sort_order`) VALUES
(1, 'Название товара', 'Хмельницкий', 'Шевченка 46/2, кв. 20', NULL, NULL, NULL, '27.020154', '49.432217', 1, 1);

-- --------------------------------------------------------

--
-- Структура таблицы `location_object_translation`
--

DROP TABLE IF EXISTS `location_object_translation`;
CREATE TABLE IF NOT EXISTS `location_object_translation` (
  `object_translation_id` int(11) NOT NULL AUTO_INCREMENT,
  `object_id` int(11) NOT NULL,
  `language_code` varchar(2) NOT NULL,
  `name` varchar(1024) NOT NULL,
  `announce` varchar(1024) NOT NULL,
  `description` text NOT NULL,
  PRIMARY KEY (`object_translation_id`)
) ENGINE=MyISAM DEFAULT CHARSET=utf8 AUTO_INCREMENT=1 ;

-- --------------------------------------------------------

--
-- Структура таблицы `menu`
--

DROP TABLE IF EXISTS `menu`;
CREATE TABLE IF NOT EXISTS `menu` (
  `menu_id` int(10) unsigned NOT NULL AUTO_INCREMENT,
  `type` varchar(32) NOT NULL,
  `status` int(11) NOT NULL,
  `sort_order` int(11) NOT NULL,
  `parent_id` int(11) NOT NULL,
  `author_id` int(11) NOT NULL,
  `last_edit_id` int(11) NOT NULL,
  PRIMARY KEY (`menu_id`),
  UNIQUE KEY `type` (`type`)
) ENGINE=MyISAM  DEFAULT CHARSET=utf8 AUTO_INCREMENT=6 ;

--
-- Дамп данных таблицы `menu`
--

INSERT INTO `menu` (`menu_id`, `type`, `status`, `sort_order`, `parent_id`, `author_id`, `last_edit_id`) VALUES
(1, 'main', 1, 1, 0, 0, 0),
(2, 'secondary', 1, 2, 0, 0, 0),
(3, '', 1, 3, 0, 0, 0),
(4, 'social_top', 1, 4, 0, 0, 0),
(5, 'social_bottom', 1, 5, 0, 0, 0);

-- --------------------------------------------------------

--
-- Структура таблицы `menu_item`
--

DROP TABLE IF EXISTS `menu_item`;
CREATE TABLE IF NOT EXISTS `menu_item` (
  `menu_item_id` int(10) unsigned NOT NULL AUTO_INCREMENT,
  `menu_id` int(11) NOT NULL,
  `parent_id` int(11) NOT NULL,
  `dropdown` tinyint(1) NOT NULL DEFAULT '0',
  `uri` varchar(200) NOT NULL,
  `image` varchar(200) NOT NULL DEFAULT '',
  `status` int(11) NOT NULL,
  `sort_order` int(11) NOT NULL,
  `author_id` int(11) NOT NULL,
  `last_edit_id` int(11) NOT NULL,
  PRIMARY KEY (`menu_item_id`)
) ENGINE=MyISAM  DEFAULT CHARSET=utf8 AUTO_INCREMENT=39 ;

--
-- Дамп данных таблицы `menu_item`
--

INSERT INTO `menu_item` (`menu_item_id`, `menu_id`, `parent_id`, `dropdown`, `uri`, `image`, `status`, `sort_order`, `author_id`, `last_edit_id`) VALUES
(1, 1, 0, 0, '/', '', 1, 1, 0, 8),
(2, 2, 0, 0, '/', '', 1, 1, 0, 0),
(4, 2, 0, 0, '/catalog', '', 1, 2, 0, 0),
(8, 1, 0, 0, '/publication/index/index/groupIdent/blog', '', 1, 4, 0, 8),
(12, 2, 0, 0, '/page/index/pageIdent/about', '', 1, 7, 0, 0),
(14, 2, 0, 0, '/contact', '', 1, 8, 0, 0),
(25, 2, 0, 0, '/page/index/pageIdent/prokat-velosipedov', '', 1, 3, 0, 0),
(38, 1, 0, 0, '/publication/index/index/groupIdent/rabotodatelyam', '', 1, 3, 8, 8),
(19, 1, 0, 0, '/contact', '', 1, 9, 0, 8),
(20, 3, 0, 0, '/page/index/pageIdent/faq', '', 1, 0, 0, 0),
(21, 3, 0, 0, '/page/index/pageIdent/dostavka-i-oplata', '', 1, 2, 0, 0),
(22, 3, 0, 0, '/page/index/pageIdent/servis-i-garantiya', '', 1, 3, 0, 0),
(23, 3, 0, 0, '/page/index/pageIdent/pravila-sayta', '', 1, 1, 0, 0),
(24, 3, 0, 0, '/sitemap', '', 1, 4, 0, 0),
(26, 2, 0, 0, '/page/index/pageIdent/remont-velosipedov', '', 1, 4, 0, 0),
(27, 2, 0, 0, '/publication/index/index/groupIdent/news', '', 1, 5, 0, 0),
(28, 2, 0, 0, '/publication/index/index/groupIdent/reviews', '', 1, 6, 0, 0),
(30, 4, 0, 0, 'http://www.facebook.com/catalog.velox', 'linc-30-188x188.png', 1, 1, 0, 0),
(31, 4, 0, 0, 'http://twitter.com/_Velox_', 'linc-31-188x188.png', 1, 3, 0, 0),
(32, 4, 0, 0, 'http://vk.com/bikevelox', 'linc-32-188x188.png', 1, 2, 0, 0),
(33, 5, 0, 0, 'http://www.facebook.com/catalog.velox', 'linc-33-188x188.png', 1, 1, 0, 0),
(34, 5, 0, 0, 'http://vk.com/bikevelox', 'linc-34-188x188.png', 1, 2, 0, 0),
(35, 5, 0, 0, 'http://twitter.com/_Velox_', 'linc-35-188x188.png', 1, 3, 0, 0),
(37, 1, 0, 0, '/publication/index/index/groupIdent/soiskatelyam', '', 1, 2, 8, 8);

-- --------------------------------------------------------

--
-- Структура таблицы `menu_item_translation`
--

DROP TABLE IF EXISTS `menu_item_translation`;
CREATE TABLE IF NOT EXISTS `menu_item_translation` (
  `menu_item_id` int(11) NOT NULL,
  `language_code` varchar(2) NOT NULL,
  `name` varchar(255) NOT NULL,
  `title` varchar(255) NOT NULL,
  `description_img` varchar(1024) DEFAULT NULL,
  PRIMARY KEY (`menu_item_id`,`language_code`)
) ENGINE=MyISAM DEFAULT CHARSET=utf8;

--
-- Дамп данных таблицы `menu_item_translation`
--

INSERT INTO `menu_item_translation` (`menu_item_id`, `language_code`, `name`, `title`, `description_img`) VALUES
(1, 'ru', 'Главная', 'Главная', NULL),
(2, 'ru', 'Главная', '', NULL),
(14, 'ru', 'Контактная информация', '', NULL),
(4, 'ru', 'Каталог продукции', '', NULL),
(38, 'ru', 'Работодателям', 'Работодателям', NULL),
(12, 'ru', 'О магазине Velox', '', NULL),
(8, 'ru', 'Блог', 'Блог', NULL),
(37, 'en', 'Applicants', 'Applicants', NULL),
(37, 'ru', 'Соискателям', 'Соискателям', NULL),
(19, 'ru', 'Контакты', 'Контакты', NULL),
(19, 'en', 'contacts', 'contacts', NULL),
(20, 'ru', 'Вопросы и ответы', '', NULL),
(21, 'ru', 'Доставка и оплата', '', NULL),
(22, 'ru', 'Сервис и гарантия', '', NULL),
(23, 'ru', 'Правила сайта', '', NULL),
(24, 'ru', 'Карта сайта', '', NULL),
(25, 'ru', 'Прокат велосипедов', '', NULL),
(26, 'ru', 'Ремонт велосипедов', '', NULL),
(27, 'ru', 'Новостная рубрика', '', NULL),
(28, 'ru', 'Обзоры продукции', '', NULL),
(30, 'ru', 'FaceBook', '', NULL),
(31, 'ru', 'Twitter', '', NULL),
(32, 'ru', 'Вконтакте', '', NULL),
(33, 'ru', 'FaceBook', '', NULL),
(34, 'ru', 'Вконтакте', '', NULL),
(35, 'ru', 'Twitter', '', NULL),
(1, 'en', 'werwer', 'werwer', NULL),
(38, 'en', 'Employers', 'Employers', NULL);

-- --------------------------------------------------------

--
-- Структура таблицы `menu_translation`
--

DROP TABLE IF EXISTS `menu_translation`;
CREATE TABLE IF NOT EXISTS `menu_translation` (
  `menu_translation_id` int(11) NOT NULL AUTO_INCREMENT,
  `menu_id` int(11) NOT NULL,
  `language_code` varchar(2) NOT NULL,
  `name` varchar(255) NOT NULL,
  `ident` varchar(255) NOT NULL,
  `body` text NOT NULL,
  `description` varchar(255) NOT NULL,
  `keywords` varchar(255) NOT NULL,
  PRIMARY KEY (`menu_translation_id`)
) ENGINE=MyISAM  DEFAULT CHARSET=utf8 AUTO_INCREMENT=10 ;

--
-- Дамп данных таблицы `menu_translation`
--

INSERT INTO `menu_translation` (`menu_translation_id`, `menu_id`, `language_code`, `name`, `ident`, `body`, `description`, `keywords`) VALUES
(9, 3, 'ru', 'Нижнее меню1', '', '', '', ''),
(7, 2, 'ru', 'меню2', '', '', '', ''),
(8, 4, 'ru', 'меню4', '', '', '', ''),
(5, 1, 'ru', 'меню1', '', '', '', ''),
(6, 5, 'ru', 'меню5', '', '', '', '');

-- --------------------------------------------------------

--
-- Структура таблицы `page`
--

DROP TABLE IF EXISTS `page`;
CREATE TABLE IF NOT EXISTS `page` (
  `page_id` int(11) NOT NULL AUTO_INCREMENT,
  `ident` varchar(255) NOT NULL,
  `thumbnail` varchar(255) DEFAULT NULL,
  `preview` varchar(255) DEFAULT NULL,
  `detail` varchar(1024) NOT NULL,
  `full` varchar(255) DEFAULT NULL,
  `date_post` datetime NOT NULL,
  `type` varchar(30) NOT NULL,
  `status` int(11) NOT NULL,
  `lastmod` timestamp NOT NULL DEFAULT CURRENT_TIMESTAMP ON UPDATE CURRENT_TIMESTAMP,
  `author_id` int(11) NOT NULL,
  `last_edit_id` int(11) NOT NULL,
  PRIMARY KEY (`page_id`),
  UNIQUE KEY `ident` (`ident`)
) ENGINE=MyISAM  DEFAULT CHARSET=utf8 AUTO_INCREMENT=20 ;

--
-- Дамп данных таблицы `page`
--

INSERT INTO `page` (`page_id`, `ident`, `thumbnail`, `preview`, `detail`, `full`, `date_post`, `type`, `status`, `lastmod`, `author_id`, `last_edit_id`) VALUES
(6, 'faq', NULL, NULL, '', NULL, '2012-11-23 17:54:50', 'static', 1, '2012-12-14 07:48:07', 0, 0),
(5, 'about', '', '', '', NULL, '2012-04-20 15:26:33', 'about', 1, '2012-07-01 17:16:13', 0, 0),
(7, 'dostavka-i-oplata', NULL, NULL, '', NULL, '2012-11-27 12:35:54', 'static', 1, '2012-11-27 04:36:47', 0, 0),
(8, 'servis-i-garantiya', NULL, NULL, '', NULL, '2012-11-27 12:37:09', 'static', 1, '2012-11-27 04:37:31', 0, 0),
(9, 'prokat-velosipedov', NULL, NULL, '', NULL, '2012-11-27 12:38:31', 'static', 1, '2012-11-27 04:40:12', 0, 0),
(10, 'remont-velosipedov', NULL, NULL, '', NULL, '2012-11-27 12:39:23', 'static', 1, '2012-11-27 04:39:58', 0, 0),
(11, 'pravila-sayta', NULL, NULL, '', NULL, '2012-11-27 17:43:02', 'static', 1, '2012-11-27 09:43:49', 0, 0),
(12, 'agreement', NULL, NULL, '', NULL, '2012-12-04 11:21:14', 'agreement', 1, '2012-12-04 03:23:55', 0, 0),
(13, 'copyright', NULL, NULL, '', NULL, '2012-12-07 16:44:08', 'static', 1, '2012-12-07 08:44:51', 0, 0),
(15, 'Lorem-ipsum-dolor-sit-amet-1', NULL, NULL, '', NULL, '2013-01-22 15:16:31', 'object', 1, '2013-01-23 07:44:54', 0, 0),
(16, 'kontaktyi', NULL, NULL, '', NULL, '2013-07-01 11:47:42', 'contact', 1, '2013-07-01 02:48:10', 0, 0),
(17, 'galereya', NULL, NULL, '', NULL, '2013-07-01 16:54:40', 'gallery', 1, '2013-07-01 07:55:11', 0, 0),
(18, 'za-nami-buduschee', NULL, NULL, '', NULL, '2013-09-14 09:50:16', 'seo_soiskatelyam', 1, '2013-09-14 06:52:57', 8, 8),
(19, 'robotodatelyam-za-nami-buduschee', NULL, NULL, '', NULL, '2013-09-15 11:06:19', 'seo_rabotodatelyam', 1, '2013-09-15 08:08:01', 8, 8);

-- --------------------------------------------------------

--
-- Структура таблицы `page_translation`
--

DROP TABLE IF EXISTS `page_translation`;
CREATE TABLE IF NOT EXISTS `page_translation` (
  `page_id` int(11) NOT NULL,
  `language_code` varchar(2) NOT NULL,
  `title` varchar(255) NOT NULL,
  `body` text NOT NULL,
  `page_title` text NOT NULL,
  `meta_description` text NOT NULL,
  `meta_keywords` text NOT NULL,
  `description_img` varchar(1024) NOT NULL,
  PRIMARY KEY (`page_id`,`language_code`)
) ENGINE=MyISAM DEFAULT CHARSET=utf8;

--
-- Дамп данных таблицы `page_translation`
--

INSERT INTO `page_translation` (`page_id`, `language_code`, `title`, `body`, `page_title`, `meta_description`, `meta_keywords`, `description_img`) VALUES
(6, 'ru', 'Вопросы и ответы', '<p>\r\n	Ligula proin interdum curae, aliquid incidunt adipiscing dolor rhoncus, maxime! Blandit dolorum fugiat condimentum cubilia dignissimos consequat laboris, est hac distinctio tortor. Maxime assumenda odio quod! Litora vestibulum nisi repudiandae quas excepteur pretium ac pede quibusdam laboriosam ultricies sodales natoque, fringilla volutpat aliqua, malesuada quae blanditiis fusce habitasse. Quasi scelerisque.</p>\r\n<p>\r\n	Nonummy iste cubilia urna? Sequi eiusmod nostrum modi iaculis donec ab mauris faucibus. Magnis, eros eum sociosqu class pariatur vulputate. Aenean, hac malesuada magni, occaecat deserunt, dictumst dolorem aliquip posuere, esse lobortis. Vel similique maxime interdum? Asperiores mus! Turpis facilisi pede, eveniet iaculis in ornare quasi potenti beatae. Eum, luctus.</p>\r\n<p>\r\n	Cubilia rem adipisci eiusmod quisque tincidunt nihil? Posuere, eum risus maecenas dolore nullam enim pretium? Inventore, cum lacus. Platea. Dicta integer! Impedit laboriosam minim, cursus conubia? Commodo non tempore aenean. Rerum purus perspiciatis dapibus nisl sed natus dicta, vitae? Dignissimos, illo malesuada. Mus quod natus? Aute facilis qui, hic sed.</p>\r\n<p>\r\n	Consequatur est officia inceptos, saepe nonummy velit irure natus alias? Blanditiis lobortis? Viverra, excepturi maxime, cum quidem natus sunt eu ad! Quae suscipit diam, nec occaecati varius, accusamus, cras, lobortis, natoque senectus sociis do, veritatis scelerisque! Provident sit. Doloribus facilisi! Sint eligendi pretium phasellus etiam nemo aliquet vitae eveniet ratione.</p>', 'Вопросы и ответы', 'Вопросы и ответы', 'Вопросы и ответы', 'Вопросы и ответы'),
(7, 'ru', 'Доставка и Оплата', '<p>\r\n	Lorem ipsum dolor sit amet, consectetur adipisicing elit, sed do eiusmod tempor incididunt ut labore et dolore magna aliqua. Ut enim ad minim veniam, quis nostrud exercitation ullamco laboris nisi ut aliquip ex ea commodo consequat. Duis aute irure dolor in reprehenderit in voluptate velit esse cillum dolore eu fugiat nulla pariatur. Excepteur sint occaecat cupidatat non proident, sunt in culpa qui officia deserunt mollit anim id est laborum.</p>', 'Доставка и Оплата', 'Доставка и Оплата', 'Доставка и Оплата', 'Доставка и Оплата'),
(8, 'ru', 'Сервис и гарантия', '<p>\r\n	Lorem ipsum dolor sit amet, consectetur adipisicing elit, sed do eiusmod tempor incididunt ut labore et dolore magna aliqua. Ut enim ad minim veniam, quis nostrud exercitation ullamco laboris nisi ut aliquip ex ea commodo consequat. Duis aute irure dolor in reprehenderit in voluptate velit esse cillum dolore eu fugiat nulla pariatur. Excepteur sint occaecat cupidatat non proident, sunt in culpa qui officia deserunt mollit anim id est laborum.</p>', 'Сервис и гарантия', 'Сервис и гарантия', 'Сервис и гарантия', 'Сервис и гарантия'),
(9, 'ru', 'Прокат велосипедов', '<p>\r\n	Lorem ipsum dolor sit amet, consectetur adipisicing elit, sed do eiusmod tempor incididunt ut labore et dolore magna aliqua. Ut enim ad minim veniam, quis nostrud exercitation ullamco laboris nisi ut aliquip ex ea commodo consequat. Duis aute irure dolor in reprehenderit in voluptate velit esse cillum dolore eu fugiat nulla pariatur. Excepteur sint occaecat cupidatat non proident, sunt in culpa qui officia deserunt mollit anim id est laborum.</p>', 'Прокат велосипедов', 'Прокат велосипедов', 'Прокат велосипедов', 'Прокат велосипедов'),
(11, 'ru', 'Правила сайта', '<table class="item_params">\r\n	<tbody>\r\n		<tr class="even">\r\n			<td>\r\n				<span title="Рама">Рама</span></td>\r\n			<td>\r\n				2013 Demo 8 FSR with painted mag link, 8</td>\r\n		</tr>\r\n		<tr class="odd">\r\n			<td>\r\n				<span title="Задний амортизатор">Задний амортизатор</span></td>\r\n			<td>\r\n				2013 Cane Creek for Demo 8 III 9.5x3 Adj H/L comp, H/L b XS 300 S</td>\r\n		</tr>\r\n		<tr class="even">\r\n			<td>\r\n				<span title="Вилка">Вилка</span></td>\r\n			<td>\r\n				2013 Boxxer World Cup adj reb/comp and bottom out, Solo Ai i llRoval 26</td>\r\n		</tr>\r\n		<tr class="odd">\r\n			<td>\r\n				<span title="Руль">Руль</span></td>\r\n			<td>\r\n				Fat Bar, 31.8mm, 780mm wide, 7 degree, 38mm rise</td>\r\n		</tr>\r\n		<tr class="even">\r\n			<td>\r\n				<span title="Манетки">Манетки</span></td>\r\n			<td>\r\n				X9 10spd rear shifter</td>\r\n		</tr>\r\n		<tr class="odd">\r\n			<td>\r\n				<span title="">Задний переключатель</span></td>\r\n			<td>\r\n				2012 X.0 Type 2 10spd short cage (not DH spec)</td>\r\n		</tr>\r\n		<tr class="even">\r\n			<td>\r\n				<span title="">Задняя втулка</span></td>\r\n			<td>\r\n				150mm high/low flange disk, 32h w/cromo axle and cass</td>\r\n		</tr>\r\n	</tbody>\r\n</table>\r\n<p>\r\n	&nbsp;</p>', 'Правила сайта', 'Правила сайта', 'Правила сайта', 'Правила сайта'),
(12, 'ru', 'Соглашение', '<p>\r\n	Lorem ipsum dolor sit amet, consectetur adipisicing elit, sed do eiusmod tempor incididunt ut labore et dolore magna aliqua. Ut enim ad minim veniam, quis nostrud exercitation ullamco laboris nisi ut aliquip ex ea commodo consequat. Duis aute irure dolor in reprehenderit in voluptate velit esse cillum dolore eu fugiat nulla pariatur. Excepteur sint occaecat cupidatat non proident, sunt in culpa qui officia deserunt mollit anim id est laborum.</p>\r\n<p>\r\n	Lorem ipsum dolor sit amet, consectetur adipisicing elit, sed do eiusmod tempor incididunt ut labore et dolore magna aliqua. Ut enim ad minim veniam, quis nostrud exercitation ullamco laboris nisi ut aliquip ex ea commodo consequat. Duis aute irure dolor in reprehenderit in voluptate velit esse cillum dolore eu fugiat nulla pariatur. Excepteur sint occaecat cupidatat non proident, sunt in culpa qui officia deserunt mollit anim id est laborum.Lorem ipsum dolor sit amet, consectetur adipisicing elit, sed do eiusmod tempor incididunt ut labore et dolore magna aliqua. Ut enim ad minim veniam, quis nostrud exercitation ullamco laboris nisi ut aliquip ex ea commodo consequat.</p>\r\n<p>\r\n	Duis aute irure dolor in reprehenderit in voluptate velit esse cillum dolore eu fugiat nulla pariatur. Excepteur sint occaecat cupidatat non proident, sunt in culpa qui officia deserunt mollit anim id est laborum.Lorem ipsum dolor sit amet, consectetur adipisicing elit, sed do eiusmod tempor incididunt ut labore et dolore magna aliqua. Ut enim ad minim veniam, quis nostrud exercitation ullamco laboris nisi ut aliquip ex ea commodo consequat. Duis aute irure dolor in reprehenderit in voluptate velit esse cillum dolore eu fugiat nulla pariatur. Excepteur sint occaecat cupidatat non proident, sunt in culpa qui officia deserunt mollit anim id est laborum.</p>\r\n<p>\r\n	Lorem ipsum dolor sit amet, consectetur adipisicing elit, sed do eiusmod tempor incididunt ut labore et dolore magna aliqua. Ut enim ad minim veniam, quis nostrud exercitation ullamco laboris nisi ut aliquip ex ea commodo consequat. Duis aute irure dolor in reprehenderit in voluptate velit esse cillum dolore eu fugiat nulla pariatur. Excepteur sint occaecat cupidatat non proident, sunt in culpa qui officia deserunt mollit anim id est laborum.</p>\r\n<p>\r\n	Excepteur sint occaecat cupidatat non proident, sunt in culpa qui officia deserunt mollit anim id est laborum.Lorem ipsum dolor sit amet, consectetur adipisicing elit, sed do eiusmod tempor incididunt ut labore et dolore magna aliqua.</p>\r\n<p>\r\n	Ut enim ad minim veniam, quis nostrud exercitation ullamco laboris nisi ut aliquip ex ea commodo consequat.</p>', 'Соглашение', 'Соглашение', 'Соглашение', ''),
(13, 'ru', 'Условия использования материалов сайта', '<p>\r\n	Условия использования материалов сайта</p>', 'Условия использования материалов сайта', 'Условия использования материалов сайта', 'Условия использования материалов сайта', 'Условия использования материалов сайта'),
(10, 'ru', 'Ремонт велосипедов', '<table class="item_params" height="310" style="width: 800px;" width="541">\r\n	<tbody>\r\n		<tr class="even">\r\n			<td colspan="2" style="text-align: center;">\r\n				<h3 class="title cat_title">\r\n					Услуги</h3>\r\n			</td>\r\n		</tr>\r\n		<tr class="odd">\r\n			<td style="width: 600px;">\r\n				Перекидка оборудования с рамы на раму</td>\r\n			<td>\r\n				100 грн.</td>\r\n		</tr>\r\n		<tr class="even">\r\n			<td style="width: 600px;">\r\n				Первое ТО велосипеда, после обкатки (купленногоу нас)</td>\r\n			<td>\r\n				10 грн.</td>\r\n		</tr>\r\n		<tr class="odd">\r\n			<td style="width: 600px;">\r\n				Первичный осмотр, с выявлением видимых неисправностей</td>\r\n			<td>\r\n				10 грн.</td>\r\n		</tr>\r\n		<tr class="even">\r\n			<td style="width: 600px;">\r\n				Предпродажная подготовка (для велосипедов, купленных у нас)</td>\r\n			<td>\r\n				Бесплатно</td>\r\n		</tr>\r\n		<tr class="odd">\r\n			<td style="width: 600px;">\r\n				Очистка от грязи, мойка, 100%</td>\r\n			<td>\r\n				25 грн.</td>\r\n		</tr>\r\n		<tr class="even">\r\n			<td style="width: 600px;">\r\n				Индивидуальная сборка велосипеда на заказ, замена рамы, эксклюзивные модели велосипедов и т.д.</td>\r\n			<td>\r\n				150 грн.</td>\r\n		</tr>\r\n		<tr class="odd">\r\n			<td style="width: 600px;">\r\n				Комплексное ТО- промывка, смазка, регулировка всех необходимых узлов</td>\r\n			<td>\r\n				150 грн.</td>\r\n		</tr>\r\n		<tr class="even">\r\n			<td colspan="2" style="width: 600px; text-align: center;">\r\n				<h3 class="title cat_title">\r\n					Цепь</h3>\r\n			</td>\r\n		</tr>\r\n		<tr class="odd">\r\n			<td style="width: 600px;">\r\n				Смазка цепи без промывки</td>\r\n			<td>\r\n				10 грн.</td>\r\n		</tr>\r\n		<tr class="even">\r\n			<td style="width: 600px;">\r\n				Ремонт или замена цепи с уменьшением или увеличением её длины</td>\r\n			<td>\r\n				20 грн.</td>\r\n		</tr>\r\n		<tr class="odd">\r\n			<td style="width: 600px;">\r\n				Промывка и смазка цепи включая снятие и установку</td>\r\n			<td>\r\n				40 грн.</td>\r\n		</tr>\r\n		<tr class="even">\r\n			<td colspan="2" style="text-align: center;">\r\n				<h3 class="title cat_title">\r\n					Тормозная система</h3>\r\n			</td>\r\n		</tr>\r\n		<tr class="odd">\r\n			<td>\r\n				Замена ручки тормоза (без регулировки), механика (за пару)</td>\r\n			<td>\r\n				20 грн.</td>\r\n		</tr>\r\n		<tr class="even">\r\n			<td>\r\n				Регулировка положения тормозных колодок, с заменой или без (отдельно передний и задний) ободная механика</td>\r\n			<td>\r\n				15 грн.</td>\r\n		</tr>\r\n		<tr class="odd">\r\n			<td>\r\n				Регулировка дисковых механических тормозов (отдельно передний и задний)</td>\r\n			<td>\r\n				10 грн.</td>\r\n		</tr>\r\n		<tr class="even">\r\n			<td>\r\n				Замена троса и/или рубашки тормоза (отдельно передний и задний)</td>\r\n			<td>\r\n				10 грн.</td>\r\n		</tr>\r\n		<tr class="odd">\r\n			<td>\r\n				Замена, установка ободной механической тормозной системы с регулировкой (отдельно передний и задний)</td>\r\n			<td>\r\n				20 грн.</td>\r\n		</tr>\r\n		<tr class="even">\r\n			<td>\r\n				ТО, ремонт ободной механической тормозной системы с регулировкой (отдельно передний и задний)</td>\r\n			<td>\r\n				от 10 грн.</td>\r\n		</tr>\r\n		<tr class="odd">\r\n			<td>\r\n				Установка дисковых тормозов с регулировкой (отдельно передний и задний)</td>\r\n			<td>\r\n				20 грн.</td>\r\n		</tr>\r\n		<tr class="even">\r\n			<td>\r\n				ТО, ремонт дисковых механических с регулировкой (отдельно передний и задний)</td>\r\n			<td>\r\n				от 20 грн.</td>\r\n		</tr>\r\n		<tr class="odd">\r\n			<td>\r\n				Установка гидравлической ободной тормозной системы с регулировкой (отдельно передний и задний)</td>\r\n			<td>\r\n				20 грн.</td>\r\n		</tr>\r\n		<tr class="even">\r\n			<td>\r\n				Замена ручки гидравлической тормозной системы с прокачкой</td>\r\n			<td>\r\n				от 40грн.</td>\r\n		</tr>\r\n		<tr class="odd">\r\n			<td>\r\n				Монтаж- демонтаж тормозного диска</td>\r\n			<td>\r\n				15 грн.</td>\r\n		</tr>\r\n		<tr class="even">\r\n			<td>\r\n				Чистка ротора и колодок</td>\r\n			<td>\r\n				20 грн.</td>\r\n		</tr>\r\n		<tr class="odd">\r\n			<td colspan="2" style="text-align: center;">\r\n				<h3 class="title cat_title">\r\n					Рулевая колонка, вилка, руль</h3>\r\n			</td>\r\n		</tr>\r\n		<tr class="even">\r\n			<td>\r\n				Регулировка люфта рулевой колонки</td>\r\n			<td>\r\n				5 грн.</td>\r\n		</tr>\r\n		<tr class="odd">\r\n			<td>\r\n				Ремонт рулевой колонки, техобслуживание (без деталей)</td>\r\n			<td>\r\n				от 15 грн.</td>\r\n		</tr>\r\n		<tr class="even">\r\n			<td>\r\n				Замена рулевой колонки с вырисовыванием чашек</td>\r\n			<td>\r\n				25 грн.</td>\r\n		</tr>\r\n		<tr class="odd">\r\n			<td>\r\n				Ремонт амортизационной вилки, если она ремонтнопригодна (без стоимости деталей) Эластомер</td>\r\n			<td>\r\n				от 50 грн.</td>\r\n		</tr>\r\n		<tr class="even">\r\n			<td>\r\n				Ремонт амортизационной вилки, если она ремонтнопригодна (без стоимости деталей) Пружина-масло</td>\r\n			<td>\r\n				от 100 грн.</td>\r\n		</tr>\r\n		<tr class="odd">\r\n			<td>\r\n				Ремонт амортизационной вилки, если она ремонтнопригодна (без стоимости деталей) Воздух- масло</td>\r\n			<td>\r\n				от 100 грн.</td>\r\n		</tr>\r\n		<tr class="even">\r\n			<td>\r\n				Замена выноса руля</td>\r\n			<td>\r\n				от 10 грн.</td>\r\n		</tr>\r\n		<tr class="odd">\r\n			<td>\r\n				Замена осадного якоря</td>\r\n			<td>\r\n				10 грн.</td>\r\n		</tr>\r\n		<tr class="even">\r\n			<td>\r\n				Снятие/установка дополнительных колец для выноса с регулировкой</td>\r\n			<td>\r\n				10 грн.</td>\r\n		</tr>\r\n		<tr class="odd">\r\n			<td>\r\n				Снятие/установка вилки (резьбовая)</td>\r\n			<td>\r\n				40 грн.</td>\r\n		</tr>\r\n		<tr class="even">\r\n			<td>\r\n				Снятие/установка вилки (без резьбовая)</td>\r\n			<td>\r\n				40 грн.</td>\r\n		</tr>\r\n		<tr class="odd">\r\n			<td>\r\n				Замена трубы руля с переустановкой манеток, тормозных ручек</td>\r\n			<td>\r\n				от 15 грн.</td>\r\n		</tr>\r\n		<tr class="even">\r\n			<td>\r\n				Замена ручек руля (грипсы), за пару</td>\r\n			<td>\r\n				10 грн.</td>\r\n		</tr>\r\n		<tr class="odd">\r\n		</tr>\r\n		<tr class="even">\r\n		</tr>\r\n		<tr>\r\n			<td>\r\n				Замена или установка отдельных навесок руля (манетки, тормозные ручки, рога, зеркала, фонари, сигналы и т.п.)</td>\r\n			<td>\r\n				от 10 грн.</td>\r\n		</tr>\r\n		<tr class="odd">\r\n			<td colspan="2" style="text-align: center;">\r\n				<h3 class="title cat_title">\r\n					Каретка и система шатунов, педали</h3>\r\n			</td>\r\n		</tr>\r\n		<tr class="odd">\r\n			<td>\r\n				Замена простых педалей, за пару, если нет проблем с резьбой</td>\r\n			<td>\r\n				5 грн.</td>\r\n		</tr>\r\n		<tr class="odd">\r\n			<td>\r\n				Замена каретки обычной, включая снятие и установку системы шатунов (с регулировкой)</td>\r\n			<td>\r\n				35 грн.</td>\r\n		</tr>\r\n		<tr class="odd">\r\n			<td>\r\n				Замена каретки картридж, включая снятие и установку системы шатунов (с регулировкой)</td>\r\n			<td>\r\n				35 грн.</td>\r\n		</tr>\r\n		<tr class="odd">\r\n			<td>\r\n				TO, ремонт каретки обычной, включая снятие и установку системы шатунов (без регулировки переднего переключателя или успокоителя)&nbsp;</td>\r\n			<td>\r\n				35 грн.</td>\r\n		</tr>\r\n		<tr class="odd">\r\n			<td>\r\n				Ремонт системы шатунов, замена, подбор ведущих звёздочек, установка рокринга (без регулировки переднего переключателя или успокоителя)</td>\r\n			<td>\r\n				20 грн.</td>\r\n		</tr>\r\n		<tr class="odd">\r\n			<td>\r\n				Снятие, установка фривила</td>\r\n			<td>\r\n				10 грн.</td>\r\n		</tr>\r\n		<tr class="odd">\r\n			<td>\r\n				Торцевание каретки (за сторону)</td>\r\n			<td>\r\n				10 грн.</td>\r\n		</tr>\r\n		<tr class="odd">\r\n		</tr>\r\n		<tr>\r\n			<td colspan="2" style="text-align: center;">\r\n				<h3 class="title cat_title">\r\n					Колеса</h3>\r\n			</td>\r\n		</tr>\r\n		<tr class="odd">\r\n			<td>\r\n				Правка колеса- восьмёрка до 5мм (не включая перебортовку с заменой спицы по надобности)</td>\r\n			<td>\r\n				от 20 грн.</td>\r\n		</tr>\r\n		<tr class="odd">\r\n			<td>\r\n				Переспицовка колеса</td>\r\n			<td>\r\n				от 70 грн.</td>\r\n		</tr>\r\n		<tr class="odd">\r\n			<td>\r\n				Сборка колеса (без переспицовки)</td>\r\n			<td>\r\n				10 грн.</td>\r\n		</tr>\r\n		<tr class="odd">\r\n			<td>\r\n				Регулировка натяжения конусов (люфт) втулки переднего колеса</td>\r\n			<td>\r\n				10 грн.</td>\r\n		</tr>\r\n		<tr class="odd">\r\n			<td>\r\n				Регулировка натяжения конусов (люфт) втулки заднего колеса</td>\r\n			<td>\r\n				15 грн.</td>\r\n		</tr>\r\n		<tr class="odd">\r\n			<td>\r\n				ТО, ремонт втулки переднего колеса</td>\r\n			<td>\r\n				20 грн.</td>\r\n		</tr>\r\n		<tr class="even">\r\n			<td>\r\n				ТО, ремонт втулки заднего колеса, включая снятие и установку трещотки, кассеты</td>\r\n			<td>\r\n				20 грн.</td>\r\n		</tr>\r\n		<tr class="odd">\r\n			<td>\r\n				Снятие, обратная установка (или замена) трещотки, кассеты</td>\r\n			<td>\r\n				10 грн.</td>\r\n		</tr>\r\n		<tr class="even">\r\n			<td>\r\n				Чистка трещотки, кассеты</td>\r\n			<td>\r\n				от 15 грн.</td>\r\n		</tr>\r\n		<tr class="odd">\r\n			<td>\r\n				Перебортовка колеса с накачкой (замена камеры и/или покрышки)</td>\r\n			<td>\r\n				10 грн.</td>\r\n		</tr>\r\n		<tr class="even">\r\n			<td>\r\n				Ремонт, заклейка камеры (одна заплатка), не включая перебортовку</td>\r\n			<td>\r\n				5 грн.</td>\r\n		</tr>\r\n		<tr class="odd">\r\n			<td>\r\n				Снятие и установка колеса на болтах или гайках; для велосипедов с регулируемыми дропаутами</td>\r\n			<td>\r\n				5 грн.</td>\r\n		</tr>\r\n		<tr class="even">\r\n			<td>\r\n				Подкачка колеса</td>\r\n			<td>\r\n				3 грн.</td>\r\n		</tr>\r\n		<tr class="odd">\r\n		</tr>\r\n		<tr>\r\n			<td colspan="2" style="text-align: center;">\r\n				<h3 class="title cat_title">\r\n					Система переключения передач</h3>\r\n			</td>\r\n		</tr>\r\n		<tr class="odd">\r\n			<td>\r\n				Замена петуха не включая стоимости регулировки переключателя</td>\r\n			<td>\r\n				5 грн.</td>\r\n		</tr>\r\n		<tr class="odd">\r\n			<td>\r\n				Регулировка переднего переключателя, без промывки</td>\r\n			<td>\r\n				10 грн.</td>\r\n		</tr>\r\n		<tr class="odd">\r\n			<td>\r\n				Регулировка заднего переключателя, без промывки</td>\r\n			<td>\r\n				от 10 грн.</td>\r\n		</tr>\r\n		<tr class="odd">\r\n			<td>\r\n				ТО, ремонт втулки заднего переключателя с промывкой и регулировкой</td>\r\n			<td>\r\n				от 30 грн.</td>\r\n		</tr>\r\n		<tr class="odd">\r\n			<td>\r\n				Замена переднего переключателя с регулировкой</td>\r\n			<td>\r\n				20 грн.</td>\r\n		</tr>\r\n		<tr class="odd">\r\n		</tr>\r\n		<tr class="odd">\r\n		</tr>\r\n		<tr>\r\n			<td>\r\n				Замена заднего переключателя с регулировкой</td>\r\n			<td>\r\n				20 грн.</td>\r\n		</tr>\r\n		<tr class="odd">\r\n			<td>\r\n				Замена тросика, рубашки переключателя без регулировки</td>\r\n			<td>\r\n				10 грн.</td>\r\n		</tr>\r\n		<tr class="odd">\r\n			<td colspan="2" style="text-align: center;">\r\n				<h3 class="title cat_title">\r\n					Велосипедные акксесуары</h3>\r\n			</td>\r\n		</tr>\r\n		<tr class="odd">\r\n			<td>\r\n				Установка багажника и/или крыльев</td>\r\n			<td>\r\n				15 грн.</td>\r\n		</tr>\r\n		<tr class="even">\r\n			<td>\r\n				Установка велокомпьютера</td>\r\n			<td>\r\n				10 грн.</td>\r\n		</tr>\r\n		<tr class="odd">\r\n			<td>\r\n				Установка электрооборудования с питанием от батарей</td>\r\n			<td>\r\n				5 грн.</td>\r\n		</tr>\r\n		<tr class="even">\r\n			<td>\r\n				Установка электрооборудования с питанием от динамо-машин</td>\r\n			<td>\r\n				10 грн.</td>\r\n		</tr>\r\n	</tbody>\r\n</table>\r\n<p>\r\n	&nbsp;</p>', 'Ремонт велосипедов', 'Ремонт велосипедов', 'Ремонт велосипедов', 'Ремонт велосипедов'),
(5, 'ru', 'О магазине Velox', '<p style="text-align: center;">\r\n	Здравствуйте!</p>\r\n<p>\r\n	Если Вам стало интересно, кто находится &quot;по ту сторону экрана&quot;, то этот раздел для Вас. Чтоб не обременять Вас банальным чтением о становлении и достоинствах нашего магазина, вкратце о главном :</p>\r\n<p>\r\n	- самый большой веломагазин в Крыму, вследствие чего;</p>\r\n<p>\r\n	- широчайший выбор велосипедов (от украинских до мировых брендов)</p>\r\n<p>\r\n	- регулярно появляющиеся обзоры вело-новинок (все плюсы и минусы без утайки)</p>\r\n<p>\r\n	- коллектив, который с велосипедом &quot;на ТЫ&quot;</p>\r\n<p>\r\n	- стремление быть актуальным</p>\r\n<p -="" .="" 2="" 2001="" 2009="" 3="" span="" style="\\&quot;color:">\r\n	<span span="" style="\\&quot;color:">&nbsp;А лучше, конечно приезжайте к нам в гости и все не только увидите, но и пощупаете и примеряйте! .</span></p>', 'О магазине Velox', 'О магазине Velox  , магазин Velox', 'О магазине Velox', 'О магазине Velox'),
(15, 'ru', 'Lorem ipsum dolor sit amet', '<p>\r\n	Lorem ipsum dolor sit amet, consectetur adipisicing elit, sed do eiusmod tempor incididunt ut labore et dolore magna aliqua. Ut enim ad minim veniam, quis nostrud exercitation ullamco laboris nisi ut aliquip ex ea commodo consequat. Duis aute irure dolor in reprehenderit in voluptate velit esse cillum dolore eu fugiat nulla pariatur. Excepteur sint occaecat cupidatat non proident, sunt in culpa qui officia deserunt mollit anim id est laborum.</p>', 'Lorem ipsum dolor sit amet', 'Lorem ipsum dolor sit amet', 'Lorem ipsum dolor sit amet', 'Lorem ipsum dolor sit amet'),
(16, 'ru', 'Контакты', '<p>Контакты</p>', 'Контакты', 'Контакты', 'Контакты', 'Контакты'),
(17, 'ru', 'Галерея', '<p>Галерея</p>', 'Галерея', 'Галерея', 'Галерея', 'Галерея'),
(18, 'en', '#', '<p>#</p>', '#', '#', '#', '#'),
(18, 'ru', 'За нами будущее!', '<p>Аутстаффинг&nbsp;(англ.&nbsp;out&nbsp;&mdash; &laquo;вне&raquo; + англ.&nbsp;staff&nbsp;&mdash; &laquo;штат&raquo;)&nbsp;&mdash; вывод сотрудника за штат компании-заказчика и оформление его в штат компании-подрядчика, при этом он продолжает работать на прежнем месте и выполнять свои прежние обязанности, но обязанности работодателя по отношению к нему выполняет уже компания-подрядчик.<br />\r\nКомпания-аутстаффер предоставляет сотрудников требуемой квалификации и несет ответственность за качество выполняемых персоналом услуг, если качество клиента не устраивает, персонал будет заменен на другой требуемой квалификации.<br />\r\nАутстаффинг возник в западных странах в 1970-е годы во время экономического спада. В России спрос на него возник после кризиса 1998 года[1].</p>\r\n\r\n<p><span style="line-height: 1.6em;">Иногда путают понятия &laquo;аутсорсинг&raquo; и &laquo;аутстаффинг&raquo;. Аутсорсинг&nbsp;&mdash; это передача ранее самостоятельно реализуемых компанией функций внешней компании-исполнителю, специализирующейся на реализации таких функций (например, услуги колл-центров, компаний, занимающихся уборкой зданий, юридических и бухгалтерских компаний, компаний по приготовлению и доставке обедов в офис и&nbsp;т.&nbsp;д.). Аутстаффинг предполагает передачу не функций, а конкретных работающих в компании сотрудников. При этом эти сотрудники оформляются в штат сторонней организации, а фактически работают на прежнем месте и выполняют прежние функции.</span></p>', 'Соискателям', 'Соискателям', 'Соискателям', 'За нами будущее!'),
(19, 'ru', 'Роботодателям! За нами будущее!', '<p style="margin: 0px; padding: 0px 0px 0px 10px; border: 0px; text-indent: 50px; color: rgb(70, 70, 70); font-family: Ubuntu, sans-serif; font-size: 14px; line-height: 18px;">Аутстаффинг&nbsp;(англ.&nbsp;out&nbsp;&mdash; &laquo;вне&raquo; + англ.&nbsp;staff&nbsp;&mdash; &laquo;штат&raquo;)&nbsp;&mdash; вывод сотрудника за штат компании-заказчика и оформление его в штат компании-подрядчика, при этом он продолжает работать на прежнем месте и выполнять свои прежние обязанности, но обязанности работодателя по отношению к нему выполняет уже компания-подрядчик.<br style="margin: 0px; padding: 0px; border: 0px;" />\r\nКомпания-аутстаффер предоставляет сотрудников требуемой квалификации и несет ответственность за качество выполняемых персоналом услуг, если качество клиента не устраивает, персонал будет заменен на другой требуемой квалификации.<br style="margin: 0px; padding: 0px; border: 0px;" />\r\nАутстаффинг возник в западных странах в 1970-е годы во время экономического спада. В России спрос на него возник после кризиса 1998 года[1].</p>\r\n\r\n<p style="margin: 0px; padding: 0px 0px 0px 10px; border: 0px; text-indent: 50px; color: rgb(70, 70, 70); font-family: Ubuntu, sans-serif; font-size: 14px; line-height: 18px;">Иногда путают понятия &laquo;аутсорсинг&raquo; и &laquo;аутстаффинг&raquo;. Аутсорсинг&nbsp;&mdash; это передача ранее самостоятельно реализуемых компанией функций внешней компании-исполнителю, специализирующейся на реализации таких функций (например, услуги колл-центров, компаний, занимающихся уборкой зданий, юридических и бухгалтерских компаний, компаний по приготовлению и доставке обедов в офис и&nbsp;т.&nbsp;д.). Аутстаффинг предполагает передачу не функций, а конкретных работающих в компании сотрудников. При этом эти сотрудники оформляются в штат сторонней организации, а фактически работают на прежнем месте и выполняют прежние функции.</p>\r\n\r\n<p style="margin: 0px; padding: 0px 0px 0px 10px; border: 0px; text-indent: 50px; color: rgb(70, 70, 70); font-family: Ubuntu, sans-serif; font-size: 14px; line-height: 18px;">Аутстаффинг&nbsp;(англ.&nbsp;out&nbsp;&mdash; &laquo;вне&raquo; + англ.&nbsp;staff&nbsp;&mdash; &laquo;штат&raquo;)&nbsp;&mdash; вывод сотрудника за штат компании-заказчика и оформление его в штат компании-подрядчика, при этом он продолжает работать на прежнем месте и выполнять свои прежние обязанности, но обязанности работодателя по отношению к нему выполняет уже компания-подрядчик</p>', 'Роботодателям', 'Роботодателям', 'Роботодателям', 'Роботодателям! За нами будущее!'),
(19, 'en', '#', '<p>#</p>', '#', '#', '#', '#');

-- --------------------------------------------------------

--
-- Структура таблицы `payment`
--

DROP TABLE IF EXISTS `payment`;
CREATE TABLE IF NOT EXISTS `payment` (
  `payment_id` int(11) NOT NULL AUTO_INCREMENT,
  `user_id` int(11) NOT NULL,
  `order_id` int(11) NOT NULL,
  `description` text NOT NULL,
  `date` timestamp NOT NULL DEFAULT CURRENT_TIMESTAMP ON UPDATE CURRENT_TIMESTAMP,
  `amount` decimal(9,2) NOT NULL DEFAULT '0.00',
  `currency` text NOT NULL,
  `system` enum('interkassa','paypal','webmoney','smsonline','privat24') DEFAULT NULL,
  `status` enum('pending','paid','fail') DEFAULT NULL,
  `message` varchar(1024) NOT NULL,
  `data` text NOT NULL,
  PRIMARY KEY (`payment_id`),
  KEY `user_id` (`user_id`)
) ENGINE=MyISAM  DEFAULT CHARSET=utf8 AUTO_INCREMENT=15 ;

-- --------------------------------------------------------

--
-- Структура таблицы `payment_history`
--

DROP TABLE IF EXISTS `payment_history`;
CREATE TABLE IF NOT EXISTS `payment_history` (
  `id` int(11) NOT NULL AUTO_INCREMENT,
  `user_id` int(11) NOT NULL,
  `product_name` varchar(128) NOT NULL,
  `created_at` timestamp NOT NULL DEFAULT CURRENT_TIMESTAMP,
  `amount` decimal(9,2) NOT NULL DEFAULT '0.00',
  `subscription_id` int(11) NOT NULL,
  `subscription_date_start` timestamp NOT NULL DEFAULT '0000-00-00 00:00:00',
  `subscription_date_end` timestamp NOT NULL DEFAULT '0000-00-00 00:00:00',
  `system` enum('interkassa','paypal','webmoney','smsonline') NOT NULL,
  `status` tinyint(4) NOT NULL DEFAULT '0',
  PRIMARY KEY (`id`),
  KEY `user_id` (`user_id`)
) ENGINE=MyISAM  DEFAULT CHARSET=utf8 AUTO_INCREMENT=55 ;

--
-- Дамп данных таблицы `payment_history`
--

INSERT INTO `payment_history` (`id`, `user_id`, `product_name`, `created_at`, `amount`, `subscription_id`, `subscription_date_start`, `subscription_date_end`, `system`, `status`) VALUES
(53, 3, 'Payment for the training courses: $250 USD', '2012-12-06 03:25:14', 250.00, 1, '2012-12-06 03:25:14', '0000-00-00 00:00:00', 'interkassa', 0),
(54, 3, 'Payment for the training courses: $250 USD', '2012-12-06 03:25:49', 250.00, 1, '2012-12-06 03:25:49', '0000-00-00 00:00:00', 'interkassa', 0);

-- --------------------------------------------------------

--
-- Структура таблицы `payment_smsonline`
--

DROP TABLE IF EXISTS `payment_smsonline`;
CREATE TABLE IF NOT EXISTS `payment_smsonline` (
  `user_id` int(11) NOT NULL,
  `code` varchar(8) NOT NULL,
  `update_date` timestamp NOT NULL DEFAULT CURRENT_TIMESTAMP ON UPDATE CURRENT_TIMESTAMP,
  `expires_date` timestamp NOT NULL DEFAULT '0000-00-00 00:00:00',
  PRIMARY KEY (`user_id`),
  UNIQUE KEY `code` (`code`)
) ENGINE=MyISAM DEFAULT CHARSET=utf8;

-- --------------------------------------------------------

--
-- Структура таблицы `poll`
--

DROP TABLE IF EXISTS `poll`;
CREATE TABLE IF NOT EXISTS `poll` (
  `poll_id` int(11) NOT NULL AUTO_INCREMENT,
  `date_start` timestamp NOT NULL DEFAULT CURRENT_TIMESTAMP,
  `date_end` timestamp NOT NULL DEFAULT '0000-00-00 00:00:00',
  `votes_total` int(11) NOT NULL,
  `status` int(11) NOT NULL,
  PRIMARY KEY (`poll_id`)
) ENGINE=MyISAM  DEFAULT CHARSET=utf8 AUTO_INCREMENT=3 ;

--
-- Дамп данных таблицы `poll`
--

INSERT INTO `poll` (`poll_id`, `date_start`, `date_end`, `votes_total`, `status`) VALUES
(2, '2012-02-09 07:19:13', '2012-02-23 14:00:00', 2, 1);

-- --------------------------------------------------------

--
-- Структура таблицы `poll_choices`
--

DROP TABLE IF EXISTS `poll_choices`;
CREATE TABLE IF NOT EXISTS `poll_choices` (
  `choice_id` int(11) NOT NULL AUTO_INCREMENT,
  `poll_id` int(11) NOT NULL,
  `votes` int(11) NOT NULL,
  `sort_order` int(11) NOT NULL,
  PRIMARY KEY (`choice_id`),
  KEY `poll_id` (`poll_id`)
) ENGINE=MyISAM  DEFAULT CHARSET=utf8 AUTO_INCREMENT=34 ;

--
-- Дамп данных таблицы `poll_choices`
--

INSERT INTO `poll_choices` (`choice_id`, `poll_id`, `votes`, `sort_order`) VALUES
(33, 2, 2, 0),
(32, 2, 0, 0);

-- --------------------------------------------------------

--
-- Структура таблицы `poll_choices_translation`
--

DROP TABLE IF EXISTS `poll_choices_translation`;
CREATE TABLE IF NOT EXISTS `poll_choices_translation` (
  `choice_id` int(11) NOT NULL,
  `language_code` varchar(2) NOT NULL,
  `text` varchar(255) NOT NULL,
  UNIQUE KEY `poll_id` (`choice_id`,`language_code`)
) ENGINE=MyISAM DEFAULT CHARSET=utf8;

--
-- Дамп данных таблицы `poll_choices_translation`
--

INSERT INTO `poll_choices_translation` (`choice_id`, `language_code`, `text`) VALUES
(33, 'ru', 'sss'),
(33, '3', 'sss'),
(32, 'ru', 'sdsdf'),
(32, '3', 'sdfsdf');

-- --------------------------------------------------------

--
-- Структура таблицы `poll_translation`
--

DROP TABLE IF EXISTS `poll_translation`;
CREATE TABLE IF NOT EXISTS `poll_translation` (
  `poll_id` int(11) NOT NULL,
  `language_code` varchar(2) NOT NULL,
  `text` varchar(255) NOT NULL,
  UNIQUE KEY `poll_id` (`poll_id`,`language_code`)
) ENGINE=MyISAM DEFAULT CHARSET=utf8;

--
-- Дамп данных таблицы `poll_translation`
--

INSERT INTO `poll_translation` (`poll_id`, `language_code`, `text`) VALUES
(2, 'ru', 'Опрос 1'),
(2, '3', 'Poll 1');

-- --------------------------------------------------------

--
-- Структура таблицы `poll_votes`
--

DROP TABLE IF EXISTS `poll_votes`;
CREATE TABLE IF NOT EXISTS `poll_votes` (
  `vote_id` int(11) NOT NULL AUTO_INCREMENT,
  `poll_id` int(11) NOT NULL,
  `choice_id` int(11) NOT NULL,
  `user_id` int(11) NOT NULL,
  `date` timestamp NOT NULL DEFAULT CURRENT_TIMESTAMP ON UPDATE CURRENT_TIMESTAMP,
  `host` varchar(255) NOT NULL,
  PRIMARY KEY (`vote_id`)
) ENGINE=MyISAM  DEFAULT CHARSET=utf8 AUTO_INCREMENT=8 ;

--
-- Дамп данных таблицы `poll_votes`
--

INSERT INTO `poll_votes` (`vote_id`, `poll_id`, `choice_id`, `user_id`, `date`, `host`) VALUES
(7, 2, 33, 1, '2012-03-19 07:01:23', ''),
(6, 2, 33, 0, '2012-02-13 02:09:30', '');

-- --------------------------------------------------------

--
-- Структура таблицы `price`
--

DROP TABLE IF EXISTS `price`;
CREATE TABLE IF NOT EXISTS `price` (
  `price_id` int(11) NOT NULL AUTO_INCREMENT,
  `name` varchar(255) NOT NULL,
  `description` varchar(255) NOT NULL,
  `file` varchar(255) NOT NULL,
  `sort_order` int(11) NOT NULL,
  `status` int(11) NOT NULL,
  PRIMARY KEY (`price_id`)
) ENGINE=MyISAM DEFAULT CHARSET=utf8 AUTO_INCREMENT=1 ;

-- --------------------------------------------------------

--
-- Структура таблицы `publication`
--

DROP TABLE IF EXISTS `publication`;
CREATE TABLE IF NOT EXISTS `publication` (
  `publication_id` int(11) NOT NULL AUTO_INCREMENT,
  `publication_group_id` int(11) NOT NULL,
  `publication_category_id` int(11) NOT NULL,
  `image_id` int(11) NOT NULL DEFAULT '0',
  `ident` varchar(255) NOT NULL,
  `full` varchar(200) DEFAULT NULL,
  `original` varchar(255) NOT NULL,
  `detail` varchar(255) NOT NULL,
  `preview` varchar(200) DEFAULT NULL,
  `thumbnail` varchar(200) DEFAULT NULL,
  `video` varchar(255) NOT NULL,
  `date_post` timestamp NOT NULL DEFAULT '0000-00-00 00:00:00',
  `lastmod` timestamp NOT NULL DEFAULT CURRENT_TIMESTAMP ON UPDATE CURRENT_TIMESTAMP,
  `sort_order` int(11) NOT NULL,
  `status` int(11) NOT NULL,
  `author_id` int(11) NOT NULL,
  `last_edit_id` int(11) NOT NULL,
  PRIMARY KEY (`publication_id`),
  UNIQUE KEY `ident` (`ident`)
) ENGINE=MyISAM  DEFAULT CHARSET=utf8 AUTO_INCREMENT=72 ;

--
-- Дамп данных таблицы `publication`
--

INSERT INTO `publication` (`publication_id`, `publication_group_id`, `publication_category_id`, `image_id`, `ident`, `full`, `original`, `detail`, `preview`, `thumbnail`, `video`, `date_post`, `lastmod`, `sort_order`, `status`, `author_id`, `last_edit_id`) VALUES
(3, 4, 3, 0, 'wscv', 'wscv-3-3-900x700.jpg', '', 'wscv-3-3-1x1.jpg', 'wscv-3-3-211x137.jpg', 'wscv-3-3-211x137.jpg', '', '2012-08-30 03:28:51', '2013-03-26 16:32:04', 3, 1, 0, 0),
(6, 4, 4, 0, 'Eccellente-Arabica-1002', 'Eccellente-Arabica-1002-6-6-900x700.jpg', '', 'Eccellente-Arabica-1002-6-6-1x1.jpg', 'Eccellente-Arabica-1002-6-6-211x137.jpg', 'Eccellente-Arabica-1002-6-6-211x137.jpg', '', '2012-12-10 04:06:55', '2013-03-26 16:33:09', 6, 1, 0, 0),
(7, 4, 4, 0, 'davno-vyiyasneno-chto-pri-otsenke', 'davno-vyiyasneno-chto-pri-otsenke-7-7-900x700.jpg', '', 'davno-vyiyasneno-chto-pri-otsenke-7-7-1x1.jpg', 'davno-vyiyasneno-chto-pri-otsenke-7-7-211x137.jpg', 'davno-vyiyasneno-chto-pri-otsenke-7-7-211x137.jpg', '', '2012-12-10 04:07:57', '2013-03-26 16:32:42', 7, 1, 0, 0),
(10, 4, 2, 0, 'vyipusk-ot-15-dekabrya', 'vyipusk-ot-15-dekabrya-10-10-900x700.jpg', '', 'vyipusk-ot-15-dekabrya-10-10-1x1.jpg', 'vyipusk-ot-15-dekabrya-10-10-211x137.jpg', 'vyipusk-ot-15-dekabrya-10-10-211x137.jpg', '', '2012-12-10 07:38:28', '2013-03-26 16:33:48', 1, 1, 0, 0),
(13, 4, 3, 0, 'davno-vyiyasneno-chto-pri-otsenke-dizayna-i-kompozitsii3', NULL, '', '', NULL, NULL, '', '2012-12-15 04:38:24', '2013-03-26 16:31:44', 0, 1, 0, 0),
(63, 7, 0, 0, 'raznorabochiy', NULL, '', '', NULL, NULL, '', '2013-09-13 19:31:18', '2013-09-13 19:40:36', 2, 1, 8, 8),
(65, 7, 0, 0, 'rabotnik-stolovoy', NULL, '', '', NULL, NULL, '', '2013-09-14 04:37:06', '2013-09-14 04:41:28', 3, 1, 8, 8),
(29, 4, 2, 0, 'kubok-pervogo-kanala-po-hokkeyu-finlyandiya-shvetsiya', 'kubok-pervogo-kanala-po-hokkeyu-finlyandiya-shvetsiya-29-29-900x700.jpg', '', 'kubok-pervogo-kanala-po-hokkeyu-finlyandiya-shvetsiya-29-29-1x1.jpg', 'kubok-pervogo-kanala-po-hokkeyu-finlyandiya-shvetsiya-29-29-211x137.jpg', 'kubok-pervogo-kanala-po-hokkeyu-finlyandiya-shvetsiya-29-29-211x137.jpg', '', '2012-12-15 05:10:20', '2013-03-26 16:34:00', 29, 1, 0, 0),
(30, 4, 2, 0, 'kung-fu-panda-sekretyi-neistovoy-pyaterki', 'kung-fu-panda-sekretyi-neistovoy-pyaterki-30-30-900x700.jpg', '', 'kung-fu-panda-sekretyi-neistovoy-pyaterki-30-30-1x1.jpg', 'kung-fu-panda-sekretyi-neistovoy-pyaterki-30-30-211x137.jpg', 'kung-fu-panda-sekretyi-neistovoy-pyaterki-30-30-211x137.jpg', '', '2012-12-15 05:11:49', '2013-03-26 16:33:56', 30, 1, 0, 0),
(31, 4, 2, 0, 'amerika-prihodit-v-sebya-posle-tragedii-v-shtate-konnektikut', 'amerika-prihodit-v-sebya-posle-tragedii-v-shtate-konnektikut-31-31-900x700.jpg', '', 'amerika-prihodit-v-sebya-posle-tragedii-v-shtate-konnektikut-31-31-1x1.jpg', 'amerika-prihodit-v-sebya-posle-tragedii-v-shtate-konnektikut-31-31-211x137.jpg', 'amerika-prihodit-v-sebya-posle-tragedii-v-shtate-konnektikut-31-31-211x137.jpg', '', '2012-12-15 05:14:19', '2013-03-26 16:33:52', 31, 1, 0, 0),
(32, 4, 3, 0, 'anton-sereda-zigrae-sherloka-holmsa', 'anton-sereda-zigrae-sherloka-holmsa-32-32-900x700.jpg', '', 'anton-sereda-zigrae-sherloka-holmsa-32-32-1x1.jpg', 'anton-sereda-zigrae-sherloka-holmsa-32-32-211x137.jpg', 'anton-sereda-zigrae-sherloka-holmsa-32-32-211x137.jpg', '', '2012-12-15 05:16:25', '2013-09-13 10:39:14', 32, 1, 0, 8),
(71, 9, 0, 0, 'lizing-personala', NULL, '', '', NULL, NULL, '', '2013-09-15 07:48:43', '2013-09-15 07:49:28', 3, 1, 8, 8),
(40, 4, 2, 0, 'kontaktnaya-informatsiya', NULL, '', '', NULL, NULL, '', '2013-07-10 09:41:30', '2013-07-10 09:42:20', 0, 1, 3, 3),
(70, 9, 0, 0, 'autsorsing', NULL, '', '', NULL, NULL, '', '2013-09-15 07:43:56', '2013-09-15 07:48:17', 2, 1, 8, 8),
(68, 9, 0, 0, 'podbor-personala', NULL, '', '', NULL, NULL, '', '2013-09-15 06:40:07', '2013-09-15 06:42:19', 4, 1, 8, 8),
(43, 5, 0, 0, 'kontaktnaya-informatsiya1', NULL, '', '', NULL, NULL, '', '2013-07-22 08:57:39', '2013-07-22 08:58:15', 0, 1, 3, 3),
(44, 5, 0, 0, 'kontaktnaya-informatsiya3', NULL, '', '', NULL, NULL, '', '2013-07-22 09:10:27', '2013-07-22 09:10:47', 0, 1, 3, 3),
(64, 9, 0, 0, 'autstaffing', NULL, '', '', NULL, NULL, '', '2013-09-13 19:53:04', '2013-09-13 19:59:27', 1, 1, 8, 8),
(62, 7, 0, 0, 'gruzchik', NULL, '', '', NULL, NULL, '', '2013-09-13 19:21:53', '2013-09-13 19:23:30', 1, 1, 8, 8);

-- --------------------------------------------------------

--
-- Структура таблицы `publication_category`
--

DROP TABLE IF EXISTS `publication_category`;
CREATE TABLE IF NOT EXISTS `publication_category` (
  `publication_category_id` int(10) unsigned NOT NULL AUTO_INCREMENT,
  `parent_id` int(10) unsigned NOT NULL DEFAULT '0',
  `publication_group_id` int(10) unsigned NOT NULL DEFAULT '0',
  `thumbnail` varchar(255) DEFAULT NULL,
  `preview` varchar(255) DEFAULT NULL,
  `full` varchar(255) DEFAULT NULL,
  `ident` varchar(200) NOT NULL,
  `on_main` tinyint(1) NOT NULL,
  `sort_order` int(11) NOT NULL,
  `status` tinyint(4) NOT NULL DEFAULT '1',
  `lastmod` timestamp NOT NULL DEFAULT CURRENT_TIMESTAMP ON UPDATE CURRENT_TIMESTAMP,
  `author_id` int(11) NOT NULL,
  `last_edit_id` int(11) NOT NULL,
  PRIMARY KEY (`publication_category_id`),
  UNIQUE KEY `ident` (`ident`),
  KEY `parent` (`parent_id`)
) ENGINE=MyISAM  DEFAULT CHARSET=utf8 AUTO_INCREMENT=5 ;

--
-- Дамп данных таблицы `publication_category`
--

INSERT INTO `publication_category` (`publication_category_id`, `parent_id`, `publication_group_id`, `thumbnail`, `preview`, `full`, `ident`, `on_main`, `sort_order`, `status`, `lastmod`, `author_id`, `last_edit_id`) VALUES
(1, 0, 1, NULL, NULL, 'premium-liniya-1.png', '123123', 0, 11, 1, '2012-11-19 06:15:09', 0, 0);

-- --------------------------------------------------------

--
-- Структура таблицы `publication_category_translation`
--

DROP TABLE IF EXISTS `publication_category_translation`;
CREATE TABLE IF NOT EXISTS `publication_category_translation` (
  `publication_category_id` int(11) NOT NULL,
  `language_code` varchar(2) NOT NULL,
  `name` varchar(255) NOT NULL,
  `description` text NOT NULL,
  `page_title` text NOT NULL,
  `meta_description` text NOT NULL,
  `meta_keywords` text NOT NULL,
  `description_img` varchar(1024) NOT NULL,
  PRIMARY KEY (`publication_category_id`,`language_code`)
) ENGINE=MyISAM DEFAULT CHARSET=utf8;

-- --------------------------------------------------------

--
-- Структура таблицы `publication_group`
--

DROP TABLE IF EXISTS `publication_group`;
CREATE TABLE IF NOT EXISTS `publication_group` (
  `publication_group_id` int(11) NOT NULL AUTO_INCREMENT,
  `ident` varchar(32) NOT NULL,
  `role` int(100) DEFAULT NULL,
  `items_per_page` int(11) NOT NULL DEFAULT '5',
  `image_status` int(1) NOT NULL,
  `period_newest` smallint(6) NOT NULL DEFAULT '0',
  `count_on_main` smallint(6) NOT NULL,
  `date_format` varchar(32) NOT NULL,
  `count_row` smallint(6) NOT NULL DEFAULT '3',
  `author_id` int(11) NOT NULL,
  `last_edit_id` int(11) NOT NULL,
  PRIMARY KEY (`publication_group_id`)
) ENGINE=MyISAM  DEFAULT CHARSET=utf8 AUTO_INCREMENT=10 ;

--
-- Дамп данных таблицы `publication_group`
--

INSERT INTO `publication_group` (`publication_group_id`, `ident`, `role`, `items_per_page`, `image_status`, `period_newest`, `count_on_main`, `date_format`, `count_row`, `author_id`, `last_edit_id`) VALUES
(4, 'blog', NULL, 16, 1, 7, 3, 'd/m/Y', 3, 0, 8),
(5, 'test', NULL, 10, 0, 7, 8, 'd/m/Y', 3, 3, 3),
(9, 'rabotodatelyam', NULL, 10, 1, 7, 3, 'd/m/Y', 3, 8, 8),
(7, 'soiskatelyam', NULL, 10, 1, 7, 8, 'd/m/Y', 3, 8, 8);

-- --------------------------------------------------------

--
-- Структура таблицы `publication_group_translation`
--

DROP TABLE IF EXISTS `publication_group_translation`;
CREATE TABLE IF NOT EXISTS `publication_group_translation` (
  `publication_group_id` int(11) NOT NULL,
  `language_code` varchar(2) NOT NULL,
  `name` varchar(255) NOT NULL,
  `description` text NOT NULL,
  `page_title` varchar(1024) NOT NULL DEFAULT '',
  `meta_description` varchar(1024) NOT NULL DEFAULT '',
  `meta_keywords` varchar(1024) NOT NULL DEFAULT '',
  PRIMARY KEY (`publication_group_id`,`language_code`)
) ENGINE=MyISAM DEFAULT CHARSET=utf8;

--
-- Дамп данных таблицы `publication_group_translation`
--

INSERT INTO `publication_group_translation` (`publication_group_id`, `language_code`, `name`, `description`, `page_title`, `meta_description`, `meta_keywords`) VALUES
(2, 'ru', 'Статьи', 'Модуль "Статьи" предназначен для ввода, хранения и вывода на сайте различных информационных материалов (статей).\r\nСтатьи могут содержать произвольный текст, картинки, ссылки, таблицы, видео, flash и другие объекты. Для более удобной работы со статьями используется встроенный визуальный редактор, который позволяет с легкостью, как и в MS Word, редактировать содержимое статьи.', '', '', ''),
(4, 'ru', 'Блог', 'Блог', 'Блог', 'Блог', 'Блог'),
(5, 'ru', 'test', 'test', 'test', 'test', 'test'),
(5, 'en', 'test', 'test', 'test', 'test', 'test'),
(9, 'ru', 'Работодателям', 'Работодателям', 'Работодателям', 'Работодателям', 'Работодателям'),
(7, 'ru', 'Соискателям', 'Соискателям', 'Соискателям', 'Соискателям', 'Соискателям'),
(7, 'en', 'Applicants', 'Applicants', 'Applicants', 'Applicants', 'Applicants'),
(9, 'en', '#', '#', '#', '#', '#'),
(4, 'en', '#', '#', '#', '#', '#');

-- --------------------------------------------------------

--
-- Структура таблицы `publication_translation`
--

DROP TABLE IF EXISTS `publication_translation`;
CREATE TABLE IF NOT EXISTS `publication_translation` (
  `publication_id` int(11) NOT NULL,
  `language_code` varchar(2) NOT NULL,
  `title` varchar(255) NOT NULL,
  `body` text NOT NULL,
  `page_title` varchar(255) NOT NULL DEFAULT '',
  `meta_description` varchar(255) NOT NULL,
  `meta_keywords` varchar(255) NOT NULL,
  `description_img` varchar(1024) NOT NULL,
  PRIMARY KEY (`publication_id`,`language_code`)
) ENGINE=MyISAM DEFAULT CHARSET=utf8;

--
-- Дамп данных таблицы `publication_translation`
--

INSERT INTO `publication_translation` (`publication_id`, `language_code`, `title`, `body`, `page_title`, `meta_description`, `meta_keywords`, `description_img`) VALUES
(3, 'ru', 'Давно выяснено, что при оценке дизайна и композиции', '<p>Давно выяснено, что при оценке дизайна и композиции читаемый текст мешает сосредоточиться. Lorem Ipsum используют потому, что тот обеспечивает более или менее стандартное заполнение шаблона, а также реальное распределение букв и пробелов в абзацах, которое не получается при простой дубликации &quot;Здесь ваш текст.. Здесь ваш текст.. Здесь ваш текст..&quot; Многие программы электронной вёрстки и редакторы HTML используют Lorem Ipsum в качестве текста по умолчанию, так что поиск по ключевым словам &quot;lorem ipsum&quot; сразу показывает, как много веб-страниц всё ещё дожидаются своего настоящего рождения. За прошедшие годы текст Lorem Ipsum получил много версий. Некоторые версии появились по ошибке, некоторые - намеренно (например, юмористические варианты).</p>', 'Давно выяснено, что при оценке дизайна и композиции', 'Давно выяснено, что при оценке дизайна и композиции', 'Давно выяснено, что при оценке дизайна и композиции', ''),
(10, 'ru', 'Выпуск от 15 декабря', '<p>Давно выяснено, что при оценке дизайна и композиции читаемый текст мешает сосредоточиться. Lorem Ipsum используют потому, что тот обеспечивает более или менее стандартное заполнение шаблона, а также реальное распределение букв и пробелов в абзацах, которое не получается при простой дубликации &quot;Здесь ваш текст.. Здесь ваш текст.. Здесь ваш текст..&quot; Многие программы электронной вёрстки и редакторы HTML используют Lorem Ipsum в качестве текста по умолчанию, так что поиск по ключевым словам &quot;lorem ipsum&quot; сразу показывает, как много веб-страниц всё ещё дожидаются своего настоящего рождения. За прошедшие годы текст Lorem Ipsum получил много версий. Некоторые версии появились по ошибке, некоторые - намеренно (например, юмористические варианты).</p>', 'Выпуск от 15 декабря', 'Выпуск от 15 декабря', 'Выпуск от 15 декабря', 'Выпуск от 15 декабря'),
(13, 'ru', 'Давно выяснено, что при оценке дизайна и композиции3', '<p>Давно выяснено, что при оценке дизайна и композиции читаемый текст мешает сосредоточиться. Lorem Ipsum используют потому, что тот обеспечивает более или менее стандартное заполнение шаблона, а также реальное распределение букв и пробелов в абзацах, которое не получается при простой дубликации &quot;Здесь ваш текст.. Здесь ваш текст.. Здесь ваш текст..&quot; Многие программы электронной вёрстки и редакторы HTML используют Lorem Ipsum в качестве текста по умолчанию, так что поиск по ключевым словам &quot;lorem ipsum&quot; сразу показывает, как много веб-страниц всё ещё дожидаются своего настоящего рождения. За прошедшие годы текст Lorem Ipsum получил много версий. Некоторые версии появились по ошибке, некоторые - намеренно (например, юмористические варианты).</p>', 'Давно выяснено, что при оценке дизайна и композиции3', 'Давно выяснено, что при оценке дизайна и композиции3', 'Давно выяснено, что при оценке дизайна и композиции3', ''),
(14, 'ru', 'Давно выяснено, что при оценке дизайна и композиции4', '<p>Давно выяснено, что при оценке дизайна и композиции читаемый текст мешает сосредоточиться. Lorem Ipsum используют потому, что тот обеспечивает более или менее стандартное заполнение шаблона, а также реальное распределение букв и пробелов в абзацах, которое не получается при простой дубликации &quot;Здесь ваш текст.. Здесь ваш текст.. Здесь ваш текст..&quot; Многие программы электронной вёрстки и редакторы HTML используют Lorem Ipsum в качестве текста по умолчанию, так что поиск по ключевым словам &quot;lorem ipsum&quot; сразу показывает, как много веб-страниц всё ещё дожидаются своего настоящего рождения. За прошедшие годы текст Lorem Ipsum получил много версий. Некоторые версии появились по ошибке, некоторые - намеренно (например, юмористические варианты).</p>', 'Давно выяснено, что при оценке дизайна и композиции4', 'Давно выяснено, что при оценке дизайна и композиции4', 'Давно выяснено, что при оценке дизайна и композиции4', 'Давно выяснено, что при оценке дизайна и композиции4'),
(28, 'ru', 'Человек и закон', '<p>Давно выяснено, что при оценке дизайна и композиции читаемый текст мешает сосредоточиться. Lorem Ipsum используют потому, что тот обеспечивает более или менее стандартное заполнение шаблона, а также реальное распределение букв и пробелов в абзацах, которое не получается при простой дубликации &quot;Здесь ваш текст.. Здесь ваш текст.. Здесь ваш текст..&quot; Многие программы электронной вёрстки и редакторы HTML используют Lorem Ipsum в качестве текста по умолчанию, так что поиск по ключевым словам &quot;lorem ipsum&quot; сразу показывает, как много веб-страниц всё ещё дожидаются своего настоящего рождения. За прошедшие годы текст Lorem Ipsum получил много версий. Некоторые версии появились по ошибке, некоторые - намеренно (например, юмористические варианты).</p>', 'Человек и закон', 'Человек и закон', 'Человек и закон', ''),
(29, 'ru', 'Кубок Первого канала по хоккею. Финляндия - Швеция', '<p>Давно выяснено, что при оценке дизайна и композиции читаемый текст мешает сосредоточиться. Lorem Ipsum используют потому, что тот обеспечивает более или менее стандартное заполнение шаблона, а также реальное распределение букв и пробелов в абзацах, которое не получается при простой дубликации &quot;Здесь ваш текст.. Здесь ваш текст.. Здесь ваш текст..&quot; Многие программы электронной вёрстки и редакторы HTML используют Lorem Ipsum в качестве текста по умолчанию, так что поиск по ключевым словам &quot;lorem ipsum&quot; сразу показывает, как много веб-страниц всё ещё дожидаются своего настоящего рождения. За прошедшие годы текст Lorem Ipsum получил много версий. Некоторые версии появились по ошибке, некоторые - намеренно (например, юмористические варианты).</p>', 'Кубок Первого канала по хоккею. Финляндия - Швеция', 'Кубок Первого канала по хоккею. Финляндия - Швеция', 'Кубок Первого канала по хоккею. Финляндия - Швеция', ''),
(30, 'ru', 'Кунг-фу Панда: Секреты неистовой пятерки', '<p>Давно выяснено, что при оценке дизайна и композиции читаемый текст мешает сосредоточиться. Lorem Ipsum используют потому, что тот обеспечивает более или менее стандартное заполнение шаблона, а также реальное распределение букв и пробелов в абзацах, которое не получается при простой дубликации &quot;Здесь ваш текст.. Здесь ваш текст.. Здесь ваш текст..&quot; Многие программы электронной вёрстки и редакторы HTML используют Lorem Ipsum в качестве текста по умолчанию, так что поиск по ключевым словам &quot;lorem ipsum&quot; сразу показывает, как много веб-страниц всё ещё дожидаются своего настоящего рождения. За прошедшие годы текст Lorem Ipsum получил много версий. Некоторые версии появились по ошибке, некоторые - намеренно (например, юмористические варианты).</p>', 'Кунг-фу Панда: Секреты неистовой пятерки', 'Кунг-фу Панда: Секреты неистовой пятерки', 'Кунг-фу Панда: Секреты неистовой пятерки', ''),
(31, 'ru', 'Америка приходит в себя после трагедии в штате Коннектикут', '<p>Давно выяснено, что при оценке дизайна и композиции читаемый текст мешает сосредоточиться. Lorem Ipsum используют потому, что тот обеспечивает более или менее стандартное заполнение шаблона, а также реальное распределение букв и пробелов в абзацах, которое не получается при простой дубликации &quot;Здесь ваш текст.. Здесь ваш текст.. Здесь ваш текст..&quot; Многие программы электронной вёрстки и редакторы HTML используют Lorem Ipsum в качестве текста по умолчанию, так что поиск по ключевым словам &quot;lorem ipsum&quot; сразу показывает, как много веб-страниц всё ещё дожидаются своего настоящего рождения. За прошедшие годы текст Lorem Ipsum получил много версий. Некоторые версии появились по ошибке, некоторые - намеренно (например, юмористические варианты).</p>', 'Америка приходит в себя после трагедии в штате Коннектикут', 'Америка приходит в себя после трагедии в штате Коннектикут', 'Америка приходит в себя после трагедии в штате Коннектикут', ''),
(32, 'ru', 'Антон Середа зіграє Шерлока Холмса', '<p>Давно выяснено, что при оценке дизайна и композиции читаемый текст мешает сосредоточиться. Lorem Ipsum используют потому, что тот обеспечивает более или менее стандартное заполнение шаблона, а также реальное распределение букв и пробелов в абзацах, которое не получается при простой дубликации &quot;Здесь ваш текст.. Здесь ваш текст.. Здесь ваш текст..&quot; Многие программы электронной вёрстки и редакторы HTML используют Lorem Ipsum в качестве текста по умолчанию, так что поиск по ключевым словам &quot;lorem ipsum&quot; сразу показывает, как много веб-страниц всё ещё дожидаются своего настоящего рождения. За прошедшие годы текст Lorem Ipsum получил много версий. Некоторые версии появились по ошибке, некоторые - намеренно (например, юмористические варианты).</p>', 'Антон Середа зіграє Шерлока Холмса', 'Антон Середа зіграє Шерлока Холмса', 'Антон Середа зіграє Шерлока Холмса', ''),
(6, 'ru', 'Eccellente Arabica 100%', '<p>Давно выяснено, что при оценке дизайна и композиции читаемый текст мешает сосредоточиться. Lorem Ipsum используют потому, что тот обеспечивает более или менее стандартное заполнение шаблона, а также реальное распределение букв и пробелов в абзацах, которое не получается при простой дубликации &quot;Здесь ваш текст.. Здесь ваш текст.. Здесь ваш текст..&quot; Многие программы электронной вёрстки и редакторы HTML используют Lorem Ipsum в качестве текста по умолчанию, так что поиск по ключевым словам &quot;lorem ipsum&quot; сразу показывает, как много веб-страниц всё ещё дожидаются своего настоящего рождения. За прошедшие годы текст Lorem Ipsum получил много версий. Некоторые версии появились по ошибке, некоторые - намеренно (например, юмористические варианты).</p>', 'Eccellente Arabica 100%', 'Eccellente Arabica 100%', 'Eccellente Arabica 100%', ''),
(7, 'ru', 'Давно выяснено, что при оценке', '<p>Давно выяснено, что при оценке дизайна и композиции читаемый текст мешает сосредоточиться. Lorem Ipsum используют потому, что тот обеспечивает более или менее стандартное заполнение шаблона, а также реальное распределение букв и пробелов в абзацах, которое не получается при простой дубликации &quot;Здесь ваш текст.. Здесь ваш текст.. Здесь ваш текст..&quot; Многие программы электронной вёрстки и редакторы HTML используют Lorem Ipsum в качестве текста по умолчанию, так что поиск по ключевым словам &quot;lorem ipsum&quot; сразу показывает, как много веб-страниц всё ещё дожидаются своего настоящего рождения. За прошедшие годы текст Lorem Ipsum получил много версий. Некоторые версии появились по ошибке, некоторые - намеренно (например, юмористические варианты).</p>', 'Давно выяснено, что при оценке', 'Давно выяснено, что при оценке', 'Давно выяснено, что при оценке', ''),
(14, 'en', 'sdfsdfsdf', '<p>sfsdfsdfsdf</p>', 'sdfsdf', 'sdfsd', 'fsdf', 'sdfsdfsdf'),
(44, 'ru', 'Контактная информация3', '<p>Контактная информация3</p>', 'Контактная информация3', 'Контактная информация3', 'Контактная информация3', 'Контактная информация3'),
(44, 'en', 'Контактная информация3', '<p>Контактная информация3</p>', 'Контактная информация3', 'Контактная информация3', 'Контактная информация3', 'Контактная информация3'),
(64, 'ru', 'Аутстаффинг', '<p>Lorem ipsum dolor sit amet, eius ornatus no mea. Tempor alienum ne usu, nihil molestiae eum an, cu prompta delicata expetenda duo. Ut vix vide impetus, an duo elit delicata praesent. Solet iracundia mei in, ea nulla electram eos, ne sea mediocrem contentiones. Dolore graeco eam ea, erat denique vis et, no mel populo signiferumque.</p>\r\n\r\n<p>Pri cu legere virtute laboramus, ipsum euripidis mea ea, cu sea nibh veri. Cu pri dicta mandamus voluptatibus, pri congue dicunt adipiscing cu. Ut dicit molestie sadipscing nam. Sed euismod tibique te, ei probo simul vix, civibus consectetuer usu ea. Eu mundi graecis nam, perfecto pertinacia no eos.</p>\r\n\r\n<p>Sea tation corrumpit ex, vim labore persecuti an. Vis quem wisi indoctum et, ne vel tantas nullam diceret. Qui ex clita nemore, per quas liberavisse ne. Usu tantas verear accusam ut. Id erat habeo erant pri, tation postea mea at, pri everti scripserit interesset cu.</p>\r\n\r\n<p>Vero doctus has cu, eum option vivendo ad. Eam an case prima timeam, illud fugit ex eum. Meis quaestio in vim, vim vide voluptatibus eu, id usu appetere disputationi definitiones. Duis inani discere at vis. Posse semper ullamcorper quo ex. Doming repudiandae mel id, sit delenit atomorum posidonium ex. Nec mandamus scripserit at, cu nam impedit volutpat, ea usu harum putant.</p>\r\n\r\n<p>Vim ei accusata quaestio posidonium, ad sed diceret detraxit. Convenire persequeris sed an, ex principes corrumpit cum. Quodsi maluisset gubergren at sit, sit possim graecis deserunt id. Te pri elit splendide instructior, unum viderer mea at. Ex ocurreret constituto per.</p>', 'Аутстаффинг', 'Аутстаффинг', 'Аутстаффинг', 'Аутстаффинг'),
(65, 'ru', 'Работник столовой', '<p>Аутстаффинг&nbsp;(англ.&nbsp;out&nbsp;&mdash; &laquo;вне&raquo; + англ.&nbsp;staff&nbsp;&mdash; &laquo;штат&raquo;)&nbsp;&mdash; вывод сотрудника за штат компании-заказчика и оформление его в штат компании-подрядчика, при этом он продолжает работать на прежнем месте и выполнять свои прежние обязанности, но обязанности работодателя по отношению к нему выполняет уже компания-подрядчик.<br />\r\nКомпания-аутстаффер предоставляет сотрудников требуемой квалификации и несет ответственность за качество выполняемых персоналом услуг, если качество клиента не устраивает, персонал будет заменен на другой требуемой квалификации.<br />\r\nАутстаффинг возник в западных странах в 1970-е годы во время экономического спада. В России спрос на него возник после кризиса 1998 года[1].</p>\r\n\r\n<p>Иногда путают понятия &laquo;аутсорсинг&raquo; и &laquo;аутстаффинг&raquo;. Аутсорсинг&nbsp;&mdash; это передача ранее самостоятельно реализуемых компанией функций внешней компании-исполнителю, специализирующейся на реализации таких функций (например, услуги колл-центров, компаний, занимающихся уборкой зданий, юридических и бухгалтерских компаний, компаний по приготовлению и доставке обедов в офис и&nbsp;т.&nbsp;д.). Аутстаффинг предполагает передачу не функций, а конкретных работающих в компании сотрудников. При этом эти сотрудники оформляются в штат сторонней организации, а фактически работают на прежнем месте и выполняют прежние функции.</p>', 'Работник столовой', 'Работник столовой', 'Работник столовой', 'Работник столовой'),
(62, 'ru', 'Грузчик', '<p style="margin: 0px; padding: 0px 0px 0px 10px; border: 0px; text-indent: 50px; color: rgb(70, 70, 70); font-family: Ubuntu, sans-serif; font-size: 14px; line-height: 18px;">Аутстаффинг&nbsp;(англ.&nbsp;out&nbsp;&mdash; &laquo;вне&raquo; + англ.&nbsp;staff&nbsp;&mdash; &laquo;штат&raquo;)&nbsp;&mdash; вывод сотрудника за штат компании-заказчика и оформление его в штат компании-подрядчика, при этом он продолжает работать на прежнем месте и выполнять свои прежние обязанности, но обязанности работодателя по отношению к нему выполняет уже компания-подрядчик.<br style="margin: 0px; padding: 0px; border: 0px;" />\r\nКомпания-аутстаффер предоставляет сотрудников требуемой квалификации и несет ответственность за качество выполняемых персоналом услуг, если качество клиента не устраивает, персонал будет заменен на другой требуемой квалификации.<br style="margin: 0px; padding: 0px; border: 0px;" />\r\nАутстаффинг возник в западных странах в 1970-е годы во время экономического спада. В России спрос на него возник после кризиса 1998 года[1].</p>\r\n\r\n<p style="margin: 0px; padding: 0px 0px 0px 10px; border: 0px; text-indent: 50px; color: rgb(70, 70, 70); font-family: Ubuntu, sans-serif; font-size: 14px; line-height: 18px;">Иногда путают понятия &laquo;аутсорсинг&raquo; и &laquo;аутстаффинг&raquo;. Аутсорсинг&nbsp;&mdash; это передача ранее самостоятельно реализуемых компанией функций внешней компании-исполнителю, специализирующейся на реализации таких функций (например, услуги колл-центров, компаний, занимающихся уборкой зданий, юридических и бухгалтерских компаний, компаний по приготовлению и доставке обедов в офис и&nbsp;т.&nbsp;д.). Аутстаффинг предполагает передачу не функций, а конкретных работающих в компании сотрудников. При этом эти сотрудники оформляются в штат сторонней организации, а фактически работают на прежнем месте и выполняют прежние функции.</p>', 'Грузчик', 'Грузчик', 'Грузчик', 'Грузчик'),
(63, 'ru', 'Разнорабочий', '<p>Аутстаффинг&nbsp;(англ.&nbsp;out&nbsp;&mdash; &laquo;вне&raquo; + англ.&nbsp;staff&nbsp;&mdash; &laquo;штат&raquo;)&nbsp;&mdash; вывод сотрудника за штат компании-заказчика и оформление его в штат компании-подрядчика, при этом он продолжает работать на прежнем месте и выполнять свои прежние обязанности, но обязанности работодателя по отношению к нему выполняет уже компания-подрядчик.<br />\r\nКомпания-аутстаффер предоставляет сотрудников требуемой квалификации и несет ответственность за качество выполняемых персоналом услуг, если качество клиента не устраивает, персонал будет заменен на другой требуемой квалификации.<br />\r\nАутстаффинг возник в западных странах в 1970-е годы во время экономического спада. В России спрос на него возник после кризиса 1998 года[1].</p>\r\n\r\n<p>Иногда путают понятия &laquo;аутсорсинг&raquo; и &laquo;аутстаффинг&raquo;. Аутсорсинг&nbsp;&mdash; это передача ранее самостоятельно реализуемых компанией функций внешней компании-исполнителю, специализирующейся на реализации таких функций (например, услуги колл-центров, компаний, занимающихся уборкой зданий, юридических и бухгалтерских компаний, компаний по приготовлению и доставке обедов в офис и&nbsp;т.&nbsp;д.). Аутстаффинг предполагает передачу не функций, а конкретных работающих в компании сотрудников. При этом эти сотрудники оформляются в штат сторонней организации, а фактически работают на прежнем месте и выполняют прежние функции.</p>', 'Разнорабочий', 'Разнорабочий', 'Разнорабочий', 'Разнорабочий'),
(68, 'ru', 'Подбор персонала', '<p>Lorem ipsum dolor sit amet, eius ornatus no mea. Tempor alienum ne usu, nihil molestiae eum an, cu prompta delicata expetenda duo. Ut vix vide impetus, an duo elit delicata praesent. Solet iracundia mei in, ea nulla electram eos, ne sea mediocrem contentiones. Dolore graeco eam ea, erat denique vis et, no mel populo signiferumque.</p>\r\n\r\n<p>Pri cu legere virtute laboramus, ipsum euripidis mea ea, cu sea nibh veri. Cu pri dicta mandamus voluptatibus, pri congue dicunt adipiscing cu. Ut dicit molestie sadipscing nam. Sed euismod tibique te, ei probo simul vix, civibus consectetuer usu ea. Eu mundi graecis nam, perfecto pertinacia no eos.</p>\r\n\r\n<p>Sea tation corrumpit ex, vim labore persecuti an. Vis quem wisi indoctum et, ne vel tantas nullam diceret. Qui ex clita nemore, per quas liberavisse ne. Usu tantas verear accusam ut. Id erat habeo erant pri, tation postea mea at, pri everti scripserit interesset cu.</p>\r\n\r\n<p>Vero doctus has cu, eum option vivendo ad. Eam an case prima timeam, illud fugit ex eum. Meis quaestio in vim, vim vide voluptatibus eu, id usu appetere disputationi definitiones. Duis inani discere at vis. Posse semper ullamcorper quo ex. Doming repudiandae mel id, sit delenit atomorum posidonium ex. Nec mandamus scripserit at, cu nam impedit volutpat, ea usu harum putant.</p>\r\n\r\n<p>Vim ei accusata quaestio posidonium, ad sed diceret detraxit. Convenire persequeris sed an, ex principes corrumpit cum. Quodsi maluisset gubergren at sit, sit possim graecis deserunt id. Te pri elit splendide instructior, unum viderer mea at. Ex ocurreret constituto per.</p>', 'Подбор персонала', 'Подбор персонала', 'Подбор персонала', 'Подбор персонала'),
(70, 'ru', 'Аутсорсинг', '<p>Lorem ipsum dolor sit amet, eius ornatus no mea. Tempor alienum ne usu, nihil molestiae eum an, cu prompta delicata expetenda duo. Ut vix vide impetus, an duo elit delicata praesent. Solet iracundia mei in, ea nulla electram eos, ne sea mediocrem contentiones. Dolore graeco eam ea, erat denique vis et, no mel populo signiferumque.</p>\r\n\r\n<p>Pri cu legere virtute laboramus, ipsum euripidis mea ea, cu sea nibh veri. Cu pri dicta mandamus voluptatibus, pri congue dicunt adipiscing cu. Ut dicit molestie sadipscing nam. Sed euismod tibique te, ei probo simul vix, civibus consectetuer usu ea. Eu mundi graecis nam, perfecto pertinacia no eos.</p>\r\n\r\n<p>Sea tation corrumpit ex, vim labore persecuti an. Vis quem wisi indoctum et, ne vel tantas nullam diceret. Qui ex clita nemore, per quas liberavisse ne. Usu tantas verear accusam ut. Id erat habeo erant pri, tation postea mea at, pri everti scripserit interesset cu.</p>\r\n\r\n<p>Vero doctus has cu, eum option vivendo ad. Eam an case prima timeam, illud fugit ex eum. Meis quaestio in vim, vim vide voluptatibus eu, id usu appetere disputationi definitiones. Duis inani discere at vis. Posse semper ullamcorper quo ex. Doming repudiandae mel id, sit delenit atomorum posidonium ex. Nec mandamus scripserit at, cu nam impedit volutpat, ea usu harum putant.</p>\r\n\r\n<p>Vim ei accusata quaestio posidonium, ad sed diceret detraxit. Convenire persequeris sed an, ex principes corrumpit cum. Quodsi maluisset gubergren at sit, sit possim graecis deserunt id. Te pri elit splendide instructior, unum viderer mea at. Ex ocurreret constituto per.</p>', 'Аутсорсинг', 'Аутсорсинг', 'Аутсорсинг', 'Аутсорсинг'),
(71, 'ru', 'Лизинг персонала', '<p>Lorem ipsum dolor sit amet, eius ornatus no mea. Tempor alienum ne usu, nihil molestiae eum an, cu prompta delicata expetenda duo. Ut vix vide impetus, an duo elit delicata praesent. Solet iracundia mei in, ea nulla electram eos, ne sea mediocrem contentiones. Dolore graeco eam ea, erat denique vis et, no mel populo signiferumque.</p>\r\n\r\n<p>Pri cu legere virtute laboramus, ipsum euripidis mea ea, cu sea nibh veri. Cu pri dicta mandamus voluptatibus, pri congue dicunt adipiscing cu. Ut dicit molestie sadipscing nam. Sed euismod tibique te, ei probo simul vix, civibus consectetuer usu ea. Eu mundi graecis nam, perfecto pertinacia no eos.</p>\r\n\r\n<p>Sea tation corrumpit ex, vim labore persecuti an. Vis quem wisi indoctum et, ne vel tantas nullam diceret. Qui ex clita nemore, per quas liberavisse ne. Usu tantas verear accusam ut. Id erat habeo erant pri, tation postea mea at, pri everti scripserit interesset cu.</p>\r\n\r\n<p>Vero doctus has cu, eum option vivendo ad. Eam an case prima timeam, illud fugit ex eum. Meis quaestio in vim, vim vide voluptatibus eu, id usu appetere disputationi definitiones. Duis inani discere at vis. Posse semper ullamcorper quo ex. Doming repudiandae mel id, sit delenit atomorum posidonium ex. Nec mandamus scripserit at, cu nam impedit volutpat, ea usu harum putant.</p>\r\n\r\n<p>Vim ei accusata quaestio posidonium, ad sed diceret detraxit. Convenire persequeris sed an, ex principes corrumpit cum. Quodsi maluisset gubergren at sit, sit possim graecis deserunt id. Te pri elit splendide instructior, unum viderer mea at. Ex ocurreret constituto per.</p>', 'Лизинг персонала', 'Лизинг персонала', 'Лизинг персонала', 'Лизинг персонала');

-- --------------------------------------------------------

--
-- Структура таблицы `representation`
--

DROP TABLE IF EXISTS `representation`;
CREATE TABLE IF NOT EXISTS `representation` (
  `representation_id` int(11) NOT NULL AUTO_INCREMENT,
  `name` varchar(1024) NOT NULL,
  `city` varchar(1024) NOT NULL,
  `address` text NOT NULL,
  `phone` varchar(255) NOT NULL,
  `email` varchar(255) DEFAULT NULL,
  `url` varchar(255) DEFAULT NULL,
  `work_time` varchar(1024) DEFAULT NULL,
  `thumbnail` varchar(255) DEFAULT NULL,
  `preview` varchar(255) DEFAULT NULL,
  `image` varchar(255) DEFAULT NULL,
  `longitude` varchar(128) NOT NULL,
  `latitude` varchar(128) NOT NULL,
  `status` int(11) NOT NULL DEFAULT '1',
  `sort_order` int(11) NOT NULL,
  PRIMARY KEY (`representation_id`)
) ENGINE=MyISAM  DEFAULT CHARSET=utf8 AUTO_INCREMENT=2 ;

--
-- Дамп данных таблицы `representation`
--

INSERT INTO `representation` (`representation_id`, `name`, `city`, `address`, `phone`, `email`, `url`, `work_time`, `thumbnail`, `preview`, `image`, `longitude`, `latitude`, `status`, `sort_order`) VALUES
(1, 'name', 'city', 'address', '+34534534', 'amey@i.ua', '', '', NULL, NULL, NULL, '35', '45', 1, 1);

-- --------------------------------------------------------

--
-- Структура таблицы `representation_translation`
--

DROP TABLE IF EXISTS `representation_translation`;
CREATE TABLE IF NOT EXISTS `representation_translation` (
  `representation_translation_id` int(11) NOT NULL AUTO_INCREMENT,
  `representation_id` int(11) NOT NULL,
  `language_code` varchar(2) NOT NULL,
  `name` varchar(1024) NOT NULL,
  `city` varchar(1024) NOT NULL,
  `address` text NOT NULL,
  `phone` varchar(255) NOT NULL,
  `email` varchar(255) DEFAULT NULL,
  `url` varchar(255) DEFAULT NULL,
  `work_time` varchar(1024) DEFAULT NULL,
  PRIMARY KEY (`representation_translation_id`)
) ENGINE=MyISAM DEFAULT CHARSET=utf8 AUTO_INCREMENT=1 ;

-- --------------------------------------------------------

--
-- Структура таблицы `session`
--

DROP TABLE IF EXISTS `session`;
CREATE TABLE IF NOT EXISTS `session` (
  `session_id` char(32) NOT NULL,
  `save_path` varchar(128) NOT NULL,
  `name` varchar(32) NOT NULL DEFAULT '',
  `modified` int(11) DEFAULT NULL,
  `lifetime` int(11) DEFAULT NULL,
  `session_data` text,
  `user_id` int(11) DEFAULT NULL,
  PRIMARY KEY (`session_id`,`save_path`,`name`),
  UNIQUE KEY `user_id_2` (`user_id`),
  KEY `user_id` (`user_id`)
) ENGINE=MyISAM DEFAULT CHARSET=utf8;

--
-- Дамп данных таблицы `session`
--

INSERT INTO `session` (`session_id`, `save_path`, `name`, `modified`, `lifetime`, `session_data`, `user_id`) VALUES
('7qbv73j15kaa8r1d2foj7n6l95', 'D:\\web\\art-cms.local\\application/../data/sessions', 'PHPSESSID', 1378985196, 864000, 'ARTCMF_Controller_Plugin_Currency|a:1:{s:8:"currency";s:3:"UAH";}Catalog_Model_Cart|a:3:{s:5:"items";a:0:{}s:8:"shipping";i:0;s:8:"discount";i:0;}Zend_Auth|a:1:{s:7:"storage";O:23:"User_Resource_User_Item":1:{s:7:"\0*\0_row";O:17:"Zend_Db_Table_Row":6:{s:14:"\0*\0_tableClass";s:18:"User_Resource_User";s:11:"\0*\0_primary";a:1:{i:1;s:7:"user_id";}s:8:"\0*\0_data";a:26:{s:7:"user_id";s:1:"3";s:9:"firstname";s:12:"Виктор";s:14:"patronymicname";s:16:"Петрович";s:8:"lastname";s:18:"Старанчук";s:6:"gender";s:1:"1";s:5:"email";s:18:"vtipok89@gmail.com";s:8:"username";N;s:6:"passwd";s:40:"50c572ab73436d473b884dab818fbfd062befcdf";s:4:"salt";s:32:"b5194437587639e3fcd60972d9949fce";s:17:"confirmation_hash";s:0:"";s:11:"forgot_hash";s:0:"";s:4:"role";s:4:"Root";s:8:"group_id";s:1:"0";s:6:"status";s:1:"1";s:16:"date_of_birthday";s:19:"1989-03-22 00:00:00";s:7:"country";s:14:"Україна";s:7:"address";s:22:"Хмельницкий";s:4:"city";s:22:"Хмельницкий";s:7:"zipcode";s:5:"29000";s:9:"telephone";s:0:"";s:11:"mobilephone";s:13:"+380989789064";s:12:"subscription";s:1:"1";s:10:"updated_at";s:19:"2013-04-02 11:29:19";s:10:"created_at";s:19:"2012-12-03 11:17:06";s:5:"notes";N;s:5:"ncard";N;}s:13:"\0*\0_cleanData";a:26:{s:7:"user_id";s:1:"3";s:9:"firstname";s:12:"Виктор";s:14:"patronymicname";s:16:"Петрович";s:8:"lastname";s:18:"Старанчук";s:6:"gender";s:1:"1";s:5:"email";s:18:"vtipok89@gmail.com";s:8:"username";N;s:6:"passwd";s:40:"50c572ab73436d473b884dab818fbfd062befcdf";s:4:"salt";s:32:"b5194437587639e3fcd60972d9949fce";s:17:"confirmation_hash";s:0:"";s:11:"forgot_hash";s:0:"";s:4:"role";s:4:"Root";s:8:"group_id";s:1:"0";s:6:"status";s:1:"1";s:16:"date_of_birthday";s:19:"1989-03-22 00:00:00";s:7:"country";s:14:"Україна";s:7:"address";s:22:"Хмельницкий";s:4:"city";s:22:"Хмельницкий";s:7:"zipcode";s:5:"29000";s:9:"telephone";s:0:"";s:11:"mobilephone";s:13:"+380989789064";s:12:"subscription";s:1:"1";s:10:"updated_at";s:19:"2013-04-02 11:29:19";s:10:"created_at";s:19:"2012-12-03 11:17:06";s:5:"notes";N;s:5:"ncard";N;}s:12:"\0*\0_readOnly";b:0;s:18:"\0*\0_modifiedFields";a:0:{}}}}', 3),
('t28k4bk1f92l7leov4lv75fkp7', 'C:\\xampp\\htdocs\\test-project-09_12\\application/../data/sessions', 'PHPSESSID', 1379335885, 864000, 'Zend_Auth|a:1:{s:7:"storage";O:23:"User_Resource_User_Item":1:{s:7:"\0*\0_row";O:17:"Zend_Db_Table_Row":6:{s:14:"\0*\0_tableClass";s:18:"User_Resource_User";s:11:"\0*\0_primary";a:1:{i:1;s:7:"user_id";}s:8:"\0*\0_data";a:26:{s:7:"user_id";s:1:"8";s:9:"firstname";s:14:"Дмитрий";s:14:"patronymicname";N;s:8:"lastname";s:12:"Ткачук";s:6:"gender";s:1:"1";s:5:"email";s:17:"tkachuk_dima@i.ua";s:8:"username";N;s:6:"passwd";s:40:"d449c1463c27a5333d180ea5eac9f393bff8b8c1";s:4:"salt";s:32:"3b83bf321dd0696d75a1838e3606e376";s:17:"confirmation_hash";s:0:"";s:11:"forgot_hash";s:0:"";s:4:"role";s:4:"Root";s:8:"group_id";s:1:"0";s:6:"status";s:1:"1";s:16:"date_of_birthday";s:19:"0000-00-00 00:00:00";s:7:"country";N;s:7:"address";s:0:"";s:4:"city";s:0:"";s:7:"zipcode";s:0:"";s:9:"telephone";s:0:"";s:11:"mobilephone";s:0:"";s:12:"subscription";s:1:"0";s:10:"updated_at";s:19:"2013-09-14 20:09:11";s:10:"created_at";s:19:"0000-00-00 00:00:00";s:5:"notes";s:0:"";s:5:"ncard";s:0:"";}s:13:"\0*\0_cleanData";a:26:{s:7:"user_id";s:1:"8";s:9:"firstname";s:14:"Дмитрий";s:14:"patronymicname";N;s:8:"lastname";s:12:"Ткачук";s:6:"gender";s:1:"1";s:5:"email";s:17:"tkachuk_dima@i.ua";s:8:"username";N;s:6:"passwd";s:40:"d449c1463c27a5333d180ea5eac9f393bff8b8c1";s:4:"salt";s:32:"3b83bf321dd0696d75a1838e3606e376";s:17:"confirmation_hash";s:0:"";s:11:"forgot_hash";s:0:"";s:4:"role";s:4:"Root";s:8:"group_id";s:1:"0";s:6:"status";s:1:"1";s:16:"date_of_birthday";s:19:"0000-00-00 00:00:00";s:7:"country";N;s:7:"address";s:0:"";s:4:"city";s:0:"";s:7:"zipcode";s:0:"";s:9:"telephone";s:0:"";s:11:"mobilephone";s:0:"";s:12:"subscription";s:1:"0";s:10:"updated_at";s:19:"2013-09-14 20:09:11";s:10:"created_at";s:19:"0000-00-00 00:00:00";s:5:"notes";s:0:"";s:5:"ncard";s:0:"";}s:12:"\0*\0_readOnly";b:0;s:18:"\0*\0_modifiedFields";a:0:{}}}}', 8),
('g718gp6so539dfbl4o2o3bka51', 'C:\\xampp\\htdocs\\test-project-09_12\\application/../data/sessions', 'PHPSESSID', 1379280108, 864000, '', NULL);

-- --------------------------------------------------------

--
-- Структура таблицы `setting`
--

DROP TABLE IF EXISTS `setting`;
CREATE TABLE IF NOT EXISTS `setting` (
  `setting_id` int(11) NOT NULL AUTO_INCREMENT,
  `email_to` varchar(255) NOT NULL,
  `email_from` varchar(255) NOT NULL,
  `email_reply_to` varchar(255) NOT NULL,
  `watermark` varchar(255) NOT NULL,
  `tracking_code` text,
  PRIMARY KEY (`setting_id`)
) ENGINE=MyISAM  DEFAULT CHARSET=utf8 AUTO_INCREMENT=2 ;

--
-- Дамп данных таблицы `setting`
--

INSERT INTO `setting` (`setting_id`, `email_to`, `email_from`, `email_reply_to`, `watermark`, `tracking_code`) VALUES
(1, 'office@site.com', 'office@site.com', 'office@site.com', '', '');

-- --------------------------------------------------------

--
-- Структура таблицы `settings`
--

DROP TABLE IF EXISTS `settings`;
CREATE TABLE IF NOT EXISTS `settings` (
  `setting_id` int(11) NOT NULL AUTO_INCREMENT,
  `key` varchar(64) NOT NULL,
  `value` text,
  `module` varchar(16) NOT NULL DEFAULT 'default',
  `setting_type` enum('input','textarea','checkbox') DEFAULT NULL,
  PRIMARY KEY (`setting_id`),
  UNIQUE KEY `key` (`key`,`module`)
) ENGINE=MyISAM  DEFAULT CHARSET=utf8 AUTO_INCREMENT=53 ;

--
-- Дамп данных таблицы `settings`
--

INSERT INTO `settings` (`setting_id`, `key`, `value`, `module`, `setting_type`) VALUES
(1, 'newest_on_main', '5;15', 'catalog', 'input'),
(2, 'hit_on_main', '5;15', 'catalog', 'input'),
(3, 'special_on_main', '5;15', 'catalog', 'input'),
(4, 'site_name', '', 'default', NULL),
(5, 'site_slogan', '', 'default', NULL),
(6, 'meta_description', '', 'default', NULL),
(7, 'meta_keywords', '', 'default', NULL),
(8, 'email_to', 'info@info.com', 'default', NULL),
(9, 'email_from', 'info@info.com', 'default', NULL),
(10, 'reply_to', 'info@info.com', 'default', NULL),
(11, 'watermark', '', 'default', NULL),
(12, 'tracking_code', '', 'default', NULL),
(13, 'payment_privat24_url', '', 'payment', NULL),
(14, 'payment_privat24_merchant', '', 'payment', NULL),
(15, 'payment_privat24_password', '', 'payment', NULL),
(16, 'public_email', 'public@info.com', 'default', NULL),
(17, 'site_name_ru', 'GoProf', 'default', NULL),
(18, 'site_slogan_ru', 'Работайте с профи.', 'default', NULL),
(19, 'copyright_ru', 'Copyright 1', 'default', NULL),
(20, 'count_row_album', '2', 'gallery', NULL),
(21, 'count_row_photo', '10', 'gallery', NULL),
(22, 'city_ru', 'Сибирь 12/1', 'default', NULL),
(23, 'address_ru', 'Калифорния 34 офис 5', 'default', NULL),
(24, 'phone_code', '234', 'default', NULL),
(25, 'phone_number', '456-45-34', 'default', NULL),
(26, 'fax_code', '346', 'default', NULL),
(27, 'fax_number', '678-34-23', 'default', NULL),
(28, 'phone2_code', '874', 'default', NULL),
(29, 'phone2_number', '345-23-64', 'default', NULL),
(30, 'skype', 'serdelko', 'default', NULL),
(31, 'work_time_ru', 'с 12 до 13', 'default', NULL),
(32, 'weekend_ru', 'вх, сб', 'default', NULL),
(33, 'count_row_category', '2', 'catalog', NULL),
(34, 'count_row_munufacturer', '3', 'catalog', NULL),
(35, 'city_ru', 'г.Нижний Новгород', 'contact', NULL),
(36, 'address_ru', 'Ул.Белинского, кругленькая башенка', 'contact', NULL),
(37, 'city_en', '#', 'contact', NULL),
(38, 'address_en', '#', 'contact', NULL),
(39, 'phone_code', '+7 (915)', 'contact', NULL),
(40, 'phone_number', '345-67-00', 'contact', NULL),
(41, 'fax_code', '#', 'contact', NULL),
(42, 'fax_number', '#', 'contact', NULL),
(43, 'phone2_code', '#', 'contact', NULL),
(44, 'phone2_number', '#', 'contact', NULL),
(45, 'skype', '#', 'contact', NULL),
(46, 'work_time_ru', '#', 'contact', NULL),
(47, 'weekend_ru', '#', 'contact', NULL),
(48, 'work_time_en', '#', 'contact', NULL),
(49, 'weekend_en', '#', 'contact', NULL),
(50, 'site_name_en', '#', 'default', NULL),
(51, 'site_slogan_en', '#', 'default', NULL),
(52, 'copyright_en', '#', 'default', NULL);

-- --------------------------------------------------------

--
-- Структура таблицы `setting_image_resize`
--

DROP TABLE IF EXISTS `setting_image_resize`;
CREATE TABLE IF NOT EXISTS `setting_image_resize` (
  `setting_image_resize_id` int(11) NOT NULL AUTO_INCREMENT,
  `name` varchar(255) NOT NULL,
  `ident` varchar(32) NOT NULL,
  `height_thumbnail` int(11) NOT NULL,
  `width_thumbnail` int(11) NOT NULL,
  `strategy_thumbnail_id` int(11) NOT NULL,
  `height_preview` int(11) NOT NULL,
  `width_preview` int(11) NOT NULL,
  `strategy_preview_id` int(11) NOT NULL,
  `height_detail` int(11) NOT NULL,
  `width_detail` int(11) NOT NULL,
  `strategy_detail_id` int(11) NOT NULL,
  `height_full` int(11) NOT NULL,
  `width_full` int(11) NOT NULL,
  `strategy_full_id` int(11) NOT NULL,
  PRIMARY KEY (`setting_image_resize_id`)
) ENGINE=MyISAM  DEFAULT CHARSET=utf8 AUTO_INCREMENT=27 ;

--
-- Дамп данных таблицы `setting_image_resize`
--

INSERT INTO `setting_image_resize` (`setting_image_resize_id`, `name`, `ident`, `height_thumbnail`, `width_thumbnail`, `strategy_thumbnail_id`, `height_preview`, `width_preview`, `strategy_preview_id`, `height_detail`, `width_detail`, `strategy_detail_id`, `height_full`, `width_full`, `strategy_full_id`) VALUES
(1, 'Каталог / категория', 'catalog_category', 189, 189, 1, 362, 315, 1, 0, 0, 3, 600, 600, 2),
(2, 'Каталог / продукт / основное', 'catalog_product_main', 77, 106, 3, 147, 218, 3, 230, 377, 3, 700, 900, 2),
(3, 'Каталог / продукт / дополнительное', 'catalog_product_additional', 77, 106, 3, 147, 218, 3, 474, 474, 3, 700, 900, 2),
(4, 'Публикации', 'publication', 100, 300, 1, 77, 81, 1, 231, 231, 1, 700, 900, 2),
(7, 'Галерея / альбом', 'gallery_album', 158, 158, 1, 200, 200, 1, 0, 0, 0, 700, 900, 2),
(8, 'Галерея / изобрaжение', 'gallery_photo', 158, 158, 1, 200, 200, 1, 0, 0, 0, 700, 900, 2),
(9, 'Слайдер', 'slider', 46, 200, 2, 46, 200, 2, 0, 0, 1, 250, 400, 2),
(10, 'Представители', 'representation', 75, 100, 1, 75, 100, 1, 0, 0, 0, 75, 100, 1),
(11, 'Контакты / схема проезда', 'contact_map', 60, 140, 1, 300, 705, 1, 0, 0, 1, 700, 900, 2),
(12, 'Страницы', 'page', 172, 172, 1, 271, 271, 1, 300, 300, 1, 700, 900, 2),
(16, 'Баннеры', 'banner', 60, 100, 2, 60, 100, 2, 0, 0, 1, 280, 200, 2),
(17, 'Магазин / Производитель', 'catalog_manufacturer', 50, 300, 2, 50, 300, 2, 0, 0, 2, 50, 300, 2),
(18, 'Пункт меню', 'menuItem', 188, 188, 2, 0, 0, 1, 0, 0, 1, 0, 0, 1),
(19, 'Файлы', 'file', 136, 95, 1, 252, 175, 1, 252, 175, 2, 1024, 723, 2),
(21, 'Каталог / продукт / технологии', 'catalog_product_technology', 138, 138, 3, 215, 215, 3, 474, 474, 3, 700, 900, 2),
(22, 'Магазин / категория', 'catalog_category', 156, 184, 3, 142, 216, 3, 230, 377, 3, 600, 900, 2),
(23, 'Магазин / продукт / основное', 'catalog_product_main', 77, 106, 3, 147, 218, 3, 254, 377, 3, 570, 850, 2),
(24, 'Магазин / продукт / дополнительное', 'catalog_product_additional', 60, 86, 3, 215, 215, 3, 474, 474, 3, 570, 850, 2),
(25, 'Storage', 'storage', 100, 100, 1, 200, 200, 1, 300, 300, 2, 500, 500, 2);

-- --------------------------------------------------------

--
-- Структура таблицы `setting_image_resize_strategy`
--

DROP TABLE IF EXISTS `setting_image_resize_strategy`;
CREATE TABLE IF NOT EXISTS `setting_image_resize_strategy` (
  `setting_image_resize_strategy_id` int(11) NOT NULL AUTO_INCREMENT,
  `ident` varchar(32) NOT NULL,
  `name` varchar(64) NOT NULL,
  `description` varchar(255) NOT NULL,
  `preview_image` varchar(32) NOT NULL,
  PRIMARY KEY (`setting_image_resize_strategy_id`)
) ENGINE=MyISAM  DEFAULT CHARSET=utf8 AUTO_INCREMENT=5 ;

--
-- Дамп данных таблицы `setting_image_resize_strategy`
--

INSERT INTO `setting_image_resize_strategy` (`setting_image_resize_strategy_id`, `ident`, `name`, `description`, `preview_image`) VALUES
(1, 'Crop', 'Обрезка', 'Стратегия для изменения размера изображения таким образом, что ее наименьшим край вписывается в кадр. Остальное обрезается.', ''),
(2, 'Fit', 'Изменения размера', 'Стратегия для изменения размера изображения путем подбора контента в заданных размерах.', ''),
(3, 'FitFill', 'Встраивание', 'Стратегия для изменения размера изображения таким образом, что оно полностью вписывается в кадр. Остальное пространство заливается цветом.', ''),
(4, 'FitStrain', 'Деформация', 'Стратегия для изменения размера без учета пропорций.', '');

-- --------------------------------------------------------

--
-- Структура таблицы `setting_translation`
--

DROP TABLE IF EXISTS `setting_translation`;
CREATE TABLE IF NOT EXISTS `setting_translation` (
  `setting_id` int(11) NOT NULL,
  `language_code` varchar(2) NOT NULL,
  `site_name` varchar(255) NOT NULL,
  `site_slogan` varchar(255) NOT NULL,
  `meta_description` text NOT NULL,
  `meta_keywords` text NOT NULL,
  PRIMARY KEY (`setting_id`,`language_code`)
) ENGINE=MyISAM DEFAULT CHARSET=utf8;

--
-- Дамп данных таблицы `setting_translation`
--

INSERT INTO `setting_translation` (`setting_id`, `language_code`, `site_name`, `site_slogan`, `meta_description`, `meta_keywords`) VALUES
(1, 'ru', 'Интернет магазин "Velox"', 'Velox, интернет магазин velox  ,  ВЕЛОСИПЕДЫ, ВЕЛОАКСЕССУАРЫ, ВЕЛОЗАПЧАСТИ, СПОРТТОВАРЫ, ОТДЫХ И ТУРИЗМ', 'Velox, интернет магазин velox  ,  ВЕЛОСИПЕДЫ, ВЕЛОАКСЕССУАРЫ, ВЕЛОЗАПЧАСТИ, СПОРТТОВАРЫ, ОТДЫХ И ТУРИЗМ', 'Velox, интернет магазин velox  ,  ВЕЛОСИПЕДЫ, ВЕЛОАКСЕССУАРЫ, ВЕЛОЗАПЧАСТИ, СПОРТТОВАРЫ, ОТДЫХ И ТУРИЗМ');

-- --------------------------------------------------------

--
-- Структура таблицы `shop_discount`
--

DROP TABLE IF EXISTS `shop_discount`;
CREATE TABLE IF NOT EXISTS `shop_discount` (
  `discount_id` int(11) NOT NULL AUTO_INCREMENT,
  `discount_name` varchar(255) DEFAULT NULL,
  `sum_from` decimal(10,2) DEFAULT '0.00',
  `sum_to` decimal(10,2) DEFAULT '0.00',
  `discount` decimal(4,2) DEFAULT '0.00',
  PRIMARY KEY (`discount_id`)
) ENGINE=MyISAM  DEFAULT CHARSET=utf8 AUTO_INCREMENT=8 ;

--
-- Дамп данных таблицы `shop_discount`
--

INSERT INTO `shop_discount` (`discount_id`, `discount_name`, `sum_from`, `sum_to`, `discount`) VALUES
(1, 'От 100 до 1000', 100.00, 999.00, 1.00),
(2, 'От 1000 до 2000', 1000.00, 1999.00, 2.00),
(3, 'От 2000 до 5000', 2000.00, 4999.00, 3.00),
(4, 'От 5000 до 10000', 5000.00, 9999.00, 5.00),
(5, 'От 10 000 до 25 000', 10000.00, 24999.00, 7.00),
(6, 'От 25 000 до 40 000', 25000.00, 39000.00, 9.00),
(7, 'От 40 000', 40000.00, NULL, 10.00);

-- --------------------------------------------------------

--
-- Структура таблицы `slider`
--

DROP TABLE IF EXISTS `slider`;
CREATE TABLE IF NOT EXISTS `slider` (
  `slider_id` int(11) NOT NULL AUTO_INCREMENT,
  `thumbnail` varchar(255) NOT NULL,
  `preview` varchar(255) NOT NULL,
  `full` varchar(255) NOT NULL,
  `sort_order` int(11) NOT NULL,
  `status` int(11) NOT NULL,
  `author_id` int(11) NOT NULL,
  `last_edit_id` int(11) NOT NULL,
  PRIMARY KEY (`slider_id`)
) ENGINE=MyISAM  DEFAULT CHARSET=utf8 AUTO_INCREMENT=25 ;

--
-- Дамп данных таблицы `slider`
--

INSERT INTO `slider` (`slider_id`, `thumbnail`, `preview`, `full`, `sort_order`, `status`, `author_id`, `last_edit_id`) VALUES
(20, 'slider-image-20-200x46.jpg', 'slider-image-20-200x46.jpg', 'slider-image-20-400x250.jpg', 2, 1, 8, 8),
(12, 'slider-image-12-200x46.jpg', 'slider-image-12-200x46.jpg', 'slider-image-12-400x250.jpg', 1, 1, 0, 8),
(21, 'slider-image-21-200x46.jpg', 'slider-image-21-200x46.jpg', 'slider-image-21-400x250.jpg', 3, 1, 8, 8),
(22, 'slider-image-22-200x46.jpg', 'slider-image-22-200x46.jpg', 'slider-image-22-400x250.jpg', 4, 1, 8, 8),
(23, 'slider-image-23-200x46.jpg', 'slider-image-23-200x46.jpg', 'slider-image-23-400x250.jpg', 5, 1, 8, 8),
(24, 'slider-image-24-200x46.jpg', 'slider-image-24-200x46.jpg', 'slider-image-24-400x250.jpg', 6, 1, 8, 8);

-- --------------------------------------------------------

--
-- Структура таблицы `slider_group`
--

DROP TABLE IF EXISTS `slider_group`;
CREATE TABLE IF NOT EXISTS `slider_group` (
  `slider_group_id` int(11) NOT NULL AUTO_INCREMENT,
  `slider_id` int(11) NOT NULL,
  `module_id` int(11) NOT NULL,
  PRIMARY KEY (`slider_group_id`)
) ENGINE=MyISAM  DEFAULT CHARSET=utf8 AUTO_INCREMENT=8 ;

-- --------------------------------------------------------

--
-- Структура таблицы `slider_translation`
--

DROP TABLE IF EXISTS `slider_translation`;
CREATE TABLE IF NOT EXISTS `slider_translation` (
  `slider_id` int(11) NOT NULL,
  `language_code` varchar(2) NOT NULL,
  `url` varchar(255) NOT NULL,
  `title` varchar(255) NOT NULL,
  `description` varchar(1024) NOT NULL,
  PRIMARY KEY (`slider_id`,`language_code`)
) ENGINE=MyISAM DEFAULT CHARSET=utf8;

--
-- Дамп данных таблицы `slider_translation`
--

INSERT INTO `slider_translation` (`slider_id`, `language_code`, `url`, `title`, `description`) VALUES
(20, 'ru', '/', 'Почему мы?', 'Почему мы?'),
(12, 'ru', '/', 'Кто мы?', 'слайдер 1 описание'),
(12, 'en', '/', 'slider 1', 'slider 1 description'),
(20, 'en', '/', '#', '#'),
(21, 'ru', '/', 'Как это работает?', 'Как это работает?'),
(21, 'en', '#', '#', '#'),
(22, 'ru', '/', 'Наши приемущества', 'Наши приемущества'),
(22, 'en', '#', '#', '#'),
(23, 'ru', '/', 'Что уже сделано?', 'Что уже сделано?'),
(23, 'en', '#', '#', '#'),
(24, 'ru', '/', 'Наши клиенты', 'Наши клиенты'),
(24, 'en', '#', '#', '#');

-- --------------------------------------------------------

--
-- Структура таблицы `statistics_locations`
--

DROP TABLE IF EXISTS `statistics_locations`;
CREATE TABLE IF NOT EXISTS `statistics_locations` (
  `name` varchar(255) NOT NULL,
  `type` enum('country','city') NOT NULL,
  `visits` int(11) DEFAULT '0',
  PRIMARY KEY (`name`,`type`)
) ENGINE=MyISAM DEFAULT CHARSET=utf8;

--
-- Дамп данных таблицы `statistics_locations`
--

INSERT INTO `statistics_locations` (`name`, `type`, `visits`) VALUES
('Donetsk', 'city', 226),
('(not set)', 'city', 256),
('Belarus', 'country', 31),
('Moldova', 'country', 41),
('Ivano-Frankivsk', 'city', 260),
('Zaporizhzhya', 'city', 281),
('Odesa', 'city', 526),
('Dnipropetrovs''k', 'city', 461),
('(not set)', 'country', 219),
('Lviv', 'city', 665),
('Russia', 'country', 221),
('Ukraine', 'country', 9747),
('Khmel''nyts''kyi', 'city', 617),
('Kharkiv', 'city', 778),
('Kiev', 'city', 2645);

-- --------------------------------------------------------

--
-- Структура таблицы `statistics_settings`
--

DROP TABLE IF EXISTS `statistics_settings`;
CREATE TABLE IF NOT EXISTS `statistics_settings` (
  `setting_id` int(11) NOT NULL AUTO_INCREMENT,
  `user` varchar(255) NOT NULL,
  `password` varchar(255) NOT NULL,
  `report_id` int(11) NOT NULL,
  PRIMARY KEY (`setting_id`)
) ENGINE=MyISAM  DEFAULT CHARSET=utf8 AUTO_INCREMENT=2 ;

--
-- Дамп данных таблицы `statistics_settings`
--

INSERT INTO `statistics_settings` (`setting_id`, `user`, `password`, `report_id`) VALUES
(1, 'office.artcreative@gmail.com', 'some_pass', 46227705);

-- --------------------------------------------------------

--
-- Структура таблицы `statistics_visitors`
--

DROP TABLE IF EXISTS `statistics_visitors`;
CREATE TABLE IF NOT EXISTS `statistics_visitors` (
  `date` timestamp NOT NULL DEFAULT CURRENT_TIMESTAMP ON UPDATE CURRENT_TIMESTAMP,
  `type` enum('year','month3') NOT NULL,
  `visitors` int(11) DEFAULT '0',
  `visits` int(11) DEFAULT '0',
  `pageviews` int(11) DEFAULT '0',
  PRIMARY KEY (`date`,`type`)
) ENGINE=MyISAM DEFAULT CHARSET=utf8;

--
-- Дамп данных таблицы `statistics_visitors`
--

INSERT INTO `statistics_visitors` (`date`, `type`, `visitors`, `visits`, `pageviews`) VALUES
('2013-04-30 12:00:00', 'year', 6347, 0, 75809),
('2013-03-31 12:00:00', 'year', 5030, 0, 58440),
('2013-02-28 16:00:00', 'year', 4290, 0, 52984),
('2013-01-31 16:00:00', 'year', 3264, 0, 41190),
('2012-12-31 16:00:00', 'year', 2939, 0, 40216),
('2012-11-30 16:00:00', 'year', 2436, 0, 27746),
('2012-10-31 16:00:00', 'year', 2736, 0, 34471),
('2012-09-30 12:00:00', 'year', 3488, 0, 45007),
('2012-08-31 12:00:00', 'year', 3904, 0, 57846),
('2012-07-31 12:00:00', 'year', 4593, 0, 69389),
('2012-06-30 12:00:00', 'year', 4888, 0, 81062),
('2012-05-31 12:00:00', 'year', 1552, 0, 23956),
('2013-06-21 12:00:00', 'month3', 174, 209, 1122),
('2013-06-20 12:00:00', 'month3', 211, 259, 1412),
('2013-06-19 12:00:00', 'month3', 234, 286, 1295),
('2013-06-18 12:00:00', 'month3', 226, 269, 1414),
('2013-06-17 12:00:00', 'month3', 226, 285, 1302),
('2013-06-16 12:00:00', 'month3', 276, 330, 1325),
('2013-06-15 12:00:00', 'month3', 246, 293, 1473),
('2013-06-14 12:00:00', 'month3', 225, 282, 1343),
('2013-06-13 12:00:00', 'month3', 251, 297, 1401),
('2013-06-12 12:00:00', 'month3', 283, 353, 1676),
('2013-06-11 12:00:00', 'month3', 282, 360, 1818),
('2013-06-10 12:00:00', 'month3', 297, 345, 1592),
('2013-06-09 12:00:00', 'month3', 301, 369, 1305),
('2013-06-08 12:00:00', 'month3', 234, 277, 1361),
('2013-06-07 12:00:00', 'month3', 198, 227, 1104),
('2013-06-06 12:00:00', 'month3', 230, 293, 1451),
('2013-06-05 12:00:00', 'month3', 306, 362, 1838),
('2013-06-04 12:00:00', 'month3', 267, 326, 1493),
('2013-06-03 12:00:00', 'month3', 287, 344, 1518),
('2013-06-02 12:00:00', 'month3', 298, 375, 1539),
('2013-06-01 12:00:00', 'month3', 260, 319, 1710),
('2013-05-31 12:00:00', 'month3', 242, 294, 1516),
('2013-05-30 12:00:00', 'month3', 259, 314, 1402),
('2013-05-29 12:00:00', 'month3', 287, 353, 1546),
('2013-05-28 12:00:00', 'month3', 291, 353, 1815),
('2013-05-27 12:00:00', 'month3', 321, 399, 2037),
('2013-05-26 12:00:00', 'month3', 334, 423, 2273),
('2013-05-25 12:00:00', 'month3', 318, 399, 2880),
('2013-05-24 12:00:00', 'month3', 248, 310, 1745),
('2013-05-23 12:00:00', 'month3', 265, 355, 1975),
('2013-05-22 12:00:00', 'month3', 315, 392, 2199),
('2013-05-21 12:00:00', 'month3', 305, 410, 2130),
('2013-05-20 12:00:00', 'month3', 345, 450, 2843),
('2013-05-19 12:00:00', 'month3', 384, 504, 2904),
('2013-05-18 12:00:00', 'month3', 303, 384, 3173),
('2013-05-17 12:00:00', 'month3', 298, 376, 2600),
('2013-05-16 12:00:00', 'month3', 291, 369, 2658),
('2013-05-15 12:00:00', 'month3', 325, 430, 3135),
('2013-05-14 12:00:00', 'month3', 320, 410, 3322),
('2013-05-13 12:00:00', 'month3', 298, 367, 2445),
('2013-05-12 12:00:00', 'month3', 366, 442, 2818),
('2013-05-11 12:00:00', 'month3', 276, 343, 2344),
('2013-05-10 12:00:00', 'month3', 302, 363, 2608),
('2013-05-09 12:00:00', 'month3', 270, 326, 2557),
('2013-05-08 12:00:00', 'month3', 255, 300, 2715),
('2013-05-07 12:00:00', 'month3', 301, 369, 2377),
('2013-05-06 12:00:00', 'month3', 293, 358, 2195),
('2013-05-05 12:00:00', 'month3', 305, 381, 2989),
('2013-05-04 12:00:00', 'month3', 267, 328, 2387),
('2013-05-03 12:00:00', 'month3', 240, 289, 2499),
('2013-05-02 12:00:00', 'month3', 253, 303, 2312),
('2013-05-01 12:00:00', 'month3', 258, 320, 2556),
('2013-04-30 12:00:00', 'month3', 218, 280, 2370),
('2013-04-29 12:00:00', 'month3', 268, 326, 2510),
('2013-04-28 12:00:00', 'month3', 274, 321, 2279),
('2013-04-27 12:00:00', 'month3', 268, 326, 2795),
('2013-04-26 12:00:00', 'month3', 249, 302, 2359),
('2013-04-25 12:00:00', 'month3', 273, 340, 2472),
('2013-04-24 12:00:00', 'month3', 261, 316, 2134),
('2013-04-23 12:00:00', 'month3', 253, 302, 3000),
('2013-04-22 12:00:00', 'month3', 20, 22, 73),
('2013-04-21 12:00:00', 'month3', 274, 329, 2055),
('2013-04-20 12:00:00', 'month3', 270, 324, 2381),
('2013-04-19 12:00:00', 'month3', 240, 283, 2098),
('2013-04-18 12:00:00', 'month3', 241, 296, 2251),
('2013-04-17 12:00:00', 'month3', 271, 327, 2327),
('2013-04-16 12:00:00', 'month3', 235, 277, 1809),
('2013-04-15 12:00:00', 'month3', 220, 264, 1822),
('2013-04-14 12:00:00', 'month3', 272, 340, 2447),
('2013-04-13 12:00:00', 'month3', 233, 283, 2067),
('2013-04-12 12:00:00', 'month3', 192, 240, 1502),
('2013-04-11 12:00:00', 'month3', 205, 264, 1494),
('2013-04-10 12:00:00', 'month3', 241, 300, 1904),
('2013-04-09 12:00:00', 'month3', 253, 308, 2044),
('2013-04-08 12:00:00', 'month3', 224, 270, 1819),
('2013-04-07 12:00:00', 'month3', 228, 263, 1635),
('2013-04-06 12:00:00', 'month3', 215, 263, 2050),
('2013-04-05 12:00:00', 'month3', 200, 247, 1555),
('2013-04-04 12:00:00', 'month3', 192, 235, 1346),
('2013-04-03 12:00:00', 'month3', 210, 266, 1401),
('2013-04-02 12:00:00', 'month3', 230, 284, 1511),
('2013-04-01 12:00:00', 'month3', 237, 290, 1698),
('2013-03-31 12:00:00', 'month3', 210, 271, 1602),
('2013-03-30 16:00:00', 'month3', 193, 241, 1704),
('2013-03-29 16:00:00', 'month3', 205, 239, 1424),
('2013-03-28 16:00:00', 'month3', 201, 244, 1394),
('2013-03-27 16:00:00', 'month3', 171, 207, 1079),
('2013-03-26 16:00:00', 'month3', 192, 254, 1634),
('2013-03-25 16:00:00', 'month3', 196, 256, 1400),
('2013-03-24 16:00:00', 'month3', 220, 270, 1582),
('2013-03-23 16:00:00', 'month3', 185, 249, 1614),
('2013-03-22 16:00:00', 'month3', 212, 255, 1508),
('2013-03-21 16:00:00', 'month3', 199, 251, 1616);

-- --------------------------------------------------------

--
-- Структура таблицы `storage_images`
--

DROP TABLE IF EXISTS `storage_images`;
CREATE TABLE IF NOT EXISTS `storage_images` (
  `image_id` int(11) NOT NULL AUTO_INCREMENT,
  `title` varchar(1024) NOT NULL DEFAULT '',
  `path` varchar(512) DEFAULT NULL,
  `original` varchar(512) DEFAULT NULL,
  `full` varchar(512) DEFAULT NULL,
  `detail` varchar(512) DEFAULT NULL,
  `preview` varchar(512) DEFAULT NULL,
  `thumbnail` varchar(512) DEFAULT NULL,
  `updated_at` timestamp NOT NULL DEFAULT CURRENT_TIMESTAMP,
  `created_at` timestamp NOT NULL DEFAULT '0000-00-00 00:00:00',
  `align` int(1) NOT NULL,
  `embeded` int(1) NOT NULL DEFAULT '0',
  `shortcode` varchar(200) NOT NULL,
  PRIMARY KEY (`image_id`)
) ENGINE=MyISAM  DEFAULT CHARSET=utf8 AUTO_INCREMENT=35 ;

--
-- Дамп данных таблицы `storage_images`
--

INSERT INTO `storage_images` (`image_id`, `title`, `path`, `original`, `full`, `detail`, `preview`, `thumbnail`, `updated_at`, `created_at`, `align`, `embeded`, `shortcode`) VALUES
(1, 'Chrysanthemum.jpg', '/images/storage/2013/07/10/1', 'Chrysanthemum.jpg', 'Chrysanthemum-1-500x500.jpg', 'Chrysanthemum-1-300x300.jpg', 'Chrysanthemum-1-200x200.jpg', 'Chrysanthemum-1-100x100.jpg', '2013-07-10 09:48:24', '2013-07-10 09:48:24', 0, 0, '{$code-1}'),
(2, 'Tulips.jpg', '/images/storage/2013/07/10/2', 'Tulips.jpg', 'Tulips-2-500x500.jpg', 'Tulips-2-300x300.jpg', 'Tulips-2-200x200.jpg', 'Tulips-2-100x100.jpg', '2013-07-10 09:48:24', '2013-07-10 09:48:24', 0, 0, '{$code-2}'),
(3, 'Koala.jpg', '/images/storage/2013/07/10/3', 'Koala.jpg', 'Koala-3-500x500.jpg', 'Koala-3-300x300.jpg', 'Koala-3-200x200.jpg', 'Koala-3-100x100.jpg', '2013-07-10 09:59:45', '2013-07-10 09:59:45', 0, 1, '{$code-3}'),
(5, 'Hydrangeas.jpg', '/images/storage/2013/07/10/5', 'Hydrangeas.jpg', 'Hydrangeas-5-500x500.jpg', 'Hydrangeas-5-300x300.jpg', 'Hydrangeas-5-200x200.jpg', 'Hydrangeas-5-100x100.jpg', '2013-07-10 11:17:14', '2013-07-10 11:17:14', 0, 1, '{$code-5}'),
(31, 'img21.jpg', '/images/storage/2013/09/14/31', 'img21.jpg', 'img21-31-500x500.jpg', 'img21-31-300x300.jpg', 'img21-31-81x77.jpg', 'img21-31-100x100.jpg', '2013-09-14 12:19:50', '2013-09-14 12:19:49', 1, 1, '{$code-31}'),
(32, '3.jpg', '/images/storage/2013/09/14/32', '3.jpg', '3-32-500x500.jpg', '3-32-231x231.jpg', '3-32-81x77.jpg', '3-32-300x100.jpg', '2013-09-14 13:39:34', '2013-09-14 13:39:33', 1, 1, '{$code-32}'),
(33, '10.jpg', '/images/storage/2013/09/14/33', '10.jpg', '10-33-500x500.jpg', '10-33-231x231.jpg', '10-33-81x77.jpg', '10-33-300x100.jpg', '2013-09-14 19:18:22', '2013-09-14 19:18:22', 1, 1, '{$code-33}'),
(9, 'Jellyfish.jpg', '/images/storage/2013/07/10/9', 'Jellyfish.jpg', 'Jellyfish-9-500x500.jpg', 'Jellyfish-9-300x300.jpg', 'Jellyfish-9-200x200.jpg', 'Jellyfish-9-100x100.jpg', '2013-07-10 11:23:59', '2013-07-10 11:23:59', 0, 0, '{$code-9}'),
(34, '4.jpg', '/images/storage/2013/09/14/34', '4.jpg', '4-34-500x500.jpg', '4-34-231x231.jpg', '4-34-81x77.jpg', '4-34-300x100.jpg', '2013-09-14 20:57:56', '2013-09-14 20:57:56', 1, 1, '{$code-34}'),
(14, 'Chrysanthemum.jpg', '/images/storage/2013/07/15/14', 'Chrysanthemum.jpg', 'Chrysanthemum-14-500x500.jpg', 'Chrysanthemum-14-300x300.jpg', 'Chrysanthemum-14-200x200.jpg', 'Chrysanthemum-14-100x100.jpg', '2013-07-15 13:14:32', '2013-07-15 13:14:32', 2, 0, '{$code-14}'),
(13, 'Penguins.jpg', '/images/storage/2013/07/10/13', 'Penguins.jpg', 'Penguins-13-500x500.jpg', 'Penguins-13-300x300.jpg', 'Penguins-13-200x200.jpg', 'Penguins-13-100x100.jpg', '2013-07-10 11:31:16', '2013-07-10 11:31:16', 0, 0, '{$code-13}'),
(15, 'Desert.jpg', '/images/storage/2013/07/15/15', 'Desert.jpg', 'Desert-15-500x500.jpg', 'Desert-15-300x300.jpg', 'Desert-15-200x200.jpg', 'Desert-15-100x100.jpg', '2013-07-15 13:18:56', '2013-07-15 13:18:56', 0, 0, '{$code-15}'),
(16, 'Lighthouse.jpg', '/images/storage/2013/07/15/16', 'Lighthouse.jpg', 'Lighthouse-16-500x500.jpg', 'Lighthouse-16-300x300.jpg', 'Lighthouse-16-200x200.jpg', 'Lighthouse-16-100x100.jpg', '2013-07-15 13:32:09', '2013-07-15 13:32:09', 0, 0, '{$code-16}'),
(17, 'Hydrangeas.jpg', '/images/storage/2013/07/15/17', 'Hydrangeas.jpg', 'Hydrangeas-17-500x500.jpg', 'Hydrangeas-17-300x300.jpg', 'Hydrangeas-17-200x200.jpg', 'Hydrangeas-17-100x100.jpg', '2013-07-15 13:33:24', '2013-07-15 13:33:24', 0, 1, '{$code-17}'),
(18, 'Hydrangeas.jpg', '/images/storage/2013/07/15/18', 'Hydrangeas.jpg', 'Hydrangeas-18-500x500.jpg', 'Hydrangeas-18-300x300.jpg', 'Hydrangeas-18-200x200.jpg', 'Hydrangeas-18-100x100.jpg', '2013-07-15 13:40:46', '2013-07-15 13:40:46', 0, 1, '{$code-18}'),
(19, 'Jellyfish.jpg', '/images/storage/2013/07/15/19', 'Jellyfish.jpg', 'Jellyfish-19-500x500.jpg', 'Jellyfish-19-300x300.jpg', 'Jellyfish-19-200x200.jpg', 'Jellyfish-19-100x100.jpg', '2013-07-15 13:40:46', '2013-07-15 13:40:46', 0, 1, '{$code-19}'),
(25, 'img01.png', '/images/storage/2013/09/12/25', 'img01.png', 'img01-25-500x500.png', 'img01-25-300x300.png', 'img01-25-200x200.png', 'img01-25-100x100.png', '2013-09-12 10:53:28', '2013-09-12 10:53:28', 0, 1, '{$code-25}'),
(26, 'bprod01.jpg', '/images/storage/2013/09/12/26', 'bprod01.jpg', 'bprod01-26-500x500.jpg', 'bprod01-26-300x300.jpg', 'bprod01-26-200x200.jpg', 'bprod01-26-100x100.jpg', '2013-09-12 10:53:28', '2013-09-12 10:53:28', 0, 1, '{$code-26}'),
(27, '1.jpg', '/images/storage/2013/09/13/27', '1.jpg', '1-27-500x500.jpg', '1-27-100x300.jpg', '1-27-300x150.jpg', '1-27-300x100.jpg', '2013-09-13 19:43:32', '2013-09-13 19:43:32', 0, 1, '{$code-27}'),
(28, 'dark-red.jpg', '/images/storage/2013/09/14/28', 'dark-red.jpg', 'dark-red-28-500x500.jpg', 'dark-red-28-300x300.jpg', 'dark-red-28-200x200.jpg', 'dark-red-28-100x100.jpg', '2013-09-14 10:13:51', '2013-09-14 10:13:50', 1, 1, '{$code-28}'),
(29, '11.jpg', '/images/storage/2013/09/14/29', '11.jpg', '11-29-500x500.jpg', '11-29-300x300.jpg', '11-29-200x200.jpg', '11-29-100x100.jpg', '2013-09-14 10:17:20', '2013-09-14 10:17:20', 1, 0, '{$code-29}'),
(30, '7-bliss.jpg', '/images/storage/2013/09/14/30', '7-bliss.jpg', '7-bliss-30-500x500.jpg', '7-bliss-30-231x231.jpg', '7-bliss-30-81x77.jpg', '7-bliss-30-300x100.jpg', '2013-09-14 10:20:05', '2013-09-14 10:20:04', 0, 1, '{$code-30}');

-- --------------------------------------------------------

--
-- Структура таблицы `storage_images_relations`
--

DROP TABLE IF EXISTS `storage_images_relations`;
CREATE TABLE IF NOT EXISTS `storage_images_relations` (
  `image_id` int(11) NOT NULL,
  `key` varchar(16) CHARACTER SET utf8 NOT NULL,
  `id` int(11) NOT NULL,
  `main` int(1) NOT NULL DEFAULT '0',
  PRIMARY KEY (`image_id`,`key`,`id`)
) ENGINE=MyISAM DEFAULT CHARSET=latin1;

--
-- Дамп данных таблицы `storage_images_relations`
--

INSERT INTO `storage_images_relations` (`image_id`, `key`, `id`, `main`) VALUES
(3, 'publication', 41, 0),
(5, 'publication', 41, 0),
(32, 'publication', 13, 1),
(31, 'publication', 42, 1),
(17, 'catalog', 2261, 0),
(19, 'catalog', 2260, 0),
(18, 'catalog', 2260, 0),
(26, 'publication', 44, 0),
(25, 'publication', 44, 1),
(0, 'publication', 49, 0),
(30, 'publication', 38, 1),
(33, 'publication', 10, 1),
(34, 'publication', 3, 1);

-- --------------------------------------------------------

--
-- Структура таблицы `storage_images_translation`
--

DROP TABLE IF EXISTS `storage_images_translation`;
CREATE TABLE IF NOT EXISTS `storage_images_translation` (
  `image_id` int(11) NOT NULL,
  `language_code` varchar(2) NOT NULL,
  `title` varchar(255) NOT NULL,
  `alt` varchar(255) DEFAULT NULL,
  PRIMARY KEY (`image_id`,`language_code`)
) ENGINE=MyISAM DEFAULT CHARSET=utf8;

--
-- Дамп данных таблицы `storage_images_translation`
--

INSERT INTO `storage_images_translation` (`image_id`, `language_code`, `title`, `alt`) VALUES
(1, 'ru', 'Chrysanthemum.jpg', 'Chrysanthemum.jpg'),
(1, 'en', 'Chrysanthemum.jpg', 'Chrysanthemum.jpg'),
(2, 'ru', 'Tulips.jpg', 'Tulips.jpg'),
(2, 'en', 'Tulips.jpg', 'Tulips.jpg'),
(3, 'ru', 'Koala.jpg', 'Koala.jpg'),
(3, 'en', 'Koala.jpg', 'Koala.jpg'),
(15, 'ru', 'Desert.jpg', 'Desert.jpg'),
(5, 'ru', 'ewrwerwerwer', 'werwerwerwerwer'),
(32, 'ru', '3.jpg', '3.jpg'),
(5, 'en', 'Hydrangeas.jpg', 'Hydrangeas.jpg'),
(14, 'en', 'Chrysanthemum.jpg', 'Chrysanthemum.jpg'),
(31, 'en', 'img21.jpg', 'img21.jpg'),
(9, 'ru', 'Jellyfish.jpg', 'Jellyfish.jpg'),
(9, 'en', 'Jellyfish.jpg', 'Jellyfish.jpg'),
(14, 'ru', 'Chrysanthemum.jpg', 'Chrysanthemum.jpg'),
(33, 'ru', '10.jpg', '10.jpg'),
(32, 'en', '3.jpg', '3.jpg'),
(31, 'ru', 'img21.jpg', 'img21.jpg'),
(13, 'ru', 'Penguins.jpg', 'Penguins.jpg'),
(13, 'en', 'Penguins.jpg', 'Penguins.jpg'),
(15, 'en', 'Desert.jpg', 'Desert.jpg'),
(16, 'ru', 'Lighthouse.jpg', 'Lighthouse.jpg'),
(16, 'en', 'Lighthouse.jpg', 'Lighthouse.jpg'),
(17, 'ru', 'Hydrangeas.jpg', 'Hydrangeas.jpg'),
(17, 'en', 'Hydrangeas.jpg', 'Hydrangeas.jpg'),
(19, 'ru', '22222222222', 'Jellyfish.jpg'),
(18, 'ru', '1111111111', 'Hydrangeas.jpg'),
(19, 'en', 'Jellyfish.jpg', 'Jellyfish.jpg'),
(18, 'en', 'Hydrangeas.jpg', 'Hydrangeas.jpg'),
(25, 'ru', 'img01.png', 'img01.png'),
(25, 'en', 'img01.png', 'img01.png'),
(26, 'ru', 'bprod01.jpg', 'bprod01.jpg'),
(26, 'en', 'bprod01.jpg', 'bprod01.jpg'),
(27, 'ru', '7', '7'),
(27, 'en', '1.jpg', '1.jpg'),
(28, 'ru', 'йцу', 'йцу'),
(28, 'en', 'dark-red.jpg', 'dark-red.jpg'),
(29, 'ru', '11.jpg', '11.jpg'),
(29, 'en', '11.jpg', '11.jpg'),
(30, 'ru', '7-bliss.jpg', '7-bliss.jpg'),
(30, 'en', '7-bliss.jpg', '7-bliss.jpg'),
(33, 'en', '10.jpg', '10.jpg'),
(34, 'ru', '4.jpg', '4.jpg'),
(34, 'en', '4.jpg', '4.jpg');

-- --------------------------------------------------------

--
-- Структура таблицы `subscriptions`
--

DROP TABLE IF EXISTS `subscriptions`;
CREATE TABLE IF NOT EXISTS `subscriptions` (
  `subscription_id` int(11) NOT NULL AUTO_INCREMENT COMMENT 'идентификатор',
  `name` varchar(255) NOT NULL COMMENT 'название',
  `description` varchar(1024) NOT NULL,
  `type` enum('regular','disposable') NOT NULL,
  `cost` decimal(9,2) NOT NULL COMMENT 'стоимость за period',
  `period` smallint(6) NOT NULL COMMENT 'период (месяц)',
  `subscribers` int(11) NOT NULL,
  PRIMARY KEY (`subscription_id`)
) ENGINE=MyISAM  DEFAULT CHARSET=utf8 AUTO_INCREMENT=5 ;

--
-- Дамп данных таблицы `subscriptions`
--

INSERT INTO `subscriptions` (`subscription_id`, `name`, `description`, `type`, `cost`, `period`, `subscribers`) VALUES
(1, 'Обучение', 'Доступ к видео роликам', 'disposable', 250.00, 1, 5),
(2, 'Торговый терминал', 'Доступ к Торговому терминалу', 'regular', 50.00, 1, 1);

-- --------------------------------------------------------

--
-- Структура таблицы `subscriptions_users`
--

DROP TABLE IF EXISTS `subscriptions_users`;
CREATE TABLE IF NOT EXISTS `subscriptions_users` (
  `subscription_id` int(11) NOT NULL,
  `user_id` int(11) NOT NULL,
  `date_start` timestamp NOT NULL DEFAULT CURRENT_TIMESTAMP ON UPDATE CURRENT_TIMESTAMP,
  `date_end` timestamp NOT NULL DEFAULT '0000-00-00 00:00:00',
  `notified` tinyint(4) NOT NULL DEFAULT '0',
  PRIMARY KEY (`subscription_id`,`user_id`)
) ENGINE=MyISAM DEFAULT CHARSET=utf8;

--
-- Дамп данных таблицы `subscriptions_users`
--

INSERT INTO `subscriptions_users` (`subscription_id`, `user_id`, `date_start`, `date_end`, `notified`) VALUES
(3, 1, '2012-05-30 19:59:16', '2012-08-28 22:27:11', 1),
(2, 1, '2012-05-30 03:22:44', '2012-06-29 03:22:44', 0);

-- --------------------------------------------------------

--
-- Структура таблицы `user`
--

DROP TABLE IF EXISTS `user`;
CREATE TABLE IF NOT EXISTS `user` (
  `user_id` int(10) unsigned NOT NULL AUTO_INCREMENT,
  `firstname` varchar(128) NOT NULL,
  `patronymicname` varchar(128) DEFAULT NULL,
  `lastname` varchar(128) DEFAULT NULL,
  `gender` tinyint(4) NOT NULL,
  `email` varchar(128) DEFAULT NULL,
  `username` varchar(255) DEFAULT NULL,
  `passwd` char(40) NOT NULL,
  `salt` char(32) NOT NULL,
  `confirmation_hash` varchar(32) NOT NULL,
  `forgot_hash` char(32) NOT NULL,
  `role` varchar(100) NOT NULL DEFAULT 'Member',
  `group_id` int(11) DEFAULT '0',
  `status` tinyint(1) NOT NULL DEFAULT '0',
  `date_of_birthday` datetime NOT NULL,
  `country` varchar(128) DEFAULT NULL,
  `address` varchar(1024) NOT NULL,
  `city` varchar(255) NOT NULL,
  `zipcode` varchar(16) NOT NULL,
  `telephone` varchar(32) NOT NULL,
  `mobilephone` varchar(32) NOT NULL,
  `subscription` tinyint(4) NOT NULL DEFAULT '0',
  `updated_at` timestamp NOT NULL DEFAULT CURRENT_TIMESTAMP ON UPDATE CURRENT_TIMESTAMP,
  `created_at` timestamp NOT NULL DEFAULT '0000-00-00 00:00:00',
  `notes` text,
  `ncard` varchar(200) DEFAULT NULL,
  PRIMARY KEY (`user_id`),
  KEY `email_pass` (`email`,`passwd`),
  KEY `email` (`email`)
) ENGINE=MyISAM  DEFAULT CHARSET=utf8 AUTO_INCREMENT=9 ;

--
-- Дамп данных таблицы `user`
--

INSERT INTO `user` (`user_id`, `firstname`, `patronymicname`, `lastname`, `gender`, `email`, `username`, `passwd`, `salt`, `confirmation_hash`, `forgot_hash`, `role`, `group_id`, `status`, `date_of_birthday`, `country`, `address`, `city`, `zipcode`, `telephone`, `mobilephone`, `subscription`, `updated_at`, `created_at`, `notes`, `ncard`) VALUES
(1, 'Andrew', NULL, 'Mae', 1, 'amey@i.ua', NULL, '8b90ed5a21aaad4a603fe4065a58d9efe9e3a05c', '85cf3f5ac2c1caf2a78f1f51f79990fa', '', '', 'Root', 0, 1, '0000-00-00 00:00:00', '', 'Адрес', 'Город', '', '', '', 1, '2013-04-02 08:28:36', '2012-07-01 20:23:49', NULL, NULL),
(2, 'Андрей', NULL, 'Шайда', 0, 'shayda.andrey@gmail.com', NULL, '21a50de6601c8f63b2a3f8db300d2dfdb9c45e2b', '2de7b51589582489e4769d87dd925924', '', '4074384831a709f00e127240f1eadb5b', 'Root', 0, 1, '0000-00-00 00:00:00', '0', '', '', '', '', '', 0, '2013-04-02 08:28:36', '0000-00-00 00:00:00', NULL, NULL),
(6, 'Менеджер', NULL, 'Сайта', 0, 'demo@site.com', NULL, 'a3fbf4bd85d227a9d1da5a7507e2c63e0d460cb7', 'ef236a5830128c472697cf97272c1a53', '', '', 'Manager', 0, 1, '1970-01-01 03:00:00', '0', 'Адрес', 'Город', '', '000', '', 1, '2013-04-02 08:29:13', '0000-00-00 00:00:00', NULL, NULL),
(7, 'Редактор', NULL, '', 0, 'redactor@site.com', NULL, '94cc640587e6957d1de99c1d5f68be111e5118f6', '5c3cadd7890e8ef9c09242249945f8d0', '', '', 'Redactor', 0, 1, '0000-00-00 00:00:00', '0', '', '', '', '', '', 0, '2013-04-02 08:29:09', '0000-00-00 00:00:00', NULL, NULL),
(3, 'Виктор', 'Петрович', 'Старанчук', 1, 'vtipok89@gmail.com', NULL, '50c572ab73436d473b884dab818fbfd062befcdf', 'b5194437587639e3fcd60972d9949fce', '', '', 'Root', 0, 1, '1989-03-22 00:00:00', 'Україна', 'Хмельницкий', 'Хмельницкий', '29000', '', '+380989789064', 1, '2013-04-02 08:29:19', '2012-12-03 09:17:06', NULL, NULL),
(5, 'Администратор', NULL, 'Сайта', 0, 'admin@site.com', NULL, 'a3fbf4bd85d227a9d1da5a7507e2c63e0d460cb7', 'ef236a5830128c472697cf97272c1a53', '', '', 'Admin', 0, 1, '1970-01-01 03:00:00', '0', 'Адрес', 'Город', '', '000', '', 1, '2013-04-02 08:29:13', '0000-00-00 00:00:00', NULL, NULL),
(8, 'Дмитрий', NULL, 'Ткачук', 1, 'tkachuk_dima@i.ua', NULL, 'd449c1463c27a5333d180ea5eac9f393bff8b8c1', '3b83bf321dd0696d75a1838e3606e376', '', '', 'Root', 0, 1, '0000-00-00 00:00:00', NULL, '', '', '', '', '', 0, '2013-09-14 17:09:11', '0000-00-00 00:00:00', '', '');

-- --------------------------------------------------------

--
-- Структура таблицы `user_group`
--

DROP TABLE IF EXISTS `user_group`;
CREATE TABLE IF NOT EXISTS `user_group` (
  `group_id` int(11) NOT NULL AUTO_INCREMENT,
  `color` varchar(32) NOT NULL,
  PRIMARY KEY (`group_id`)
) ENGINE=MyISAM  DEFAULT CHARSET=utf8 AUTO_INCREMENT=3 ;

--
-- Дамп данных таблицы `user_group`
--

INSERT INTO `user_group` (`group_id`, `color`) VALUES
(1, '#eeeeee'),
(2, '#dddddd');

-- --------------------------------------------------------

--
-- Структура таблицы `user_group_translation`
--

DROP TABLE IF EXISTS `user_group_translation`;
CREATE TABLE IF NOT EXISTS `user_group_translation` (
  `group_id` int(11) NOT NULL,
  `language_code` varchar(2) NOT NULL,
  `name` varchar(255) NOT NULL,
  `description` text NOT NULL,
  PRIMARY KEY (`group_id`,`language_code`)
) ENGINE=MyISAM DEFAULT CHARSET=utf8;

--
-- Дамп данных таблицы `user_group_translation`
--

INSERT INTO `user_group_translation` (`group_id`, `language_code`, `name`, `description`) VALUES
(1, 'ru', 'Группа 1', 'Описание группы 1'),
(2, 'ru', 'Группа 2', 'Описание группы 2');

-- --------------------------------------------------------

--
-- Структура таблицы `user_socials`
--

DROP TABLE IF EXISTS `user_socials`;
CREATE TABLE IF NOT EXISTS `user_socials` (
  `user_id` int(11) NOT NULL,
  `social_id` varchar(64) NOT NULL,
  `type` varchar(32) NOT NULL,
  `username` varchar(255) DEFAULT NULL,
  PRIMARY KEY (`user_id`,`social_id`,`type`)
) ENGINE=MyISAM DEFAULT CHARSET=utf8;

--
-- Дамп данных таблицы `user_socials`
--

INSERT INTO `user_socials` (`user_id`, `social_id`, `type`, `username`) VALUES
(12, '61687591', 'vkontakte', ''),
(11, '1848865103', 'facebook', 'maeandrew');

/*!40101 SET CHARACTER_SET_CLIENT=@OLD_CHARACTER_SET_CLIENT */;
/*!40101 SET CHARACTER_SET_RESULTS=@OLD_CHARACTER_SET_RESULTS */;
/*!40101 SET COLLATION_CONNECTION=@OLD_COLLATION_CONNECTION */;
